company,title,location,description,url,date_collected
IMC,2026 Chess Academy Australia & New Zealand - Expression of Interest,APAC,"<p><strong>Presented by IMC and Team Liquid</strong></p>
<p>What if your next chess move took you to Sydney to play the world champion?</p>
<p>The Chess Academy Australia and New Zealand is a one-of-a-kind program open to all students across Australia and New Zealand colleges and universities, whether you're a seasoned competitor or just love the game. In partnership with Team Liquid, IMC is bringing together the brightest student chess players in the country for a chance to qualify through an online Swiss-format tournament on Chess.com and, if you advance, travel to Sydney to compete in the championship finals against the best student players in the country.</p>
<p>This is more than a chess tournament. It's an opportunity to step inside one of the world's leading trading firms, connect with IMC's traders, researchers and technologists, and experience what it's like to think fast, compete hard, and perform under pressure — skills that define both great chess players and the people who thrive at the world's top trading firms.</p>
<p><strong>What You'll Do</strong></p>
<ul>
<li><strong>Compete at the highest level:&nbsp;</strong>Compete in an online Swiss-format qualifying tournament on Chess.com and play for one of the sports that advance to the championship finals in Sydney.&nbsp;</li>
<li><strong>Play Magnus Carlsen:</strong> All finalists take part in a showmatch experience with the World Chess Champion, a once-in-a-lifetime opportunity to sit across the board from one of the greatest players in history</li>
<li><strong>Learn from the best:</strong> Finalists will take part in an exclusive masterclass led by Magnus and Grandmaster Robert Hess, an opportunity to hear how two of the world's elite players think about the game</li>
<li><strong>Go behind the scenes at IMC:</strong> Tour IMC's Sydney office and get a firsthand look at the environment where some of the world's fastest and most sophisticated trading takes place.</li>
<li><strong>Build your network: </strong>Connect directly with IMC traders, researchers, technologists, and recruiters. Whether or not a career in trading is on your radar, this is a rare chance to meet and learn from world-class professions</li>
</ul>
<p><strong>Key Dates</strong></p>
<ul>
<li>Applications Close: Sunday November 1st 2026</li>
<li>Eligibility Notifications: Wednesday November 4th 2026</li>
<li>Virtual Qualifiers: Monday 9th November, Tuesday 10th November, Wednesday 11th November 2026</li>
<li>Championship at IMC Sydney: Wednesday 9th December 2026</li>
</ul>
<p><strong>What You'll Need</strong></p>
<ul>
<li>Currently enrolled as a full-time undergraduate or postgraduate student at an Australian or New Zealand college or university</li>
<li>Participants enrolled at a university in New Zealand must also hold New Zealand citizenship</li>
<li>18 years of age or older</li>
<li>A valid Chess.com account</li>
<li>Available to compete in the virtual qualifiers during the week of the 9, 10 or 11th November 2026</li>
<li>Available to travel to Sydney for the finals on 9th December 2026</li>
<li>Open to all majors and academic backgrounds — all skill levels welcome</li>
</ul>
<p><strong>Ready to Apply?</strong></p>
<p>Applications are open to all enrolled students regardless of chess rating or experience level. If you love the game and want to test yourself against the best, we want to hear from you.</p>
<p><strong>Apply by Sunday November 1st 2026.</strong></p><div class=""content-conclusion""><p><strong>About Us</strong></p>
<p><em>IMC is a research-driven trading firm where quantitative modeling, machine learning, and engineering shape how modern markets are traded. A stabilizing force in markets since 1989, we provide liquidity across trading venues, delivering the best outcome in value and risk management to investors. Using our own technology and capital, we build proprietary systems and algorithms that operate across global markets. Our researchers, traders, and engineers work as a collective, combining rapid experimentation, advanced infrastructure, and real-time feedback to turn insight into execution and execution into advantage.</em></p>
<p>&nbsp;</p></div>",https://job-boards.eu.greenhouse.io/imc/jobs/4979079101,2026-09-24
IMC,2027 EU Campus Programme Talent Community,Europe,"<p><strong>Join Our Talent Community</strong></p>
<p><em>One place to stay on our radar</em></p>
<p>Whether you see your future in quant research, trading, or technology - or you're still keeping an open mind - our range of insight programmes gives you the chance to experience what it's really like to work at the cutting edge of financial markets. From hands-on interactive sessions to trading simulations and coding challenges, you'll get a real taste of life at one of the world's leading trading firms.</p>
<p>Not sure yet which programme is the right fit for you? Tell us a bit about yourself and the areas that interest you, and we'll keep you in mind for the right opportunity down the line. The dates of the programmes are as follows:</p>
<ul>
<li>Women in Trading &amp; Technology 23-25 March</li>
<li>Launchpad 20-22 April</li>
<li>Accelerate 11-13 May</li>
</ul>
<p>We'll let you know as soon as applications open, and keep you updated with news from across our European offices.&nbsp;</p>
<p>Joining the talent community isn't an application - it's just an easy first step, and it only takes about two minutes</p>
<p>&nbsp;</p>
<p><em><strong>Please note:</strong> as these programmes only run for two days, we are unable to arrange or sponsor visas for candidates travelling to Amsterdam. If you would require a visa to attend, please be aware that we won't be able to support this.</em></p><div class=""content-conclusion""><p><strong>About Us</strong></p>
<p><em>IMC is a research-driven trading firm where quantitative modeling, machine learning, and engineering shape how modern markets are traded. A stabilizing force in markets since 1989, we provide liquidity across trading venues, delivering the best outcome in value and risk management to investors. Using our own technology and capital, we build proprietary systems and algorithms that operate across global markets. Our researchers, traders, and engineers work as a collective, combining rapid experimentation, advanced infrastructure, and real-time feedback to turn insight into execution and execution into advantage.</em></p>
<p>&nbsp;</p></div>",https://job-boards.eu.greenhouse.io/imc/jobs/4940448101,2026-09-24
IMC,2027 EU Chess Academy - Expression of Interest,Europe,"<p><strong>What if your next chess move took you to Amsterdam to play a world-class grandmaster?</strong></p>
<p>The Chess Academy Europe is a one-of-a-kind programme open to all students across universities in the EU and the UK, whether you're a seasoned competitor or just love the game. In partnership with Team Liquid, IMC is bringing together the brightest student chess players in Europe for a chance to qualify through an online Swiss-format tournament on Chess.com and, if you advance, travel to Amsterdam to compete in the championship finals against the best student players on the continent.</p>
<p>This is more than a chess tournament. It's an opportunity to step inside one of the world's leading trading firms, connect with IMC's traders, researchers and technologists, and experience what it's like to think fast, compete hard, and perform under pressure. These are the skills that define both great chess players and the people who thrive at the world's top trading firms.</p>
<p><strong>What You'll Do</strong></p>
<ul>
<li><strong>Compete at the highest level:</strong> Qualify through an online Swiss-format tournament on Chess.com and, if you advance, travel to Amsterdam to compete in the championship finals against the best student players in Europe.</li>
<li><strong>Play a world-class grandmaster:</strong> All finalists take part in a showmatch experience with an elite grandmaster — a once-in-a-lifetime opportunity to sit across the board from one of the game's best.</li>
<li><strong>Learn from the best:</strong> Finalists will take part in an exclusive masterclass led by top grandmasters, an opportunity to hear how the world's elite players think about the game.</li>
<li><strong>Go behind the scenes at IMC:</strong> Tour IMC's Amsterdam office and get a firsthand look at the environment where some of the world's fastest and most sophisticated trading takes place.</li>
<li><strong>Build your network:</strong> Connect directly with IMC traders, researchers, technologists, and recruiters. Whether or not a career in trading is on your radar, this is a rare chance to meet and learn from world-class professionals.</li>
</ul>
<p><strong>Ready to Apply?</strong></p>
<p>Applications aren't open yet — register your interest through the form below and we'll be in touch in January when applications open.</p>
<p>Open to all enrolled students regardless of chess rating or experience level, and all majors and academic backgrounds. If you love the game and want to test yourself against the best, we want to hear from you.</p><div class=""content-conclusion""><p><strong>About Us</strong></p>
<p><em>IMC is a research-driven trading firm where quantitative modeling, machine learning, and engineering shape how modern markets are traded. A stabilizing force in markets since 1989, we provide liquidity across trading venues, delivering the best outcome in value and risk management to investors. Using our own technology and capital, we build proprietary systems and algorithms that operate across global markets. Our researchers, traders, and engineers work as a collective, combining rapid experimentation, advanced infrastructure, and real-time feedback to turn insight into execution and execution into advantage.</em></p>
<p>&nbsp;</p></div>",https://job-boards.eu.greenhouse.io/imc/jobs/4981180101,2026-09-24
IMC,2027 US Chess Academy Interest Form,"Chicago, United States","<p>Are you a student interested in learning more about the 2027 US Chess Academy program? We invite you to fill out this form to share your information with us. By submitting the form, you'll be added to our prospect list so our team can reach out with details on upcoming opportunities, program updates, and how to play. We look forward to connecting with you!</p><div class=""content-conclusion""><p><strong>About Us</strong></p>
<p><em>IMC is a research-driven trading firm where quantitative modeling, machine learning, and engineering shape how modern markets are traded. A stabilizing force in markets since 1989, we provide liquidity across trading venues, delivering the best outcome in value and risk management to investors. Using our own technology and capital, we build proprietary systems and algorithms that operate across global markets. Our researchers, traders, and engineers work as a collective, combining rapid experimentation, advanced infrastructure, and real-time feedback to turn insight into execution and execution into advantage.</em></p>
<p>&nbsp;</p></div>",https://job-boards.eu.greenhouse.io/imc/jobs/4974924101,2026-09-24
IMC,Aarhus Networking event | IMC Trading ,"Aarhus, Central Denmark Region, Denmark","<p>Join us for our networking event!</p>
<p>Details: <br>May 7, 14:00 - 17:00<br>Location will be disclosed to the students that receive an invite</p>
<p>Curious about trading, technology and opportunities at IMC? Come visit our brand new Aarhus office for a tour, short introduction to what we do and a chance to meet the team. Stay for drinks, networking and free pizza!</p>
<p>Please note that we will only select 30 students for the event&nbsp;</p><div class=""content-conclusion""><p><strong>About Us</strong></p>
<p><em>IMC is a research-driven trading firm where quantitative modeling, machine learning, and engineering shape how modern markets are traded. A stabilizing force in markets since 1989, we provide liquidity across trading venues, delivering the best outcome in value and risk management to investors. Using our own technology and capital, we build proprietary systems and algorithms that operate across global markets. Our researchers, traders, and engineers work as a collective, combining rapid experimentation, advanced infrastructure, and real-time feedback to turn insight into execution and execution into advantage.</em></p>
<p>&nbsp;</p></div>",https://job-boards.eu.greenhouse.io/imc/jobs/4787218101,2026-09-24
IMC,AML/KYC Officer - Digital Assets ,"Zug, Switzerland","<p>We are looking for an experienced AML Officer to support AML/KYC activities relating to IMC’s crypto counterparties and digital asset business activities.</p>
<p>This role requires a strong understanding of AML/CTF risks associated with crypto markets, including exposure to high-risk counterparties, complex ownership structures, sanctions risk and enhanced due diligence requirements. The successful candidate must be capable of independently conducting risk assessments, challenging counterparties where necessary and applying a pragmatic, risk-based approach in a fast-moving environment.&nbsp;The role requires strong analytical judgement and the ability to independently assess and challenge complex counterparty risks in a fast-moving and evolving regulatory environment. You will combine&nbsp;analytical work with direct interaction with counterparties, front office teams and internal stakeholders.</p>
<p><strong class=""_13fp8yk6c dzswju0"">Your Core Responsibilities</strong></p>
<p><em><strong>AML/KYC Counterparty Reviews</strong></em></p>
<ul>
<li>Perform customer due diligence (CDD) and periodic reviews for crypto counterparties</li>
<li>Conduct risk-based counterparty reviews with exposure to enhanced due diligence (EDD) requirements</li>
<li>Analyze complex ownership and control structures, including offshore and layered structures where relevant</li>
<li>Assess AML/CTF and sanctions risks associated with counterparties, products and jurisdictions</li>
<li>Manage escalations relating to high-risk counterparties and onboarding matters</li>
<li>Conduct independent AML/KYC risk assessments and determine appropriate risk classifications</li>
<li>Prepare high-risk cases and escalation memos for senior stakeholder approval</li>
</ul>
<p><em><strong>Screening &amp; Risk Analysis</strong></em></p>
<ul>
<li>Conduct adverse media and sanctions screening using relevant screening tools</li>
<li>Identify and assess AML/CTF and sanctions-related red flags associated with crypto counterparties and digital asset activities</li>
<li>Review wallet-related information and blockchain intelligence outputs where applicable</li>
<li>Provide AML/CTF subject matter expertise on onboarding and counterparty risk matters</li>
</ul>
<p><em><strong>Stakeholder &amp; Counterparty Engagement</strong></em></p>
<ul>
<li>Engage directly with counterparties regarding AML/KYC requirements and documentation requests</li>
<li>Work closely with Trading, Legal, Compliance and operational teams on onboarding and risk matters</li>
<li>Provide practical AML guidance to internal stakeholders on crypto-related risks and controls</li>
<li>Governance &amp; Regulatory Support</li>
<li>Support AML/KYC enhancement initiatives and control improvements</li>
<li>Draft and maintain AML/CTF policies, procedures and guidance materials</li>
<li>Assist with internal audits, regulatory reviews and remediation actions</li>
<li>Remain current on AML/CTF regulatory developments, sanctions frameworks and industry expectations relevant to digital assets</li>
</ul>
<p><em><strong>Governance &amp; Regulatory Support</strong></em></p>
<ul>
<li>Support AML/KYC enhancement initiatives and control improvements</li>
<li>Draft and maintain AML/CTF policies, procedures and guidance materials</li>
<li>Assist with internal audits, regulatory reviews and remediation actions</li>
<li>Remain current on AML/CTF regulatory developments, sanctions frameworks and industry expectations relevant to digital assets</li>
</ul>
<p><em><strong>Key deliverables</strong></em></p>
<ul>
<li>Timely and accurate completion of CDD analyses and periodic counterparty reviews</li>
<li>Effective handling of counterparty KYC requests and communications</li>
<li>Risk-based analysis of adverse media and sanctions screening alerts</li>
<li>Reliable and well-documented AML transaction monitoring</li>
<li>Up-to-date compliance policies, procedures, and documentation</li>
</ul>
<p><strong>Your Skills and Experience:&nbsp;</strong></p>
<ul>
<li>4+ years of AML/KYC/CDD experience within crypto, trading, banking, payment institutions or other regulated financial institutions</li>
<li>Strong understanding of enhanced due diligence (EDD) requirements and risk-based AML/KYC assessments</li>
<li>Prior familiarity with AML/CTF risks and typologies relevant to digital assets and crypto markets is preferred (but not mandatory)</li>
<li>Experience conducting independent risk assessments and exercising sound judgement</li>
<li>Familiarity with crypto transaction tracing and wallet screening tools <em>is preferred</em></li>
<li>Knowledge of relevant AML/CTF legislation, including sanctions frameworks</li>
<li>Experience dealing with complex legal entity structures and institutional counterparties</li>
<li>CAMS certification preferred; crypto-related AML certifications are a plus</li>
<li>Strong analytical and investigative mindset</li>
<li>Ability to independently manage complex AML/KYC matters from onboarding through ongoing monitoring</li>
<li>Confident communicator, capable of interacting directly with counterparties and senior stakeholders</li>
<li>Pragmatic and risk-based approach to problem solving</li>
<li>Comfortable operating in a fast-paced and evolving regulatory environment</li>
<li>High level of ownership, accountability and attention to detail</li>
</ul>
<p><strong>What we offer</strong></p>
<ul>
<li>A high-impact role in a small, expert team holding significant regulatory responsibility</li>
<li>A collaborative, high-performance culture that rewards ownership and initiative</li>
<li>Exposure to AML operations across multiple jurisdictions</li>
<li>Support to obtain CAMS certification if not already held</li>
</ul><div class=""content-conclusion""><p><strong>About Us</strong></p>
<p><em>IMC is a research-driven trading firm where quantitative modeling, machine learning, and engineering shape how modern markets are traded. A stabilizing force in markets since 1989, we provide liquidity across trading venues, delivering the best outcome in value and risk management to investors. Using our own technology and capital, we build proprietary systems and algorithms that operate across global markets. Our researchers, traders, and engineers work as a collective, combining rapid experimentation, advanced infrastructure, and real-time feedback to turn insight into execution and execution into advantage.</em></p>
<p>&nbsp;</p></div>",https://job-boards.eu.greenhouse.io/imc/jobs/4895334101,2026-09-24
IMC,Business Strategist,"Mumbai, India","<p>The Business Strategist is a key hire as IMC India builds out its Business Strategy function to support the office's rapid growth ambitions over the coming years. You will join a small, high-impact team working closely with IMC's India leadership and trading desk leads, and you will report to the Head of Business Strategy and Corporate Development for India. The working environment is collaborative and non-hierarchical, and you will manage a wide range of stakeholders.</p>
<p>&nbsp;</p>
<p><strong>Your Core Responsibilities:&nbsp;</strong></p>
<ul>
<li>Contribute to and shape definition of strategic priorities to help the India team achieve its growth ambitions over the next years.
<ul>
<li>Assess attractiveness of a new opportunities based on opportunity size, competition, and internal capabilities.</li>
<li>For example: make a business case for trading a new class of products, with cost and benefits analysis and an organizational, legal and compliance set-up.</li>
</ul>
</li>
<li>Drive real business impact by supporting the execution of the defined strategic priorities
<ul>
<li>Help translate the strategy into planning.</li>
<li>Support execution of specific strategic priorities.</li>
<li>For example: build annual plans that tie to the long-term strategy with trading, tech and support teams, or develop a joint roadmap for the various teams that trade cryptocurrencies, including taking care of the synergies between the teams.</li>
</ul>
</li>
<li>Support on specific (ad hoc) strategic problems and opportunities
<ul>
<li>Detect and solve ad hoc problems in a solution-oriented way by using analytical skills.</li>
<li>Help detect (operational) bottlenecks within the organization and apply your problem-solving skills to work towards solutions.</li>
<li>Run strategy off-sites for teams.</li>
<li>For example: hold workshop to improve efficiency of central trading processes.</li>
</ul>
</li>
<li>Gather external insights, asses their implications for IMC strategy and help decide on a response
<ul>
<li>Ongoing external engagement: play a pivotal role in corporate development projects relevant to the business (e.g. identify threats, opportunities and actions for IMC, leading acquisitions, establishing partnerships, etc.).</li>
<li>Develop a perspective on industry trends/developments as well as on the competitive landscape in the secretive field of trading.</li>
<li>For example: conduct global competitive analyses into the Indian and global equity markets, make a mapping of various players, revenues, FTEs, trading styles and strategies.</li>
</ul>
</li>
</ul>
<p><em>&nbsp;</em></p>
<p><strong>Your Skills and Experience:&nbsp;</strong></p>
<ul>
<li>Experience at a top-tier consulting firm in strategy, preferably at the manager level or higher</li>
<li>Outstanding problem solving and people skills</li>
<li>Master’s degree in Physics, Mathematics or Econometrics</li>
<li>Ability to deal with organizational complexity and ambiguity</li>
<li>Capable of dealing with a large scope of and senior stakeholders</li>
<li>Likes to work in an innovative technology driven fast-paced environment, surrounded by highly educated, ambitious and collaborative colleagues</li>
<li>&nbsp;</li>
</ul><div class=""content-conclusion""><p><strong>About Us</strong></p>
<p><em>IMC is a research-driven trading firm where quantitative modeling, machine learning, and engineering shape how modern markets are traded. A stabilizing force in markets since 1989, we provide liquidity across trading venues, delivering the best outcome in value and risk management to investors. Using our own technology and capital, we build proprietary systems and algorithms that operate across global markets. Our researchers, traders, and engineers work as a collective, combining rapid experimentation, advanced infrastructure, and real-time feedback to turn insight into execution and execution into advantage.</em></p>
<p>&nbsp;</p></div>",https://job-boards.eu.greenhouse.io/imc/jobs/4983674101,2026-09-24
IMC,Chief of Staff,"Chicago, United States","<p>The Chief of Staff is a high-visibility strategic partner that leads the coordination and strategic alignment of the Desk. Acting as a connector between trading and business support teams, this person ensures that the desk runs efficiently, communicates effectively, and stays focused on both short- and long-term goals. The Chief of Staff is responsible for owning crossfunctional initiatives, building the analytical basis for desk decisions, and enhancing the team’s effectiveness through better processes and structure. This is an operating seat with direct exposure to trading leadership and a path toward broader business and operating responsibility as the desk grows.&nbsp;</p>
<p>&nbsp;</p>
<p><strong>Your Core Responsibilities:&nbsp;</strong></p>
<ul>
<li>
<div id=""page-1"" class=""_kqswh2mm _bfhku67f _18u01wug _2hwx1wug"" data-testid=""page-0"">Operate at a tactical, strategic and operational level, handling the oversight of projects that do not neatly fit within the organizational chart or that fall between departments or leadership areas of responsibility.</div>
</li>
<li>
<div id=""page-1"" class=""_kqswh2mm _bfhku67f _18u01wug _2hwx1wug"" data-testid=""page-0"">Drive cross-functional desk initiatives and buildouts from initiation through delivery, managing scope, milestones, dependencies, and escalations</div>
</li>
<li>
<div id=""page-1"" class=""_kqswh2mm _bfhku67f _18u01wug _2hwx1wug"" data-testid=""page-0"">Co-ordinate business development for the desk&nbsp;</div>
</li>
<li>
<div id=""page-1"" class=""_kqswh2mm _bfhku67f _18u01wug _2hwx1wug"" data-testid=""page-0"">Support budget planning, cost allocation reviews, and cost approval processes for the desk.</div>
</li>
<li>
<div id=""page-1"" class=""_kqswh2mm _bfhku67f _18u01wug _2hwx1wug"" data-testid=""page-0"">Support evaluation, onboarding, and ongoing management of vendors and external data providers, including cost and performance reviews.</div>
</li>
<li>
<div id=""page-1"" class=""_kqswh2mm _bfhku67f _18u01wug _2hwx1wug"" data-testid=""page-0"">Coordinate desk resourcing and staffing needs with recruiting and training teams.</div>
</li>
<li>
<div id=""page-1"" class=""_kqswh2mm _bfhku67f _18u01wug _2hwx1wug"" data-testid=""page-0"">Contribute to long-range strategic planning and cascade firm strategy into desk-level goals and deliverables.&nbsp;</div>
</li>
<li>
<div id=""page-1"" class=""_kqswh2mm _bfhku67f _18u01wug _2hwx1wug"" data-testid=""page-0"">Own goal tracking and milestones; ensure communication processes are completed when goals are achieved</div>
</li>
<li>
<div id=""page-1"" class=""_kqswh2mm _bfhku67f _18u01wug _2hwx1wug"" data-testid=""page-0"">Coordinate, and lead desk meetings and follow up on action items; including</div>
</li>
<li>
<div id=""page-1"" class=""_kqswh2mm _bfhku67f _18u01wug _2hwx1wug"" data-testid=""page-0"">Promote information flow and knowledge sharing across teams working on similar initiatives.&nbsp;</div>
</li>
<li>
<div id=""page-1"" class=""_kqswh2mm _bfhku67f _18u01wug _2hwx1wug"" data-testid=""page-0"">Serve as owner/main point of contact for all stakeholders in onboarding and transfer processes.&nbsp;</div>
</li>
<li>
<div id=""page-1"" class=""_kqswh2mm _bfhku67f _18u01wug _2hwx1wug"" data-testid=""page-0"">Drive continuous improvement of desk processes, tooling, and communication.</div>
</li>
<li>
<div id=""page-1"" class=""_kqswh2mm _bfhku67f _18u01wug _2hwx1wug"" data-testid=""page-0"">Working closely with trading leads, proactively spot opportunities to improve efficiency of desk operations.</div>
</li>
<li>
<div id=""page-1"" class=""_kqswh2mm _bfhku67f _18u01wug _2hwx1wug"" data-testid=""page-0"">Support team culture and engagement by fostering connection, recognition, and collaboration</div>
</li>
<li>
<div id=""page-1"" class=""_kqswh2mm _bfhku67f _18u01wug _2hwx1wug"" data-testid=""page-0"">Own the desk's internal communication cadence, including planning and coordinating desk celebrations, offsites, and the holiday coverage calendar</div>
</li>
<li>
<div id=""page-1"" class=""_kqswh2mm _bfhku67f _18u01wug _2hwx1wug"" data-testid=""page-0"">Perform daily reconciliation checks on PnL and support outputs; identify and flag discrepancies directly to the relevant support teams before they escalate.</div>
</li>
</ul>
<p><em>&nbsp;</em></p>
<p><strong>Your Skills and Experience:&nbsp;</strong></p>
<ul>
<li>MBA or equivalent advanced degree</li>
<li>2+ years of post-MBA experience in top-tier management consulting or a comparable structured problem-solving environment</li>
<li>Demonstrated ability to influence and align senior stakeholders across multiple levels, including executive leadership, without formal authority</li>
<li>Proven track record of owning complex, cross-functional projects and delivering results in unstructured and ambiguous environments</li>
<li>Strong knowledge of business, finance and analytics; strong quantitative skills and comfort working directly with financial and operational data</li>
<li>Proven track record of identifying and driving process improvements that enhance efficiency and communication</li>
<li>Outstanding communication and presentation skills, with the ability to craft compelling narratives and build supporting materials (decks, briefings, and reports)</li>
<li>Strong interpersonal skills and a collaborative approach to building relationships across teams and levels&nbsp;</li>
<li>Excellent organizational, verbal, analytical, and written skills with attention to detail</li>
<li>Interest in financial markets and a desire to build domain expertise in trading</li>
</ul>
<p><em>While this is a hybrid position, we expect an in-office presence in our Chicago office 4 times per week.</em></p>
<p><em>Please note that immigration sponsorship is not offered for this specific opening.</em></p>
<p><span style=""color: rgb(221, 234, 255);"">#<span data-highlighted=""true"" data-vc=""highlighted-text"">LI-DNI</span></span></p><div class=""content-pay-transparency""><div class=""pay-input""><div class=""description""><p>The Base Salary range for the role is included below. Base salary is only one component of total compensation; all full-time, permanent positions are eligible for a discretionary bonus and benefits, including paid leave and insurance.&nbsp;Please visit <a href=""https://www.imc.com/us/careers/benefits"">Benefits - US | IMC Trading</a> for more comprehensive information.</p></div><div class=""title"">Salary Range</div><div class=""pay-range""><span>$150,000</span><span class=""divider"">&mdash;</span><span>$200,000 USD</span></div></div></div><div class=""content-conclusion""><p><strong>About Us</strong></p>
<p><em>IMC is a research-driven trading firm where quantitative modeling, machine learning, and engineering shape how modern markets are traded. A stabilizing force in markets since 1989, we provide liquidity across trading venues, delivering the best outcome in value and risk management to investors. Using our own technology and capital, we build proprietary systems and algorithms that operate across global markets. Our researchers, traders, and engineers work as a collective, combining rapid experimentation, advanced infrastructure, and real-time feedback to turn insight into execution and execution into advantage.</em></p>
<p>&nbsp;</p></div>",https://job-boards.eu.greenhouse.io/imc/jobs/4986896101,2026-09-24
IMC,Commodities Analyst – China,"Hong Kong, Hong Kong; Sydney,  Australia","<p>&nbsp;</p>
<p class=""PDq2pG_selectionAnchorContainer"" data-section-id=""4g3x41"" data-start=""196"" data-end=""227"">Our Analyst team plays a vital role in supporting the trading desk’s decision-making. We are seeking a Commodities Analyst who will bridge the gap between market intelligence and trading. Working closely with traders, quantitative researchers, and technologists, the analyst will deliver real-time insights and conduct in-depth fundamental analysis to inform trading strategies.</p>
<p data-start=""609"" data-end=""939"">By synthesizing data from global markets, domestic Chinese trends, and macroeconomic indicators, the analyst will help identify opportunities, manage risk, and ensure the trading team stays ahead of market movements. This position is essential to enabling fast, accurate, and confident trading in a highly competitive environment.</p>
<p data-start=""941"" data-end=""972""><strong data-start=""941"" data-end=""972"">Your Core Responsibilities:</strong></p>
<ul data-start=""974"" data-end=""2044"">
<li data-section-id=""1rrlzfm"" data-start=""974"" data-end=""1189"">Conduct detailed fundamental, macroeconomic, and geopolitical analysis across Chinese and global commodity markets, with a focus on key markets such as oil, LNG, the petrochemical chain, base metals, and coal.</li>
<li data-section-id=""2of4s5"" data-start=""1190"" data-end=""1396"">Develop a deep understanding of commodity value chains, including supply and demand dynamics, production economics, trade flows, inventories, and the relationships between upstream and downstream markets.</li>
<li data-section-id=""96rdg9"" data-start=""1397"" data-end=""1528"">Track regulatory developments and government policy globally and within China that are relevant to commodity markets and trading.</li>
<li data-section-id=""5aq08s"" data-start=""1529"" data-end=""1648"">Identify, monitor, and evaluate upcoming catalysts and structural developments across the commodity markets we trade.</li>
<li data-section-id=""1ymuzyr"" data-start=""1649"" data-end=""1798"">Generate trading ideas based on expected volatility and market direction, working closely with the trading team to evaluate and execute strategies.</li>
<li data-section-id=""c730sn"" data-start=""1799"" data-end=""1927"">Monitor supply and demand trends, inventory levels, shipping and trade flows, policy changes, and other market-moving factors.</li>
<li data-section-id=""196cpcu"" data-start=""1928"" data-end=""2044"">Develop and maintain data models, dashboards, and research tools using Python, SQL, and other analytics platforms.</li>
</ul>
<p data-start=""2046"" data-end=""2077""><strong data-start=""2046"" data-end=""2077"">Your Skills and Experience:</strong></p>
<ul data-start=""2079"" data-end=""2830"" data-is-last-node="""" data-is-only-node="""">
<li data-section-id=""zhln83"" data-start=""2079"" data-end=""2229"">3+ years of experience in a commodities-focused analytical role within the buy-side, sell-side, consulting, trading house, or a related environment.</li>
<li data-section-id=""y84r31"" data-start=""2230"" data-end=""2344"">Bachelor’s or Master’s degree in Economics, Finance, Engineering, Data Science, or a related quantitative field.</li>
<li data-section-id=""1nebc0s"" data-start=""2345"" data-end=""2476"">Strong understanding of Chinese commodity markets, commodity value chains, and the macroeconomic factors that influence them.</li>
<li data-section-id=""hg2bjq"" data-start=""2477"" data-end=""2557"">Proficiency in Python and SQL for data handling, modelling, and visualisation.</li>
<li data-section-id=""1ibu4v4"" data-start=""2558"" data-end=""2626"">Familiarity with Bloomberg or other market intelligence platforms.</li>
<li data-section-id=""1i6npyg"" data-start=""2627"" data-end=""2693"">Fluent in Mandarin Chinese and English, both written and spoken.</li>
<li data-section-id=""1j8g1l7"" data-start=""2694"" data-end=""2830"" data-is-last-node="""">High attention to detail, strong communication skills, and the ability to work effectively in a fast-paced, collaborative environment.</li>
</ul>
<p>&nbsp;</p><div class=""content-conclusion""><p><strong>About Us</strong></p>
<p><em>IMC is a research-driven trading firm where quantitative modeling, machine learning, and engineering shape how modern markets are traded. A stabilizing force in markets since 1989, we provide liquidity across trading venues, delivering the best outcome in value and risk management to investors. Using our own technology and capital, we build proprietary systems and algorithms that operate across global markets. Our researchers, traders, and engineers work as a collective, combining rapid experimentation, advanced infrastructure, and real-time feedback to turn insight into execution and execution into advantage.</em></p>
<p>&nbsp;</p></div>",https://job-boards.eu.greenhouse.io/imc/jobs/4948205101,2026-09-24
IMC,Commodities Broker Trader ,"London, United Kingdom","<p>We're building out a trading initiative in London, with a growing focus on listed commodities options. This expansion is supported by a mix of internal talent and experienced external hires. With a collaborative and entrepreneurial culture, the team offers a unique opportunity to help shape and scale a new desk from an early stage.</p>
<p>The group combines deep expertise with broad trading experience and values innovation, ownership, and cross-functional collaboration. As the desk continues to grow, there will be increasing opportunities to take on broader responsibilities and contribute meaningfully to its success.</p>
<p>&nbsp;<strong>Your Core Responsibilities</strong></p>
<ul>
<li>Manage broker relationships in the Commodities team <br>Be able to take lots of responsibility and ownership early in your time here to drive the strategy forward</li>
<li>Closely collaborating and effectively communicate with Vol and Screen traders to manage risk portfolios</li>
<li>Leverage an entrepreneurial mindset to identify and research new trading opportunities</li>
<li>Perform trades analysis to improve trading</li>
</ul>
<p><strong>Your skills and experience:</strong></p>
<ul>
<li>2+ years of experience as an Execution/Broker Trader</li>
<li>BS, MS preferably in business, economics or STEM</li>
<li>You have a quantitative and strategic mindset and a healthy appetite for risk</li>
<li>Strong technical skills in Statistics and Python</li>
<li>You have a proven ability to act and make decisions in a fast-paced and competitive environment</li>
<li>You are analytical, passionate about reflecting on past trades, and always seeking to do better</li>
<li>Strong communication and teamwork abilities</li>
</ul><div class=""content-conclusion""><p><strong>About Us</strong></p>
<p><em>IMC is a research-driven trading firm where quantitative modeling, machine learning, and engineering shape how modern markets are traded. A stabilizing force in markets since 1989, we provide liquidity across trading venues, delivering the best outcome in value and risk management to investors. Using our own technology and capital, we build proprietary systems and algorithms that operate across global markets. Our researchers, traders, and engineers work as a collective, combining rapid experimentation, advanced infrastructure, and real-time feedback to turn insight into execution and execution into advantage.</em></p>
<p>&nbsp;</p></div>",https://job-boards.eu.greenhouse.io/imc/jobs/4658374101,2026-09-24
IMC, Commodities Trader - China,"Sydney,  Australia","<p class=""isSelectedEnd"">IMC is a global market maker, using advanced technology and sophisticated strategies to trade across major financial markets. With offices in Amsterdam, Chicago, and Sydney, we combine deep market expertise with cutting-edge systems to provide liquidity around the clock.</p>
<p class=""isSelectedEnd"">Our China Commodities desk trades a broad range of products across China's commodity markets, spanning energy, precious metals, and base metals. Combining market expertise, research, and technology, we identify and capture opportunities across one of the world's most significant commodity ecosystems.</p>
<p>As we continue to expand this business, we are looking for an experienced Commodities Trader to develop and execute China-focused trading strategies. Working closely with analysts, quantitative researchers, and technologists, you will help identify opportunities, manage risk, and drive the growth of the desk.</p>
<p><strong>Your Core Responsibilities:&nbsp;</strong></p>
<ul>
<li>Develop, execute, and scale profitable trading strategies across Chinese commodities markets (e.g., energy, precious metals, base metals).</li>
<li>Trade futures and related derivatives on major Chinese exchanges (SHFE, DCE, ZCE, INE, GFEX) and relevant offshore venues.</li>
<li>Integrate fundamental research, macroeconomic analysis, and geopolitical developments into trading decisions.</li>
<li>Partner closely with the Commodities Analyst team to incorporate insights on supply/demand dynamics, inventory trends, shipping flows, regulatory developments, and government policy into actionable strategies.</li>
<li>Identify and position around upcoming market catalysts, volatility events, and structural dislocations.</li>
<li>Generate directional and volatility-driven trade ideas based on global and domestic Chinese market intelligence.</li>
<li>Work alongside quantitative researchers and technologists to refine execution, enhance data-driven decision-making, and scale systematic components of strategies.</li>
<li>Actively manage risk, including exposure to macro events, liquidity shifts, regulatory changes, and cross-border dynamics.</li>
<li>Contribute to continuous improvement of research frameworks, dashboards, and trading tools in collaboration with the Analyst and technology teams.</li>
</ul>
<p><strong>Your Skills and Experience:&nbsp;</strong></p>
<ul>
<li>Proven track record trading Chinese and/or global commodities futures and derivatives with consistent risk-adjusted returns.</li>
<li>Strong understanding of Chinese commodity markets, macroeconomic drivers, and geopolitical influences.</li>
<li>Deep knowledge of Chinese exchange rules, margin frameworks, and regulatory environment.</li>
<li>Demonstrated ability to translate fundamental and macro analysis into clear trading positioning.</li>
<li>Experience collaborating with analysts, quantitative researchers, and developers in a data-driven trading environment.</li>
<li>Strong risk management discipline and ability to trade around event-driven volatility.</li>
<li>Familiarity with Python, SQL, Bloomberg, or other analytics platforms is advantageous.</li>
<li>Ability to operate decisively in a fast-paced, competitive trading environment.</li>
</ul><div class=""content-conclusion""><p><strong>About Us</strong></p>
<p><em>IMC is a research-driven trading firm where quantitative modeling, machine learning, and engineering shape how modern markets are traded. A stabilizing force in markets since 1989, we provide liquidity across trading venues, delivering the best outcome in value and risk management to investors. Using our own technology and capital, we build proprietary systems and algorithms that operate across global markets. Our researchers, traders, and engineers work as a collective, combining rapid experimentation, advanced infrastructure, and real-time feedback to turn insight into execution and execution into advantage.</em></p>
<p>&nbsp;</p></div>",https://job-boards.eu.greenhouse.io/imc/jobs/4795169101,2026-09-24
IMC,Commodities Volatility Trader ,"London, United Kingdom","<p>We're building out a trading initiative in London, with a growing focus on listed commodities options. This expansion is supported by a mix of internal talent and experienced external hires. With a collaborative and entrepreneurial culture, the team offers a unique opportunity to help shape and scale a new desk from an early stage.</p>
<p>The group combines deep expertise with broad trading experience and values innovation, ownership, and cross-functional collaboration. As the desk continues to grow, there will be increasing opportunities to take on broader responsibilities and contribute meaningfully to its success.</p>
<p>&nbsp;<strong>Your Core Responsibilities</strong></p>
<ul>
<li>Maximize revenue by identifying and monetizing short- and long-term mispricings, as well as managing the resulting positions</li>
<li>Be able to take lots of responsibility and ownership early in your time here to drive the strategy forward</li>
<li>Managing risk and developing market making strategies</li>
<li>You will have lots of responsibility and ownership early on to drive strategies forward and be successful</li>
<li>IMC is highly collaborative between traders, quants, and developers so the scope of responsibility is fairly fluid involving a mixture of data-driven analysis, quantitative modelling and algorithm development</li>
</ul>
<p><strong>Your skills and experience:</strong></p>
<ul>
<li>3+ years’ experience in Commodities Options markets highly preferred, other asset classes such as Equity Options will be considered if from a proprietary trading environment&nbsp;</li>
<li>BS, MS, or PhD,&nbsp;preferably in STEM</li>
<li>You have a quantitative and strategic mindset and a healthy appetite for risk</li>
<li>Strong technical skills in Statistics and Python</li>
<li>You have a proven ability to act and make decisions in a fast-paced and competitive environment</li>
<li>You are analytical, passionate about reflecting on past trades, and always seeking to do better</li>
<li>Experience with managing risk and developing market making strategies</li>
<li>Product experience is preferred</li>
<li>Strong communication and teamwork abilities</li>
</ul><div class=""content-conclusion""><p><strong>About Us</strong></p>
<p><em>IMC is a research-driven trading firm where quantitative modeling, machine learning, and engineering shape how modern markets are traded. A stabilizing force in markets since 1989, we provide liquidity across trading venues, delivering the best outcome in value and risk management to investors. Using our own technology and capital, we build proprietary systems and algorithms that operate across global markets. Our researchers, traders, and engineers work as a collective, combining rapid experimentation, advanced infrastructure, and real-time feedback to turn insight into execution and execution into advantage.</em></p>
<p>&nbsp;</p></div>",https://job-boards.eu.greenhouse.io/imc/jobs/4658369101,2026-09-24
IMC,Compliance Analyst,"Sydney,  Australia","<p>Our APAC Compliance team works closely with our Trading and Technology teams in order to manage the regulatory risks of our trading activities across multiple jurisdictions, particularly in the Asia-Pacific region. As a Compliance Analyst at IMC, you will assist with our day-to-day compliance operations, monitoring and review functions, and key compliance initiatives. Your role will cover many different aspects of IMC’s compliance program, requiring you to work with people across all areas of the business.</p>
<p><strong>Your Core Responsibilities:&nbsp;</strong></p>
<ul>
<li>Joining a highly skilled and experienced team of Compliance professionals to drive IMC’s regulatory vision and compliance efforts across the region.</li>
<li>Promoting IMC’s Compliance culture, awareness of regulatory developments, and best practices within the business.</li>
<li>Monitoring and reviewing applicable laws, rules and regulations to identify new compliance requirements.</li>
<li>Communicating with Brokers and Exchanges in relation to trader registration, conducting reviews, and keeping up to date records.&nbsp;</li>
<li>Developing, maintaining, and reviewing written policies and procedures, training presentations, and associated materials.</li>
<li>Conducting periodic reviews of internal compliance with policies and procedures, and reporting of the results to management.</li>
<li>Conducting necessary tasks for IMC’s AML procedures.</li>
<li>Communicating with regional compliance teams on global issues and projects.</li>
</ul>
<p><strong>Your Skills and Experience: </strong></p>
<ul>
<li>1.5 to 4 years of experience in financial markets compliance at a Trading Firm, Broker, Regulator, Exchange, or similar role.</li>
<li>Degree qualified in Finance, Commerce, Business, Law, or a related discipline.</li>
<li>Strong attention to detail and analytical/problem solving skills.</li>
<li>Strong interpersonal, organisational, and time management skills.</li>
<li>Ability to work both independently and in teams.</li>
<li>Ability to communicate complex ideas or concepts clearly.</li>
<li>Willing to learn and take responsibility for required tasks and projects.</li>
</ul><div class=""content-conclusion""><p><strong>About Us</strong></p>
<p><em>IMC is a research-driven trading firm where quantitative modeling, machine learning, and engineering shape how modern markets are traded. A stabilizing force in markets since 1989, we provide liquidity across trading venues, delivering the best outcome in value and risk management to investors. Using our own technology and capital, we build proprietary systems and algorithms that operate across global markets. Our researchers, traders, and engineers work as a collective, combining rapid experimentation, advanced infrastructure, and real-time feedback to turn insight into execution and execution into advantage.</em></p>
<p>&nbsp;</p></div>",https://job-boards.eu.greenhouse.io/imc/jobs/4924314101,2026-09-24
IMC,Connect with us at ICLR 2026!,"Amsterdam, Netherlands; Chicago, United States; Hong Kong, Hong Kong; Mumbai, India; New York, United States; Sydney,  Australia","<p>&nbsp;</p>
<p data-renderer-start-pos=""92"">Thank you for your interest in&nbsp;<strong data-renderer-mark=""true"">IMC Trading!</strong>&nbsp;We’re excited to stay connected with you. Please take a moment to fill out a short form by clicking&nbsp;<strong data-renderer-mark=""true"">Apply Now</strong>. This step is not a formal application but allows us to review your profile after the conference and reach out if there’s a match between your skills and our opportunities.</p>
<p data-renderer-start-pos=""420"">We’re excited about the potential to connect further and explore how you could become part of the IMC team!</p>
<p data-renderer-start-pos=""420"">&nbsp;</p>
<p data-renderer-start-pos=""420"">&nbsp;</p>
<p data-renderer-start-pos=""420"">#<span data-highlighted=""true"" data-vc=""highlighted-text""><span class=""_kqswh2mm""><span class=""_5pioz8co _189e1dm9 _1il9buyh _19lc184f _d0altlke"" data-testid=""definition-highlighter"">LI-DNI</span></span></span></p><div class=""content-conclusion""><p><strong>About Us</strong></p>
<p><em>IMC is a research-driven trading firm where quantitative modeling, machine learning, and engineering shape how modern markets are traded. A stabilizing force in markets since 1989, we provide liquidity across trading venues, delivering the best outcome in value and risk management to investors. Using our own technology and capital, we build proprietary systems and algorithms that operate across global markets. Our researchers, traders, and engineers work as a collective, combining rapid experimentation, advanced infrastructure, and real-time feedback to turn insight into execution and execution into advantage.</em></p>
<p>&nbsp;</p></div>",https://job-boards.eu.greenhouse.io/imc/jobs/4845173101,2026-09-24
IMC,Core Developer - Digital Assets,"Zug, Switzerland","<p class=""_13fp8yk6c dzswju0 dzswju2 _13fp8yk6c dzswju0 dzswju2"">IMC has a strong presence in traditional Finance and has been expanding into Crypto and DeFi over the last years. Through its overseas affiliates, IMC provides liquidity and trade<span class=""_13fp8yk6c dzswju0 _13fp8yk6c dzswju0"">s</span> on many cryptocurrency exchanges and DeFi protocols.<br>As a C++ Software Engineer, you‘ll be joining and shaping the future of our core engineering team. You will design, code, test, and optimize our proprietary, low-latency trading system. The right candidate for this role will be comfortable working autonomously, making decisions, and working in a fast-paced, flat team structure.<br><br><strong class=""_13fp8yk6c dzswju0 _13fp8yk6c dzswju0"">Your Core Responsibilities:<br></strong></p>
<ul>
<li class=""_13fp8yk6c dzswju0 dzswju2 _13fp8yk6c dzswju0 dzswju2"">Collaborate on developing our highly competitive, ultra-low-latency trading platform consisting of market data delivery and order submission subsystems</li>
<li>Design and implement state-of-the-art, industry-leading trade execution and connectivity solutions</li>
<li>You will be part of our algorithmic trading strategies team that is responsible for all automated trading algorithms so that your experience and knowledge will have direct impact on our production</li>
<li>Improve the system performance by optimizing network access, hardware utilization, and programming execution</li>
<li>Stay on top of updates to exchange protocols</li>
</ul>
<p class=""_13fp8yk6c dzswju0 dzswju2 _13fp8yk6c dzswju0 dzswju2""><strong class=""_13fp8yk6c dzswju0 _13fp8yk6c dzswju0"">Your Skills and Experience:&nbsp;</strong></p>
<ul>
<li>You have a Master’s or Ph.D. degree in Computer Science, Mathematics, Physics or a related field</li>
<li>You have excellent programming skills using C++ in a Linux (or Unix-like) environment</li>
<li>You possess the ability and desire to write simple, well-structured and clean code that is easy to maintain</li>
<li>You have in-depth knowledge of low-level network and system programming and have ideally experience in developing low-latency systems</li>
<li>You have a solid grasp of computer science, algorithms, memory-, and concurrency models, CPU-architecture, operating systems, networks, and performance optimization</li>
<li>Experience in statistics, large-scale data processing systems, machine learning and/or grid-based computing is a big plus</li>
<li>No finance background is necessary or expected</li>
</ul>
<p class=""_13fp8yk6c dzswju0 dzswju2 _13fp8yk6c dzswju0 dzswju2""><strong class=""_13fp8yk6c dzswju0 _13fp8yk6c dzswju0"">Location and Office Culture</strong></p>
<ul>
<li class=""_13fp8yk6c dzswju0 dzswju2 _13fp8yk6c dzswju0 dzswju2"">IMC office in Zug, Switzerland</li>
<li class=""_13fp8yk6c dzswju0 dzswju2 _13fp8yk6c dzswju0 dzswju2"">Note that this is an onsite role, with some but limited flexibility for working from home</li>
<li class=""_13fp8yk6c dzswju0 dzswju2 _13fp8yk6c dzswju0 dzswju2"">You can expect a dynamic, fast-paced environment that delivers a steady stream of challenges and opportunities</li>
<li class=""_13fp8yk6c dzswju0 dzswju2 _13fp8yk6c dzswju0 dzswju2"">One of the most exciting aspects of the job is our quick feedback loop in the research, development and deployment of strategies</li>
<li class=""_13fp8yk6c dzswju0 dzswju2 _13fp8yk6c dzswju0 dzswju2"">We give people lots of responsibility and the support they need to make an impact from day one</li>
<li class=""_13fp8yk6c dzswju0 dzswju2 _13fp8yk6c dzswju0 dzswju2"">We promise you a flat structure and an open, collaborative culture that stimulates the sharing of ideas, knowledge and technology between our teams and offices</li>
</ul><div class=""content-conclusion""><p><strong>About Us</strong></p>
<p><em>IMC is a research-driven trading firm where quantitative modeling, machine learning, and engineering shape how modern markets are traded. A stabilizing force in markets since 1989, we provide liquidity across trading venues, delivering the best outcome in value and risk management to investors. Using our own technology and capital, we build proprietary systems and algorithms that operate across global markets. Our researchers, traders, and engineers work as a collective, combining rapid experimentation, advanced infrastructure, and real-time feedback to turn insight into execution and execution into advantage.</em></p>
<p>&nbsp;</p></div>",https://job-boards.eu.greenhouse.io/imc/jobs/4637267101,2026-09-24
IMC,Corporate Development Manager,"Mumbai, India","<p>We're seeking a Corporate Development Manager to help build and scale IMC's external engagement function in India. In this role, you will be responsible for managing relationships with exchanges, regulators, brokers, and industry associations, while providing market intelligence that supports IMC's growth in one of the world's largest and fastest-evolving capital markets.</p>
<p>The Corporate Development team plays a key role in supporting IMC's expansion in India, covering all aspects of external engagement, market intelligence, regulatory monitoring, and project management. As part of a small, high-impact team in Mumbai, you will work closely with IMC's India leadership and trading desks to ensure IMC is well-positioned in the Indian market. The working environment is collaborative, non-hierarchical, and fast-paced. You will manage a wide range of stakeholders both internally and externally, and your initiative, judgment, and ability to build trusted relationships will directly contribute to IMC's success in India.</p>
<p><strong>&nbsp;</strong></p>
<p><strong><strong class=""_13fp8yk6c dzswju0"">Your Core Responsibilities:</strong></strong></p>
<ul>
<li>Foster and maintain excellent relationships with exchanges, regulators, brokers, custodians, industry associations, and other market participants through regular meetings and proactive engagement</li>
<li>Proactively gather market intelligence relating to regulatory developments, market participants activity, and market structure changes</li>
<li>Assess implications for IMC of SEBI circulars, exchange notifications, and RBI announcements and coordinate with stakeholders accordingly</li>
<li>Support the preparation and submission of responses to SEBI consultation papers, ensuring alignment with IMC's global advocacy positions</li>
<li>Manage the execution of business development and regulatory initiatives, including new market access, exchange product onboarding, and compliance workstreams. Keep key internal stakeholders informed on priorities and status</li>
<li>Attend relevant industry conferences and events (FIA, ASIFMA, ANMI, BBF) to build IMC's network and identify engagement opportunities</li>
<li>Invest in relationships proactively. Be a good partner to counterparts and build IMC's reputation as a constructive, long-term market participant</li>
</ul>
<p><strong>&nbsp;</strong></p>
<p><strong class=""_13fp8yk6c dzswju0"">Your Skills and Experience:&nbsp;</strong></p>
<ul>
<li>8+ years of experience in Indian financial markets, specifically in one or more of the following: business development at an exchange (NSE, BSE, MCX), institutional/FPI brokerage (exchange relations or operations), or financial markets regulatory consulting</li>
<li>Direct working experience with NSE and/or BSE in a professional capacity (as an exchange employee or broker exchange relations manager)</li>
<li>Strong working knowledge of proprietary trading firms and HFT/market-making firms: must already know the relevant issues, have the judgment to assess what is and is not relevant to HFTs, and understand the role of liquidity providers in the market ecosystem</li>
<li>Strong understanding of the Indian capital markets regulatory framework: SEBI Act, Stock Broker Regulations, FPI regulations, margin/clearing requirements, and the SEBI algo trading framework</li>
<li>Working knowledge of how SEBI decision-making works: the hierarchy from government to SEBI to exchanges, the role of Advisory Committees and Working Groups, and the consultation paper process</li>
<li>Demonstrated track record of managing external relationships with financial market infrastructure (exchanges or regulators) in India</li>
<li>Strong written and verbal communication: professional, well-organized, and with attention to detail</li>
<li>Demonstrated initiative and strategic thinking: proactive, knows what they don't know, and has the energy to figure things out. Strong problem-solving ability. Not someone who waits for direction</li>
<li>Is able to establish strong rapport and represent IMC credibly in meetings with exchange officials, broker relationship managers, and industry association representatives. Strong personal values</li>
</ul>
<p>&nbsp;</p>
<p><strong>Preferred Qualifications</strong></p>
<ul>
<li>Prior employment at NSE (business development, member services, or regulatory departments) or at a large institutional broker's exchange relations team</li>
<li>Exposure to the HFT/algorithmic trading segment of the Indian market: understanding of colocation, algo registration, surveillance processes, and how exchanges interact with proprietary trading firms</li>
<li>Familiarity with Indian industry associations: ANMI, BBF, CPAI, FIA, ASIFMA. Prior attendance at or participation in SEBI working groups or consultation processes is highly valued</li>
<li>Exposure to commodity markets (MCX) in addition to equity markets</li>
<li>Existing professional network with FPI brokers, exchange technology teams, or regulatory officials</li>
</ul><div class=""content-conclusion""><p><strong>About Us</strong></p>
<p><em>IMC is a research-driven trading firm where quantitative modeling, machine learning, and engineering shape how modern markets are traded. A stabilizing force in markets since 1989, we provide liquidity across trading venues, delivering the best outcome in value and risk management to investors. Using our own technology and capital, we build proprietary systems and algorithms that operate across global markets. Our researchers, traders, and engineers work as a collective, combining rapid experimentation, advanced infrastructure, and real-time feedback to turn insight into execution and execution into advantage.</em></p>
<p>&nbsp;</p></div>",https://job-boards.eu.greenhouse.io/imc/jobs/4805270101,2026-09-24
IMC,"Corporate Development Manager, China","Hong Kong, Hong Kong; Sydney,  Australia","<p>IMC is deepening its presence in Chinese financial markets — broadening broker relationships, expanding market access, and building the operational infrastructure that underpins our trading business in the region. We are looking for a Corporate Development Manager (CDM), based in Sydney or Hong Kong, to act as IMC’s single point of contact for day-to-day interactions with Chinese exchanges, brokers, technology providers and other partners, with a specific focus on Technology.</p>
<p>Working in close collaboration with senior management and the overall broker relationship owner, you will represent IMC externally, collect and triage requirements from IMC's technical, operational and legal teams, and channel them into clear, well-managed conversations with external partners. In doing so, you help secure the reliable market access and infrastructure that underpin IMC's edge in China.</p>
<p>This is a highly cross-functional role, sitting at the intersection of trading, technology, legal, risk, compliance and other operations team.</p>
<p><strong>Your Core Responsibilities:&nbsp;</strong></p>
<ul>
<li>Act as IMC’s single point of contact for day-to-day interactions with Chinese exchanges, brokers, technology providers such as data centers and telecommunication firms, and other vendors, ensuring every incoming and outgoing request is managed and followed up</li>
<li>Collect and triage requirements from internal technical (development, network, infra), legal, compliance and other Ops teams, translating them into clear asks for external partners</li>
<li>Represent IMC externally on these topics and drive each through to closure. Examples include market data line orders and processes, rack space negotiations with data centers and telcos, and exchange and vendor documentation</li>
<li>Build and maintain trusted working relationships with counterparts across Chinese exchanges, brokers, technology providers and other partners</li>
<li>Proactively identify opportunities for IMC to improve IMC’s infrastructure and network setup, in close collaboration with our trading, infrastructure, networking and development teams</li>
</ul>
<p><strong>Your Skills and Experience:&nbsp;</strong></p>
<ul>
<li>Fluent written and spoken English and Mandarin is a must</li>
<li>5+ years of experience in one of the following: an international or local financial institution (e.g. bank, (prime) broker or exchange) with significant exposure to trading technology; corporate development within a proprietary trading firm with significant exposure to technology; or a technology provider to trading firms with a solid understanding of physical infrastructure</li>
<li>Strong understanding of technology and physical infrastructure used by global trading firms</li>
<li>Prior working experience related to Chinese financial markets is highly preferred</li>
<li>Based in Sydney or Hong Kong; if Hong Kong, willingness to travel to Sydney regularly, including for onboarding</li>
<li>Comfortable representing the firm externally and building trusted relationships with counterparts at exchanges, brokers and vendors at all levels</li>
<li>Strong sense of ownership — able to track multiple workstreams to closure and know when to escalate</li>
<li>Strong communication skills, with the ability to articulate ideas clearly and engage effectively with both internal and external stakeholders</li>
<li>Self-motivated and commercially minded, comfortable operating with autonomy in a fast-paced, entrepreneurial environment, while always maintaining the highest standards of compliance and integrity</li>
</ul><div class=""content-conclusion""><p><strong>About Us</strong></p>
<p><em>IMC is a research-driven trading firm where quantitative modeling, machine learning, and engineering shape how modern markets are traded. A stabilizing force in markets since 1989, we provide liquidity across trading venues, delivering the best outcome in value and risk management to investors. Using our own technology and capital, we build proprietary systems and algorithms that operate across global markets. Our researchers, traders, and engineers work as a collective, combining rapid experimentation, advanced infrastructure, and real-time feedback to turn insight into execution and execution into advantage.</em></p>
<p>&nbsp;</p></div>",https://job-boards.eu.greenhouse.io/imc/jobs/4924313101,2026-09-24
IMC, C++ Software Engineer,"Chicago, United States; New York, United States","<p>IMC is seeking a highly skilled C++ Software Engineer to join our Chicago team. As a Software Engineer, you will design and develop software solutions tailored to the hardware-specific needs of our global trading system with a focus on optimizing performance. Our dynamic, fast-paced tech environment enables collaboration and rapid feedback loops across global teams.&nbsp;You will be responsible for spotting new opportunities, solving problems and developing innovative technologies. Software development here is innovative, pragmatic and fun, even as complexity grows.</p>
<p><strong>Your Core Responsibilities:&nbsp;</strong></p>
<ul>
<li>Design and build low latency, high-performance trading systems</li>
<li>Optimize production code and other system components to achieve low-latency and high-throughput capabilities&nbsp;</li>
<li>Write highly performant software solutions to control and interface with hardware components&nbsp;such as ASICs and FPGAS</li>
<li>Work closely with hardware engineers and cross-functional teams to understand requirements and implement effective solutions</li>
<li>Ensure a seamless integration of new applications and enhancements to the existing trading infrastructure&nbsp;</li>
</ul>
<p><strong>Your Skills and Experience:&nbsp;</strong></p>
<ul>
<li>Bachelor’s or Master’s degree in Computer Science, Computer Engineering, or related field of study</li>
<li>2+ years of professional experience using modern C++ in a low-latency environment&nbsp;&nbsp;</li>
<li>Experience with software development for hardware platforms&nbsp;</li>
<li>Knowledge of trading systems and financial markets is a strong plus&nbsp;</li>
<li>Excellent problem-solving and communication skills&nbsp;</li>
</ul>
<p>&nbsp;</p>
<p><span style=""color: rgb(221, 234, 255);"">#LI-DNP</span></p><div class=""content-pay-transparency""><div class=""pay-input""><div class=""description""><p>The Base Salary range for the role is included below. Base salary is only one component of total compensation; all full-time, permanent positions are eligible for a discretionary bonus and benefits, including paid leave and insurance.&nbsp;Please visit <a href=""https://www.imc.com/us/careers/benefits"">Benefits - US | IMC Trading</a> for more comprehensive information.</p></div><div class=""title"">Salary Range</div><div class=""pay-range""><span>$175,000</span><span class=""divider"">&mdash;</span><span>$225,000 USD</span></div></div></div><div class=""content-conclusion""><p><strong>About Us</strong></p>
<p><em>IMC is a research-driven trading firm where quantitative modeling, machine learning, and engineering shape how modern markets are traded. A stabilizing force in markets since 1989, we provide liquidity across trading venues, delivering the best outcome in value and risk management to investors. Using our own technology and capital, we build proprietary systems and algorithms that operate across global markets. Our researchers, traders, and engineers work as a collective, combining rapid experimentation, advanced infrastructure, and real-time feedback to turn insight into execution and execution into advantage.</em></p>
<p>&nbsp;</p></div>",https://job-boards.eu.greenhouse.io/imc/jobs/4673650101,2026-09-24
IMC,C++ Software Engineer,"Sydney,  Australia","<p>&nbsp;</p>
<div>
<p>At IMC, technology is not a department; it’s at the heart of everything we do. Developed in-house, our innovative software makes millions of trading decisions daily, and we win by making better and faster decisions than our competition.&nbsp;IMC’s Sydney based C++ Execution development teams work on software that sits directly in the latency-critical loop of our technology stack and touches every part of our organisation. From ensuring our connectivity to the market and handling massive amounts of data, to implementing complex trading algorithms and integrating advanced hardware solutions.</p>
<p>&nbsp;</p>
<p><strong>Your Core Responsibilities:</strong></p>
<p>As a Software Engineer, you’ll work in multidisciplinary teams alongside other engineers as well as Traders, Researchers, and Quants to deliver challenging projects, while taking ownership for end-to-end product development – from requirements gathering to production. You’ll write reliable, high-performance software while balancing time to production with quality and testability. Advanced automated testing and daily deployments will allow you to achieve agile and incremental benefits. Within a complex landscape of varying systems and technologies, you’ll be constantly challenged to consider trade-offs between latency, throughput, simplicity, scalability and maintainability.</p>
<ul>
<li>Coding, developing, testing, deploying and maintaining applications and automations for Trading Teams and/or Hardware Development and Execution Teams.</li>
<li>Working through internal client requests. Gathering details, requirements and feedback from a range of internal stakeholders in order to implement creative automation solutions using innovative coding practices.</li>
</ul>
<p>&nbsp;</p>
<p><strong>Your Skills and Experience:</strong></p>
<ul>
<li>Strong programming skills in C++. Experience in latest versions of C++ highly desirable</li>
<li>Comfortable in Linux environments</li>
<li>Experience gathering business requirements, communicating with key stakeholders and delivering solutions quickly</li>
<li>The ability to work on greenfield projects under minimal supervision and to take full ownership of the applications you build</li>
<li>A high degree of flexibility and adaptability: willing and able to deal with uncertainty and ambiguity in a rapidly evolving environment</li>
<li>Strong troubleshooting and diagnostic skills; ability to solve problems creatively and proactively</li>
<li>Prior knowledge of trading / capital markets is not required. Curiosity and a willingness to learn is.</li>
<li>Familiarity with Python – preferred</li>
<li>Familiarity with Docker and Kubernetes</li>
</ul>
<p>&nbsp;</p>
</div><div class=""content-conclusion""><p><strong>About Us</strong></p>
<p><em>IMC is a research-driven trading firm where quantitative modeling, machine learning, and engineering shape how modern markets are traded. A stabilizing force in markets since 1989, we provide liquidity across trading venues, delivering the best outcome in value and risk management to investors. Using our own technology and capital, we build proprietary systems and algorithms that operate across global markets. Our researchers, traders, and engineers work as a collective, combining rapid experimentation, advanced infrastructure, and real-time feedback to turn insight into execution and execution into advantage.</em></p>
<p>&nbsp;</p></div>",https://job-boards.eu.greenhouse.io/imc/jobs/4760871101,2026-09-24
IMC,C++ Software Engineer,"Mumbai, India","<p>IMC’s Mumbai based C++ Execution development teams work on software that sits directly in the latency-critical loop of our technology stack and touches every part of our organization. From ensuring our connectivity to the market and handling massive amounts of data, to implementing complex trading algorithms and integrating advanced hardware solutions.</p>
<p><strong>Your Core Responsibilities:&nbsp;</strong></p>
<p>As a software engineer, you’ll work in multidisciplinary teams alongside other engineers as well as traders, researchers, and quants to deliver challenging projects, while taking ownership for end-to-end product development – from requirements gathering to production. You’ll write reliable, high-performance software while balancing time to production with quality and testability. Advanced automated testing and daily deployments will allow you to achieve agile and incremental benefits.</p>
<p>Within a complex landscape of varying systems and technologies, you’ll be constantly challenged to consider trade-offs between latency, throughput, simplicity, scalability and maintainability.</p>
<p>These are just some of the technologies our C++ software engineers are currently working with: C++ 20, Linux, Docker, Kubernetes, Apache Kafka, Apache Spark, Impala, Hadoop, Python and FPGAs.</p>
<p><strong>Your Skills and Experience:&nbsp;</strong></p>
<ul>
<li>Strong academic background in Computer Science (B. Tech/B.E), with 4-8 years of work experience in C++</li>
<li>
<p>Natural problem-solvers, who enjoy tackling fresh challenges each day</p>
</li>
<li>Team players: to succeed, SWEs must be able to build strong relationships with those around them</li>
<li>
<p>Excellent written and verbal communication skills; fluency in English</p>
</li>
</ul><div class=""content-conclusion""><p><strong>About Us</strong></p>
<p><em>IMC is a research-driven trading firm where quantitative modeling, machine learning, and engineering shape how modern markets are traded. A stabilizing force in markets since 1989, we provide liquidity across trading venues, delivering the best outcome in value and risk management to investors. Using our own technology and capital, we build proprietary systems and algorithms that operate across global markets. Our researchers, traders, and engineers work as a collective, combining rapid experimentation, advanced infrastructure, and real-time feedback to turn insight into execution and execution into advantage.</em></p>
<p>&nbsp;</p></div>",https://job-boards.eu.greenhouse.io/imc/jobs/4983375101,2026-09-24
IMC,C++ Software Engineer,"Amsterdam, Netherlands","<p>At IMC, technology is not a department; it's at the heart of everything we do. Developed in-house, our innovative software makes millions of trading decisions daily, and we win by making better and faster decisions than our competition.</p>
<p>IMC's Amsterdam-based C++ Execution development teams work on software that sits directly in the latency-critical loop of our technology stack and touches every part of our organisation. We connect IMC to exchanges around the world, process massive volumes of market data in real time, execute complex trading algorithms, and integrate advanced hardware solutions where software alone isn't fast enough.</p>
<h2>Your Core Responsibilities</h2>
<p>As a software engineer, you'll work in multidisciplinary teams alongside other engineers, traders, researchers, and quants, both locally and across our global offices, taking ownership of end-to-end product development, from requirements gathering to production. You'll write reliable, high-performance software while balancing time to production with quality and testability. Advanced automated testing lets us deploy to production daily. Within a complex landscape of varying systems and technologies, you'll be constantly challenged to consider trade-offs between latency, throughput, simplicity, scalability and maintainability.</p>
<ul data-local-id=""fbec03d6-4978-45ed-bbaf-55be803c5e72"" data-prosemirror-content-type=""node"" data-prosemirror-node-name=""bulletList"" data-prosemirror-node-block=""true"">
<li>
<p>Building and maintaining the systems that connect IMC to exchanges: parsing market data feed, managing order entry, and keeping us fast and reliable on the path where latency counts.</p>
</li>
<li>
<p>Implementing and optimising execution logic in close collaboration with traders and quants, translating trading ideas into production code.</p>
</li>
<li>
<p>Working with our hardware teams to integrate FPGA-based systems and low-latency network solutions into our trading stack.</p>
</li>
<li>
<p>Measuring, profiling and improving the performance of our systems.</p>
</li>
<li>
<p>Developing expertise across the entire software development lifecycle, learning from experienced engineers along the way.</p>
</li>
</ul>
<p><strong>Your Skills and Experience:</strong></p>
<ul>
<li><strong>Minimum</strong> 5+ years professional working experience as a software engineer post graduation</li>
<li>
<p>Solid programming skills in modern C++ (C++17 or later)</p>
</li>
<li>
<p>Bachelor’s or Master’s degree&nbsp;in Engineering, Computer Science or a related field</p>
</li>
<li>
<p>Strong knowledge of algorithms and data structures</p>
</li>
<li>An interest in how software actually runs on hardware: memory, caches, networking</li>
<li>
<p>A high degree of flexibility and adaptability: willing and able to deal with uncertainty and ambiguity in a rapidly evolving environment</p>
</li>
<li>
<p>Ability to solve problems creatively and proactively</p>
</li>
<li>
<p>Curiosity and a willingness to learn. Interest in financial markets; previous knowledge is not required.</p>
</li>
</ul><div class=""content-conclusion""><p><strong>About Us</strong></p>
<p><em>IMC is a research-driven trading firm where quantitative modeling, machine learning, and engineering shape how modern markets are traded. A stabilizing force in markets since 1989, we provide liquidity across trading venues, delivering the best outcome in value and risk management to investors. Using our own technology and capital, we build proprietary systems and algorithms that operate across global markets. Our researchers, traders, and engineers work as a collective, combining rapid experimentation, advanced infrastructure, and real-time feedback to turn insight into execution and execution into advantage.</em></p>
<p>&nbsp;</p></div>",https://job-boards.eu.greenhouse.io/imc/jobs/4634204101,2026-09-24
IMC,C++ Software Engineer,"Aarhus, Central Denmark Region, Denmark","<p>IMC is building a new Energy Trading business in Aarhus, Denmark, the hub for power and gas trading in Europe. Backed by one of the world’s most successful trading firms, this new venture combines the energy and autonomy of a startup with the global reach, stability, and expertise of IMC’s 30+ years in trading.</p>
<p>We are building a strong, independent Aarhus-based team with local leadership, supported by IMC’s world-class technology, quantitative research, and trading infrastructure. To achieve our ambitious hiring goals, we are seeking strong Software Engineers to join the team and play a pivotal role in helping us grow this new business.</p>
<p><strong>Your Core Responsibilities:</strong></p>
<ul>
<li>Build, as part of a team, a full technology stack that supports power and gas trading, including exchange connectivity, trading systems, trading strategies, data analysis, and pricing. We are looking for strong developers that specialize in back-end, algorithms, trading systems, execution systems or other relevant domains</li>
<li>Maintain and improve the tech stack in collaboration with trading</li>
<li>Train new joiners</li>
</ul>
<p><strong>Your Skills and Experience:</strong></p>
<ul>
<li>Strong academic background, preferably in computer science or a quantitative field</li>
<li>3+ years of professional experience as a software engineer</li>
<li>Strong programming skills in C++ or comparable (eg. Rust). Experience with other relevant programming languages such as Python or Java is a plus</li>
<li>Experience in European energy trading industry is a plus</li>
<li>Fluency in English</li>
</ul>
<p><strong>Your Impact:</strong></p>
<ul>
<li>Operate in a fast-paced start-up environment and on a wide variety of systems, platforms, and tools</li>
<li>Take on greenfield projects allowing for full ownership of the applications you build</li>
<li>Develop code that hits production the next day and drives trading decision-making immediately</li>
<li>Collaborate with traders and quants directly to develop winning trading strategies</li>
</ul><div class=""content-conclusion""><p><strong>About Us</strong></p>
<p><em>IMC is a research-driven trading firm where quantitative modeling, machine learning, and engineering shape how modern markets are traded. A stabilizing force in markets since 1989, we provide liquidity across trading venues, delivering the best outcome in value and risk management to investors. Using our own technology and capital, we build proprietary systems and algorithms that operate across global markets. Our researchers, traders, and engineers work as a collective, combining rapid experimentation, advanced infrastructure, and real-time feedback to turn insight into execution and execution into advantage.</em></p>
<p>&nbsp;</p></div>",https://job-boards.eu.greenhouse.io/imc/jobs/4931100101,2026-09-24
IMC,"C++ Software Engineer, Early Careers","Amsterdam, Netherlands","<p>At IMC, technology is not a department; it's at the heart of everything we do. Developed in-house, our innovative software makes millions of trading decisions daily, and we win by making better and faster decisions than our competition.</p>
<p>IMC's Amsterdam-based C++ Execution development teams work on software that sits directly in the latency-critical loop of our technology stack and touches every part of our organisation. We connect IMC to exchanges around the world, process massive volumes of market data in real time, execute complex trading algorithms, and integrate advanced hardware solutions where software alone isn't fast enough.</p>
<h2>Your Core Responsibilities</h2>
<p>As a software engineer, you'll work in multidisciplinary teams alongside other engineers, traders, researchers, and quants, both locally and across our global offices, taking ownership of end-to-end product development, from requirements gathering to production. You'll write reliable, high-performance software while balancing time to production with quality and testability. Advanced automated testing lets us deploy to production daily. Within a complex landscape of varying systems and technologies, you'll be constantly challenged to consider trade-offs between latency, throughput, simplicity, scalability and maintainability.</p>
<ul data-local-id=""fbec03d6-4978-45ed-bbaf-55be803c5e72"" data-prosemirror-content-type=""node"" data-prosemirror-node-name=""bulletList"" data-prosemirror-node-block=""true"">
<li>
<p>Building and maintaining the systems that connect IMC to exchanges: parsing market data feed, managing order entry, and keeping us fast and reliable on the path where latency counts.</p>
</li>
<li>
<p>Implementing and optimising execution logic in close collaboration with traders and quants, translating trading ideas into production code.</p>
</li>
<li>
<p>Working with our hardware teams to integrate FPGA-based systems and low-latency network solutions into our trading stack.</p>
</li>
<li>
<p>Measuring, profiling and improving the performance of our systems.</p>
</li>
<li>
<p>Developing expertise across the entire software development lifecycle, learning from experienced engineers along the way.</p>
</li>
</ul>
<h2>Your Skills and Experience</h2>
<ul data-local-id=""a45fb6a2-e544-4212-81ca-57076957cb36"" data-prosemirror-content-type=""node"" data-prosemirror-node-name=""bulletList"" data-prosemirror-node-block=""true"">
<li>
<p>2-3 years of full-time professional work experience<strong> post-graduation&nbsp;</strong></p>
</li>
<li>
<p>Bachelor’s or Master’s degree&nbsp;in Engineering, Computer Science or a related field</p>
</li>
<li>
<p>Strong knowledge of algorithms and data structures</p>
</li>
<li>
<p>Solid programming skills in modern C++ (C++17 or later)</p>
</li>
<li>
<p>An interest in how software actually runs on hardware: memory, caches, networking</p>
</li>
<li>
<p>A high degree of flexibility and adaptability: willing and able to deal with uncertainty and ambiguity in a rapidly evolving environment</p>
</li>
<li>
<p>Ability to solve problems creatively and proactively</p>
</li>
<li>
<p>Curiosity and a willingness to learn. Interest in financial markets; previous knowledge is not required.</p>
</li>
</ul><div class=""content-conclusion""><p><strong>About Us</strong></p>
<p><em>IMC is a research-driven trading firm where quantitative modeling, machine learning, and engineering shape how modern markets are traded. A stabilizing force in markets since 1989, we provide liquidity across trading venues, delivering the best outcome in value and risk management to investors. Using our own technology and capital, we build proprietary systems and algorithms that operate across global markets. Our researchers, traders, and engineers work as a collective, combining rapid experimentation, advanced infrastructure, and real-time feedback to turn insight into execution and execution into advantage.</em></p>
<p>&nbsp;</p></div>",https://job-boards.eu.greenhouse.io/imc/jobs/4945420101,2026-09-24
IMC,Data Center Engineer,"New York, United States","<p>We are seeking a dedicated and experienced Data Center Engineer to join our team in Secaucus, NJ. This role requires hands-on work with our physical servers, network infrastructure, and IT components across various colocation facilities. You’ll be responsible for the physical setup, maintenance, and troubleshooting of server and network hardware, while ensuring smooth operations and accurate documentation.</p>
<p>The ideal candidate is energized by working in a cutting-edge data center environment that enables IMC to continue to be at the forefront of the evolving global financial markets.</p>
<p>Core hours for this position are Monday–Friday from 11:00 am to 8:00 pm. This role is based in Secaucus, NJ, and requires travel to local colocation facilities.</p>
<p><strong>Your Core Responsibilities: </strong></p>
<ul>
<li>Oversee the lifecycle of physical servers, network devices, and other IT infrastructure components</li>
<li>Perform installation, configuration, and upkeep of server and network components in our data centers</li>
<li>Plan and implement efficient rack layouts, cabling schemes, and patching schedules to optimize data center operations</li>
<li>Diagnose hardware issues, coordinate with vendors for repairs or replacements (RMA process), and ensure timely resolution</li>
<li>Handle incoming and outgoing shipments, maintain accurate hardware inventory, and manage stock levels of IT components</li>
<li>Develop and maintain comprehensive documentation of physical infrastructure, cabling layouts, rack configurations, and associated processes</li>
<li>Build and maintain strong working relationships with hardware vendors, colocation partners, and remote hands teams to ensure efficient operations</li>
<li>Maintain office IT infrastructure, including hardware and network systems</li>
</ul>
<p><strong>Your Skills and Experience: </strong></p>
<ul>
<li>5+ years of hands-on experience in data center engineering</li>
<li>Strong understanding of server hardware, network devices, and data storage systems</li>
<li>Knowledge of network cabling, fiber optics, and optical transceivers</li>
<li>Experience with fiber optic testing and cleaning is required</li>
<li>Basic knowledge of Linux operating systems and networking protocols</li>
<li>CCNA certification is a plus</li>
<li>Proven experience in racking, cabling, and working with data center facilities management tools (power, cooling, etc.)</li>
<li>Familiarity with basic scripting in Bash and Python within a Linux environment is a plus</li>
<li>Strong ability to manage time effectively, prioritize tasks in a fast-paced environment, and adapt to changing requirements</li>
<li>A collaborative mindset, with the ability to work both independently and as part of a team, often with minimal supervision</li>
<li>Ability to safely lift and move equipment weighing up to 60 pounds</li>
<li>Willingness to work flexible hours, including evenings and weekends, as required</li>
<li>A valid driver’s license is required for travel between facilities</li>
</ul><div class=""content-pay-transparency""><div class=""pay-input""><div class=""description""><p>The Base Salary range for the role is included below. Base salary is only one component of total compensation; all full-time, permanent positions are eligible for a discretionary bonus and benefits, including paid leave and insurance.&nbsp;Please visit <a href=""https://www.imc.com/us/careers/benefits"">Benefits - US | IMC Trading</a> for more comprehensive information.</p></div><div class=""title"">Salary Range</div><div class=""pay-range""><span>$125,000</span><span class=""divider"">&mdash;</span><span>$190,000 USD</span></div></div></div><div class=""content-conclusion""><p><strong>About Us</strong></p>
<p><em>IMC is a research-driven trading firm where quantitative modeling, machine learning, and engineering shape how modern markets are traded. A stabilizing force in markets since 1989, we provide liquidity across trading venues, delivering the best outcome in value and risk management to investors. Using our own technology and capital, we build proprietary systems and algorithms that operate across global markets. Our researchers, traders, and engineers work as a collective, combining rapid experimentation, advanced infrastructure, and real-time feedback to turn insight into execution and execution into advantage.</em></p>
<p>&nbsp;</p></div>",https://job-boards.eu.greenhouse.io/imc/jobs/4954088101,2026-09-24
IMC,Data Center Engineer,"Hong Kong, Hong Kong","<p>As a Data Centre Engineer at IMC, you will be joining a dynamic team of highly motivated professionals who strive to be the best at what they do by continuously learning, innovating, and improving. You will be working alongside a highly collaborative team in a high performance and technical environment. IMC will be investing in you from day one to grow and develop within the Infrastructure team.&nbsp;&nbsp;&nbsp;&nbsp;</p>
<p><strong>Your Core Responsibilities:&nbsp;</strong></p>
<ul>
<li>Manage IMC’s data centres with frequent travelling across APAC</li>
<li>Coordinate projects with our IT teams in Sydney</li>
<li>Provide racking and patching services in our remote data centres</li>
<li>Coordinate with vendors on deliveries, installation, etc.</li>
<li>Coordinate remote work with our brokers and exchanges</li>
<li>Procurement through our standard suppliers and global vendors</li>
<li>Data centre administration</li>
<li>On-site troubleshooting</li>
<li>Project Management</li>
</ul>
<p><strong>Your Skills and Experience:</strong></p>
<ul>
<li>At least 3 years’ experience in IT infrastructure roles;</li>
<li>Datacentre management experience;</li>
<li>Strong project management and organisational skills;</li>
<li>Good verbal and written communication in English is a must; knowledge of Mandarin is a plus.</li>
<li>Linux server experience and networking skills highly regarded;</li>
<li>Good understanding of hardware and hardware trends;</li>
<li>Flexibility to travel frequently, including during weekends;</li>
<li>Strong investigative analysis skills;</li>
<li>The ability to think critically in a high-paced, constantly changing environment; a sense of urgency is a must;</li>
<li>Strong communication skills and the ability to leverage your colleagues’ s strengths with your own;</li>
</ul><div class=""content-conclusion""><p><strong>About Us</strong></p>
<p><em>IMC is a research-driven trading firm where quantitative modeling, machine learning, and engineering shape how modern markets are traded. A stabilizing force in markets since 1989, we provide liquidity across trading venues, delivering the best outcome in value and risk management to investors. Using our own technology and capital, we build proprietary systems and algorithms that operate across global markets. Our researchers, traders, and engineers work as a collective, combining rapid experimentation, advanced infrastructure, and real-time feedback to turn insight into execution and execution into advantage.</em></p>
<p>&nbsp;</p></div>",https://job-boards.eu.greenhouse.io/imc/jobs/4694604101,2026-09-24
IMC,Data Engineer,"Chicago, United States","<p>We are seeking a dedicated and experienced Data Engineer to join our Chicago team. The ideal candidate is energized by working in a cutting-edge environment that enables IMC to continue to be at the forefront of the evolving global financial markets.</p>
<p><strong>Your Core Responsibilities:</strong></p>
<ul>
<li>Architect, develop and deploy our Big Data environment (Kafka, Hadoop, Dremio, etc.)</li>
<li>Build, deploy, and monitor our data processing pipelines (Java, Python, Spark, Flink)</li>
<li>Collaborate with development teams on data modeling, data ingestion, and capacity planning</li>
<li>Work with users to ensure data integrity and availability</li>
<li>Act as a Big Data SME and consult on a variety of data-related questions from users and developers</li>
</ul>
<p><strong>Your Skills and Experience:</strong></p>
<ul>
<li>5+ years experience working in a mature data engineering environment</li>
<li>3+ years of experience building Kafka streaming applications and/or maintaining Kafka clusters</li>
<li>2+ years of experience building applications/pipelines with Big Data backends (S3, HDFS, Databricks, Iceberg, etc)</li>
<li>Experience with Apache Spark, Apache Flink or similar tools</li>
<li>Strong Java, Python, and SQL development skills</li>
<li>Experience with common data-science toolkits, especially python-based</li>
<li>Hands-on experience with Kubernetes and Docker</li>
<li>Experience with monitoring tools such as Prometheus/Grafana, Alert Manager, Alerta and OpsGenie</li>
<li>Strong statistical analysis skills</li>
<li>Demonstrated ability to troubleshoot and conduct root-cause analysis</li>
<li>Unix scripting experience (bash, python, etc.)</li>
</ul><div class=""content-pay-transparency""><div class=""pay-input""><div class=""description""><p>The Base Salary range for the role is included below. Base salary is only one component of total compensation; all full-time, permanent positions are eligible for a discretionary bonus and benefits, including paid leave and insurance.&nbsp;Please visit <a href=""https://www.imc.com/us/careers/benefits"">Benefits - US | IMC Trading</a> for more comprehensive information.</p></div><div class=""title"">Salary Range</div><div class=""pay-range""><span>$175,000</span><span class=""divider"">&mdash;</span><span>$225,000 USD</span></div></div></div><div class=""content-conclusion""><p><strong>About Us</strong></p>
<p><em>IMC is a research-driven trading firm where quantitative modeling, machine learning, and engineering shape how modern markets are traded. A stabilizing force in markets since 1989, we provide liquidity across trading venues, delivering the best outcome in value and risk management to investors. Using our own technology and capital, we build proprietary systems and algorithms that operate across global markets. Our researchers, traders, and engineers work as a collective, combining rapid experimentation, advanced infrastructure, and real-time feedback to turn insight into execution and execution into advantage.</em></p>
<p>&nbsp;</p></div>",https://job-boards.eu.greenhouse.io/imc/jobs/4439297101,2026-09-24
IMC,Data Engineer - Infrastructure,"Chicago, United States","<p>We are hiring an Engineer to join our Data Engineering Infrastructure team, where you will help build and scale the storage and data platforms that power our HFT business. This is a hands-on role for someone who enjoys working close to the bare metal systems. Operating large-scale open-source storage, enterprise storage,&nbsp;tuning Linux systems for performance, automating infrastructure. As our data footprint grows, you will play a key part in keeping our infrastructure fast, reliable, and ready to scale.</p>
<p><strong>Your Core Responsibilities:</strong></p>
<ul>
<li>Design, deploy, and operate large-scale data storage infrastructure, including Hadoop, enterprise storage and S3-compatible platforms</li>
<li>Tune Linux systems for I/O throughput and overall performance</li>
<li>Automate configuration and deployment using Ansible, Puppet or other automation platform</li>
<li>Build observability into the platform with Prometheus and related tooling</li>
<li>Partner with engineering teams to deliver reliable, well-architected data solutions with a focus on Storage and Kafka</li>
<li>Familiarity with Kubernetes</li>
</ul>
<p><strong>Your Skills &amp; Experience:</strong></p>
<ul>
<li>5+ years of experience in systems engineering with a strong focus on data storage</li>
<li>Strong Linux fundamentals, debugging skills, including performance tuning for I/O throughput</li>
<li>Hands-on experience with Ansible and Puppet for configuration management and automation</li>
<li>Familiarity with open-source, S3 API compliant, and enterprise storage technologies</li>
<li>Working knowledge of the Hadoop ecosystem, including YARN</li>
<li>Experience in Java and Python</li>
<li>Comfort working with AI-assisted development tools such as Claude in an enterprise setting</li>
<li>Experience with Prometheus-based monitoring and alerting</li>
</ul><div class=""content-pay-transparency""><div class=""pay-input""><div class=""description""><p>The Base Salary range for the role is included below. Base salary is only one component of total compensation; all full-time, permanent positions are eligible for a discretionary bonus and benefits, including paid leave and insurance.&nbsp;Please visit <a href=""https://www.imc.com/us/careers/benefits"">Benefits - US | IMC Trading</a> for more comprehensive information.</p></div><div class=""title"">Salary Range</div><div class=""pay-range""><span>$175,000</span><span class=""divider"">&mdash;</span><span>$225,000 USD</span></div></div></div><div class=""content-conclusion""><p><strong>About Us</strong></p>
<p><em>IMC is a research-driven trading firm where quantitative modeling, machine learning, and engineering shape how modern markets are traded. A stabilizing force in markets since 1989, we provide liquidity across trading venues, delivering the best outcome in value and risk management to investors. Using our own technology and capital, we build proprietary systems and algorithms that operate across global markets. Our researchers, traders, and engineers work as a collective, combining rapid experimentation, advanced infrastructure, and real-time feedback to turn insight into execution and execution into advantage.</em></p>
<p>&nbsp;</p></div>",https://job-boards.eu.greenhouse.io/imc/jobs/4945646101,2026-09-24
IMC,Data Platform Operations Engineer – Performance,"Chicago, United States","<p>We are looking for a data-focused engineer with a strong operational focus to support the Performance Team’s data platform at IMC. This role is responsible for the reliability, correctness, and performance of data systems that directly support performance analysis and decision-making.</p>
<p>The role is production-facing and works closely with the Performance team and aligned stakeholders to ensure data workflows are robust, observable, and efficient.</p>
<p><strong>Your Core Responsibilities: </strong></p>
<ul>
<li>Own the operational health of the Performance Team’s data platform</li>
<li>Monitor and maintain ETLs and data pipelines for correctness, timeliness, and stability</li>
<li>Design and maintain data quality checks, reports, and alerting specific to performance data</li>
<li>Investigate and resolve data issues and pipeline failures, driving problems to root cause</li>
<li>Own and troubleshoot GitLab CI/CD pipeline issues related to performance data workflows</li>
<li>Monitor workloads and resource usage; identify and resolve imbalances and bottlenecks</li>
<li>Build and maintain operational tooling, automation, and runbooks</li>
<li>Continuously tune data pipelines and workloads to improve performance and resource efficiency</li>
</ul>
<p><strong>Your Skills &amp; Experience:</strong></p>
<ul>
<li>3+ years of experience in software engineering or data engineering with an operational or production focus</li>
<li>A Bachelor’s Degree in Computer Science or a related field is strongly preferred</li>
<li>Proficiency in Python, with hands-on experience using PySpark and Pandas</li>
<li>Experience supporting production ETL or data processing systems</li>
<li>Familiarity with Git-based development workflows and CI/CD systems (GitLab preferred)</li>
<li>Strong analytical skills and attention to detail</li>
<li>Comfortable taking ownership in a performance- and reliability-critical environment</li>
<li>Experience working with performance-critical or high-throughput systems</li>
<li>Exposure to workload scheduling, resource management, or cluster-based compute</li>
</ul><div class=""content-pay-transparency""><div class=""pay-input""><div class=""description""><p>The Base Salary range for the role is included below. Base salary is only one component of total compensation; all full-time, permanent positions are eligible for a discretionary bonus and benefits, including paid leave and insurance.&nbsp;Please visit <a href=""https://www.imc.com/us/careers/benefits"">Benefits - US | IMC Trading</a> for more comprehensive information.</p></div><div class=""title"">Salary Range</div><div class=""pay-range""><span>$185,000</span><span class=""divider"">&mdash;</span><span>$225,000 USD</span></div></div></div><div class=""content-conclusion""><p><strong>About Us</strong></p>
<p><em>IMC is a research-driven trading firm where quantitative modeling, machine learning, and engineering shape how modern markets are traded. A stabilizing force in markets since 1989, we provide liquidity across trading venues, delivering the best outcome in value and risk management to investors. Using our own technology and capital, we build proprietary systems and algorithms that operate across global markets. Our researchers, traders, and engineers work as a collective, combining rapid experimentation, advanced infrastructure, and real-time feedback to turn insight into execution and execution into advantage.</em></p>
<p>&nbsp;</p></div>",https://job-boards.eu.greenhouse.io/imc/jobs/4826897101,2026-09-24
IMC,Data Quality Engineer,"Amsterdam, Netherlands","<p data-renderer-start-pos=""32"" data-local-id=""816ffa3f23f5"">At&nbsp;<span data-highlighted=""true"" data-vc=""highlighted-text""><span data-testid=""definition-highlighter"">IMC</span></span>, data shapes trading decisions across a wide range of financial products. The Data Quality team owns the integrity, completeness, and timeliness of the datasets our Quantitative Researchers and Traders rely on. As a Data Quality Engineer, you design the statistical methods that detect, characterise, and quantify issues in those datasets. Additionally, you own&nbsp;historical datasets that turn raw vendor and internal feeds into pricing-grade inputs and output.</p>
<h3 id=""Your-responsibilities"" data-local-id=""8aa2792f7eb1"" data-renderer-start-pos=""491"">Your responsibilities</h3>
<p><strong>Statistical methods</strong></p>
<ul>
<li>Design statistical methods from first principles to detect outliers, distribution shifts, stale values, missing values, and inconsistencies across market datasets.</li>
<li>Investigate anomalies, quantify their impact on pricing and trading decisions, and communicate findings through written analyses and design documents.&nbsp;</li>
<li>Refactor and generalise methods as new asset classes and regions expose edge cases.</li>
</ul>
<h4 id=""Historical-Datasets"" data-local-id=""0f0d11215cb0"" data-renderer-start-pos=""961"">Historical Datasets</h4>
<ul>
<li data-renderer-start-pos=""982"" data-local-id=""6924092e5f27"">Ingest, assess, clean and maintain historical data from various external sources by designing and owning automated pipelines for corrections</li>
<li data-renderer-start-pos=""1132"" data-local-id=""6ee783dc38d2"">Engage researchers and traders directly on data trust, methodology, and trade-offs.</li>
<li data-renderer-start-pos=""1225"" data-local-id=""57b8544f07fe"">Coordinate across curators, quantitative researchers, and developers for each dataset.</li>
</ul>
<h4 id=""Curation-in-production"" data-local-id=""ef40038f3471"" data-renderer-start-pos=""1321"">Curation in production</h4>
<ul>
<li data-renderer-start-pos=""1345"" data-local-id=""bfe70ac19810"">Roll out new and existing methods to production across regions and asset classes.</li>
<li data-renderer-start-pos=""1436"" data-local-id=""669005faba6d"">Contribute production code in shared libraries</li>
</ul>
<h3 id=""What-you-bring-to-the-team"" data-local-id=""09a249af1c25"" data-renderer-start-pos=""1492"">What you bring to the team</h3>
<ul>
<li data-renderer-start-pos=""1520"" data-local-id=""9ac68abcebe3"">3–5 years working with large-scale financial or scientific datasets.</li>
<li data-renderer-start-pos=""1598"" data-local-id=""46a649fcafc4"">A Master's degree in a quantitative discipline (Mathematics, Statistics, Econometrics, Physics, or similar).</li>
<li data-renderer-start-pos=""1716"" data-local-id=""a29fe3a3cf6e"">Strong Python including the statistical libraries used for time-series analysis and surface fitting.</li>
<li data-renderer-start-pos=""1826"" data-local-id=""f60c1350f9b0"">Comfortable moving between interactive analysis and production code.</li>
<li data-renderer-start-pos=""1904"" data-local-id=""c295a13ae3b8"">A self-starter who finds the work that must be done, and does it without direction</li>
<li data-renderer-start-pos=""1996"" data-local-id=""b7bf01d53016"">Direct stakeholder communication with researchers and traders on data trust.</li>
<li data-renderer-start-pos=""2082"" data-local-id=""c216a7eb918e"">Intellectual curiosity about messy real-world market data.</li>
<li data-renderer-start-pos=""2082"" data-local-id=""c216a7eb918e"">Genuine interest in financial markets (no prior knowledge or experience is required)</li>
</ul><div class=""content-conclusion""><p><strong>About Us</strong></p>
<p><em>IMC is a research-driven trading firm where quantitative modeling, machine learning, and engineering shape how modern markets are traded. A stabilizing force in markets since 1989, we provide liquidity across trading venues, delivering the best outcome in value and risk management to investors. Using our own technology and capital, we build proprietary systems and algorithms that operate across global markets. Our researchers, traders, and engineers work as a collective, combining rapid experimentation, advanced infrastructure, and real-time feedback to turn insight into execution and execution into advantage.</em></p>
<p>&nbsp;</p></div>",https://job-boards.eu.greenhouse.io/imc/jobs/4879217101,2026-09-24
IMC,Equity Options Trader,"Amsterdam, Netherlands","<p>Our Europe &amp; Brazil Equity Options market has traditionally focused on highly liquid stocks but has expanded in scope to many more symbols. As a result, we have a wide range of new and exciting problems to solve. We are looking for experienced Equity Options Trader to strengthen the group, help us tackle these new challenges and expand our fast-growing team to cover more symbols and regions, with a particular focus on positional trading strategies.<br><strong><br>Your core responsibilities:&nbsp; </strong></p>
<ul>
<li>You will maximize revenue by creating competitive edge trading strategies, using our existing signals suite and contributing to its improvement</li>
<li>You will have lots of responsibility and ownership early on to drive strategies forward and be successful</li>
<li>IMC is highly collaborative between traders, quants, and developers so the scope of responsibility is fairly fluid involving a mixture of operational trading and data-driven analysis</li>
<li>We’ve already created partnerships and business models to facilitate our expansion and we’re currently working to improve our options pricing; investigating new models and improving our existing framework</li>
</ul>
<p><strong>Your skills and experience: </strong></p>
<ul>
<li>You are an experienced equity option trader with at least 2 years’ experience</li>
<li>You have relevant tertiary qualifications (graduate or post graduate), with strong academic results, preference in mathematics, science, financial engineering or computer science</li>
<li>You have proven ability to act and perform successfully in a fast moving and high pressured environment</li>
<li>You have a passion for learning; you are driven to succeed, you work well individually and in a team to get results</li>
<li>Experience in computer programming is a plus (Python, C/C++, Java, Matlab, SQL)</li>
<li>You will be highly analytical, constantly enhancing your strategies to improve the quality of trades, pinpoint missed opportunities, and identify new trading ideas and products</li>
</ul><div class=""content-conclusion""><p><strong>About Us</strong></p>
<p><em>IMC is a research-driven trading firm where quantitative modeling, machine learning, and engineering shape how modern markets are traded. A stabilizing force in markets since 1989, we provide liquidity across trading venues, delivering the best outcome in value and risk management to investors. Using our own technology and capital, we build proprietary systems and algorithms that operate across global markets. Our researchers, traders, and engineers work as a collective, combining rapid experimentation, advanced infrastructure, and real-time feedback to turn insight into execution and execution into advantage.</em></p>
<p>&nbsp;</p></div>",https://job-boards.eu.greenhouse.io/imc/jobs/4594570101,2026-09-24
IMC,Equity Options Volatility Trader,"Sydney,  Australia","<p>IMC is a global market maker, using advanced technology and sophisticated strategies to trade across major financial markets. With offices in Amsterdam, Chicago, and Sydney, we combine deep market expertise with cutting-edge systems to provide liquidity around the clock.</p>
<p>Our Equity Options desk is a fast-growing part of the business, trading a wide range of single stocks across the APAC region. We combine best-in-class execution, proprietary models, and high-quality market data to capture opportunities in both high-frequency and directional trading strategies. As we continue to expand this area, we’re looking for an experienced Equity Options Trader to help drive performance and innovation.</p>
<p><strong>Your Core Responsibilities:&nbsp;</strong></p>
<ul>
<li>Run and develop equity options trading strategies across key APAC single stocks, using both your own insights and the broader team's research and tools.</li>
<li>Collaborate closely with quant researchers, software engineers, and execution specialists to optimize pricing, hedging, and risk management.</li>
<li>Make real-time trading decisions based on market dynamics, volatility, and flow.</li>
<li>Contribute to the evolution of our equity options trading desk, from strategy refinement to new market expansion.</li>
<li>Mentor junior traders and share your expertise to strengthen the team as a whole.</li>
</ul>
<p><strong>Your Skills and Experience:&nbsp;</strong></p>
<ul>
<li>5+ years of experience managing an equity options book focused on the Hong Kong market at a trading firm, bank, or market maker</li>
<li>Strong track record of profitability in directional or volatility-based strategies.</li>
<li>Deep understanding of options Greeks, volatility surfaces, and market microstructure.</li>
<li>Confident, fast decision-maker with a solid risk framework and entrepreneurial mindset.</li>
</ul><div class=""content-conclusion""><p><strong>About Us</strong></p>
<p><em>IMC is a research-driven trading firm where quantitative modeling, machine learning, and engineering shape how modern markets are traded. A stabilizing force in markets since 1989, we provide liquidity across trading venues, delivering the best outcome in value and risk management to investors. Using our own technology and capital, we build proprietary systems and algorithms that operate across global markets. Our researchers, traders, and engineers work as a collective, combining rapid experimentation, advanced infrastructure, and real-time feedback to turn insight into execution and execution into advantage.</em></p>
<p>&nbsp;</p></div>",https://job-boards.eu.greenhouse.io/imc/jobs/4283842101,2026-09-24
IMC,Equity Research Analyst  ,"Chicago, United States","<div id=""page-2"" class=""_kqswh2mm _bfhku67f _18u01wug _2hwx1wug"" data-testid=""page-1"">IMC is looking for an Analyst to drive forward a rapidly growing research team that supports its extensive Equity Options trading business. The position will work hand and hand with current experienced team members, senior traders and senior management to continue building IMC’s proprietary research platform and research team. The role will include all of the functions of a research analyst as well as driving members of the research and trading teams to critically think about specific company analysis and the impact of that analysis on equity options market dynamics. Here your decisions have direct impact on the company’s trading profits and we are a place where creativity, teamwork and innovation are recognized and rewarded.&nbsp;</div>
<div class=""_kqswh2mm _bfhku67f _18u01wug _2hwx1wug"" data-testid=""page-1"">&nbsp;</div>
<div class=""_kqswh2mm _bfhku67f _18u01wug _2hwx1wug"" data-testid=""page-1""><strong>Your Core Responsibilities: </strong></div>
<div class=""_kqswh2mm _bfhku67f _18u01wug _2hwx1wug"" data-testid=""page-1"">
<ul>
<li>Provide real-time news analysis to traders, including potential impact.</li>
<li>Provide critical feedback for traders and other analysts regarding company analysis and the potential impacts of those analyses</li>
<li>Construct possible outcomes for both short and medium term equity moving events.</li>
<li>Keep up to date with any and all major US sectors, including but not limited to: Biotech, Healthcare, Financials, Energy, Tech, and Industrial.</li>
<li>Understand the possible risks for certain equity positions by providing due diligence on existing positions and keep abreast of major Macro events.&nbsp;</li>
<li>Work side by side w/ the trading team to analyze specific company events and manage risk around the expected impact of those events</li>
<li>Challenge the status quo and help create a vision for the future of the IMC research team&nbsp;</li>
</ul>
<p><strong>Your Skills and Experience: </strong></p>
<ul>
<li>1+ years’ experience as an equity analyst/associate (trading environment preferred)</li>
<li>Proven experience covering a broad range of sectors, plus the willingness to adapt focus, based on evolving opportunities</li>
<li>Comfort working with incomplete information, utilizing quantitative information as available but able supplement with qualitative insight&nbsp;</li>
<li>Experience with programming in Python, R or Matlab is a plus.</li>
<li>Strong Options knowledge including an understanding of the Greeks</li>
<li>Ability to work successfully in a fast-moving and competitive environment.&nbsp;</li>
<li>Desire to work in a team environment is a must.</li>
</ul>
</div><div class=""content-pay-transparency""><div class=""pay-input""><div class=""description""><p>The Base Salary range for the role is included below. Base salary is only one component of total compensation; all full-time, permanent positions are eligible for a discretionary bonus and benefits, including paid leave and insurance.&nbsp;Please visit <a href=""https://www.imc.com/us/careers/benefits"">Benefits - US | IMC Trading</a> for more comprehensive information.</p></div><div class=""title"">Salary Range</div><div class=""pay-range""><span>$150,000</span><span class=""divider"">&mdash;</span><span>$200,000 USD</span></div></div></div><div class=""content-conclusion""><p><strong>About Us</strong></p>
<p><em>IMC is a research-driven trading firm where quantitative modeling, machine learning, and engineering shape how modern markets are traded. A stabilizing force in markets since 1989, we provide liquidity across trading venues, delivering the best outcome in value and risk management to investors. Using our own technology and capital, we build proprietary systems and algorithms that operate across global markets. Our researchers, traders, and engineers work as a collective, combining rapid experimentation, advanced infrastructure, and real-time feedback to turn insight into execution and execution into advantage.</em></p>
<p>&nbsp;</p></div>",https://job-boards.eu.greenhouse.io/imc/jobs/4696380101,2026-09-24
IMC,EU Campus - Aarhus Hackahton IMCity,"Aarhus, Central Denmark Region, Denmark","<p>Join IMC for an exclusive hackathon on November 11th at our office, where 20 selected students will get hands-on experience trading Aarhus-style in a fast-paced, high-energy environment designed by traders and engineers who do this for a living.</p>
<p>This is your chance to see what it's really like to build software that powers financial markets — and to show us what you've got.</p>
<p><strong>Who should apply</strong><br>We're looking for students who love to code and are curious about applying that skill to the world of trading and financial markets. Whether you're aiming for a career as a software engineer or want to experience life at a top trading firm, this event is for you.</p>
<p><strong>What you'll do</strong><br>Tackle a trading-inspired coding challenge, guided by IMC engineers and traders, and compete for prizes — with the added bonus of a fast-tracked interview process for our <strong>2027 Graduate Software Engineer</strong> or <strong>Working Student</strong> roles.</p>
<p><strong>Requirements</strong></p>
<ul>
<li>Currently enrolled student in Aarhus or Aalborg University, graduating in 2026 or 2027&nbsp;</li>
<li>Proficiency in <strong>C++ or Java</strong></li>
<li>Genuine interest in coding and financial markets</li>
</ul>
<p><strong>Why join</strong></p>
<ul>
<li>Solve a real trading-style engineering problem</li>
<li>Meet IMC engineers and traders</li>
<li>Win prizes</li>
<li>Fast-track your interview process for our grad or working student program</li>
</ul>
<p><em>*Timing of the event will be from 14:00-19:30</em></p><div class=""content-conclusion""><p><strong>About Us</strong></p>
<p><em>IMC is a research-driven trading firm where quantitative modeling, machine learning, and engineering shape how modern markets are traded. A stabilizing force in markets since 1989, we provide liquidity across trading venues, delivering the best outcome in value and risk management to investors. Using our own technology and capital, we build proprietary systems and algorithms that operate across global markets. Our researchers, traders, and engineers work as a collective, combining rapid experimentation, advanced infrastructure, and real-time feedback to turn insight into execution and execution into advantage.</em></p>
<p>&nbsp;</p></div>",https://job-boards.eu.greenhouse.io/imc/jobs/4960875101,2026-09-24
IMC,Executive Assistant,"Mumbai, India","<p>As an Executive Assistant at IMC India, you will be be expected to be a creative problem solver to the Managing Director and Senior Business Leaders across our India region. In an environment where speed and precision are non-negotiable, your job is to ensure that leadership operates at its highest level — removing friction, anticipating complexity, and protecting the time of people who make high-stakes decisions every day.</p>
<p>You will build trusted relationships across IMC's global network — spanning Amsterdam, Singapore, Chicago, and beyond — coordinating seamlessly across time zones and teams. This is not a traditional scheduling role. You will act with initiative, exercise sound judgement, and represent the leaders you support with the same professionalism and discretion they would bring themselves.</p>
<p>&nbsp;</p>
<p><strong>Your Core Responsibilities: </strong></p>
<ul>
<li>Supporting correspondence for MD &amp; Head of Options with broader business including global offices.</li>
<li>Meeting coordination, agenda creation, minute taking and any subsequent reporting</li>
<li>Collation and distribution of reports, presentations and meeting packs for<span class=""s2""> Town Halls, Monthly Updates etc.</span></li>
<li>Assisting with travel arrangements<span class=""Apple-converted-space"">&nbsp;</span></li>
<li class=""li7"">Managing various support &amp; administrative tasks<span class=""Apple-converted-space"">&nbsp;</span></li>
<li class=""li7"">Work with office management team where required<span class=""Apple-converted-space"">&nbsp;</span></li>
<li class=""li7"">Exercising discretion, initiative and confidentiality in the above<span class=""Apple-converted-space"">&nbsp;</span></li>
</ul>
<p>&nbsp;</p>
<p><strong>Your Skills and Experience:&nbsp;</strong></p>
<ul>
<li>6-10 years of experience supporting C-suite or senior leadership, ideally in financial services, technology, or similarly fast-paced, high-stakes environments</li>
<li>Exceptional organisational skills with the ability to manage multiple competing priorities simultaneously — without losing accuracy or composure</li>
<li>Strong&nbsp;interpersonal skills: you build trust quickly, engage confidently with senior leaders globally, and know when to push back and when to absorb</li>
<li>A high degree of discretion and professional maturity when handling sensitive information</li>
<li>A bias for action and comfort with ambiguity: you figure things out and make sound judgement calls rather than waiting for perfect information</li>
<li>Clear, direct&nbsp;written and verbal communication in English; able to represent leadership credibly in any context</li>
<li>Proficiency with&nbsp;modern productivity tools (AI, Powerpoint, Excel); experience with global calendar platforms, travel booking systems, and expense management tools</li>
</ul><div class=""content-conclusion""><p><strong>About Us</strong></p>
<p><em>IMC is a research-driven trading firm where quantitative modeling, machine learning, and engineering shape how modern markets are traded. A stabilizing force in markets since 1989, we provide liquidity across trading venues, delivering the best outcome in value and risk management to investors. Using our own technology and capital, we build proprietary systems and algorithms that operate across global markets. Our researchers, traders, and engineers work as a collective, combining rapid experimentation, advanced infrastructure, and real-time feedback to turn insight into execution and execution into advantage.</em></p>
<p>&nbsp;</p></div>",https://job-boards.eu.greenhouse.io/imc/jobs/4694088101,2026-09-24
IMC,Experienced Recruiter – Technology and Business Operations,"Chicago, United States","<p class=""s2"">At IMC, our success depends on attracting exceptional people across every part of our business. We’re looking for an experienced recruiter to join our Experienced Recruitment team and<span class=""Apple-converted-space"">&nbsp;</span>drive<span class=""Apple-converted-space"">&nbsp;</span>hiring across technology and business operations roles.</p>
<p class=""s2"">This is a high-impact role for someone who can quickly understand different teams and talent markets, build strong relationships with hiring managers, and develop thoughtful strategies to attract outstanding candidates. Prior experience in trading or financial services is not required;<span class=""Apple-converted-space"">&nbsp;</span>we are particularly interested in recruiters who can bring fresh perspectives and translate experience from other<span class=""Apple-converted-space"">&nbsp;</span>highly performing, innovative organizations.</p>
<p class=""s2"">&nbsp;</p>
<p><strong>Your Core Responsibilities:&nbsp;</strong></p>
<ul>
<li>
<div class=""s4"">Partner closely with leaders across technology and business operations to understand their teams, priorities, and hiring needs.</div>
<div class=""s4"">&nbsp;</div>
</li>
<li>
<div class=""s4"">Act as a trusted advisor to hiring managers, providing insights on talent markets, candidate availability, assessment, and recruiting best practices.</div>
<div class=""s4"">&nbsp;</div>
</li>
<li>
<div class=""s4"">Develop and execute creative sourcing strategies that engage both active and passive candidates across a diverse range of functions and experience levels.</div>
<div class=""s4"">&nbsp;</div>
</li>
<li>
<div class=""s4"">Build high-quality talent pipelines through direct sourcing, networking, referrals, research, and long-term relationship building.</div>
<div class=""s4"">&nbsp;</div>
</li>
<li>
<div class=""s4"">Manage the full recruitment lifecycle, from role intake and market mapping through assessment, offer, and close.</div>
<div class=""s4"">&nbsp;</div>
</li>
<li>
<div class=""s4"">Assess candidates for their capabilities, potential, motivation, and alignment with IMC’s culture and the needs of the hiring team.</div>
<div class=""s4"">&nbsp;</div>
</li>
<li>
<div class=""s4"">Create a personalized and engaging candidate experience that clearly communicates IMC’s work, culture, and opportunities.</div>
<div class=""s4"">&nbsp;</div>
</li>
<li>
<div class=""s4"">Manage external recruitment partners when needed, ensuring clear expectations, high-quality delivery, and alignment with IMC’s standards.</div>
<div class=""s4"">&nbsp;</div>
</li>
<li>
<div class=""s4"">Continuously evaluate and improve recruitment processes to increase efficiency, consistency, and quality of hire.</div>
<div class=""s4"">&nbsp;</div>
</li>
<li>
<div class=""s4"">Provide clear, regular updates to stakeholders, using data and market insights to highlight progress, identify challenges, and inform recruiting strategies.</div>
</li>
</ul>
<p><em>&nbsp;</em></p>
<p><strong>Your Skills and Experience:&nbsp;</strong></p>
<ul>
<li>
<div class=""s4"">5+ years of full-cycle recruiting experience, with experience hiring across technology, business operations, or a similarly broad portfolio of roles.</div>
<div class=""s4"">&nbsp;</div>
</li>
<li>
<div class=""s4"">A strong track record of identifying, engaging, and closing high-quality candidates in competitive talent markets.</div>
<div class=""s4"">&nbsp;</div>
</li>
<li>
<div class=""s4"">The curiosity and learning agility to quickly understand unfamiliar functions, roles, and candidate profiles.</div>
<div class=""s4"">&nbsp;</div>
</li>
<li>
<div class=""s4"">Strong stakeholder management skills, including the ability to influence, advise, and adapt as business priorities evolve.</div>
<div class=""s4"">&nbsp;</div>
</li>
<li>
<div class=""s4"">Experience developing sourcing strategies and engaging passive candidates rather than relying primarily on inbound applications or agencies.</div>
<div class=""s4"">&nbsp;</div>
</li>
<li>
<div class=""s4"">Excellent organization and execution skills, with the ability to manage multiple searches and stakeholders while maintaining a high bar for quality.</div>
<div class=""s4"">&nbsp;</div>
</li>
<li>
<div class=""s4"">Strong judgment and communication skills, with the ability to create<span class=""Apple-converted-space"">&nbsp;</span>credible<span class=""Apple-converted-space"">&nbsp;</span>and engaging experience for candidates and hiring teams.</div>
<div class=""s4"">&nbsp;</div>
</li>
<li>
<div class=""s4"">Experience using applicant tracking systems and other recruitment tools to manage activity, maintain accurate data, and generate insights.</div>
<div class=""s4"">&nbsp;</div>
</li>
<li>
<div class=""s4"">Undergraduate degree required.</div>
</li>
</ul>
<p>&nbsp;</p>
<p><em>Please note that immigration sponsorship is not offered for this specific opening.</em></p>
<p><span style=""color: rgb(221, 234, 255);"">#<span data-highlighted=""true"" data-vc=""highlighted-text"">LI-DNI</span></span></p><div class=""content-pay-transparency""><div class=""pay-input""><div class=""description""><p>The Base Salary range for the role is included below. Base salary is only one component of total compensation; all full-time, permanent positions are eligible for a discretionary bonus and benefits, including paid leave and insurance.&nbsp;Please visit <a href=""https://www.imc.com/us/careers/benefits"">Benefits - US | IMC Trading</a> for more comprehensive information.</p></div><div class=""title"">Salary Range</div><div class=""pay-range""><span>$120,000</span><span class=""divider"">&mdash;</span><span>$160,000 USD</span></div></div></div><div class=""content-conclusion""><p><strong>About Us</strong></p>
<p><em>IMC is a research-driven trading firm where quantitative modeling, machine learning, and engineering shape how modern markets are traded. A stabilizing force in markets since 1989, we provide liquidity across trading venues, delivering the best outcome in value and risk management to investors. Using our own technology and capital, we build proprietary systems and algorithms that operate across global markets. Our researchers, traders, and engineers work as a collective, combining rapid experimentation, advanced infrastructure, and real-time feedback to turn insight into execution and execution into advantage.</em></p>
<p>&nbsp;</p></div>",https://job-boards.eu.greenhouse.io/imc/jobs/4969287101,2026-09-24
IMC,Experienced Risk Manager,"Chicago, United States","<div id=""page-1"" class=""_kqswh2mm _bfhku67f _18u01wug _2hwx1wug"" data-testid=""page-0""><span style=""font-family: helvetica, arial, sans-serif;"">IMC is looking for an Experienced Risk Manager to join our Chicago Risk team, focusing primarily on Delta One business. Risk at IMC is deeply integrated with trading—we don't operate as a separate control function. Instead, we work sideby-side with traders and technology teams to understand risk, challenge assumptions, and help build the frameworks that support better trading decisions. Our team has a broad mandate across market, credit, capital, and operational risk. Rather than assigning rigid responsibilities, we encourage people to contribute wherever they can have the greatest impact. You'll collaborate daily with traders, quantitative researchers, and software engineers while helping shape the firm's approach to risk across existing and emerging trading strategies. This is an opportunity to join a highly collaborative team with significant visibility across the business, direct exposure to senior leadership, and the ability to influence both day-to-day trading decisions and the long-term evolution of IMC's risk framework.&nbsp;</span></div>
<div><span style=""font-family: helvetica, arial, sans-serif;""><em>&nbsp;</em></span></div>
<div>&nbsp;</div>
<div><span style=""font-family: helvetica, arial, sans-serif;""><strong>Your Core Responsibilities:&nbsp;</strong></span></div>
<div>
<ul>
<li style=""font-family: helvetica, arial, sans-serif;"">
<p class=""_kqswh2mm _bfhku67f _18u01wug _2hwx1wug"" data-testid=""page-0""><span style=""font-family: helvetica, arial, sans-serif;"">Partner closely with traders to identify, monitor, and manage risk across a wide range of trading strategies&nbsp;</span></p>
</li>
<li style=""font-family: helvetica, arial, sans-serif;"">
<p class=""_kqswh2mm _bfhku67f _18u01wug _2hwx1wug"" data-testid=""page-0""><span style=""font-family: helvetica, arial, sans-serif;"">Monitor and analyze market, credit, capital, and operational risks across IMC's portfolios</span></p>
</li>
<li style=""font-family: helvetica, arial, sans-serif;"">
<p class=""_kqswh2mm _bfhku67f _18u01wug _2hwx1wug"" data-testid=""page-0""><span style=""font-family: helvetica, arial, sans-serif;"">Develop and enhance risk methodologies for products including equities, ETFs, futures, and other exchange-traded instruments&nbsp;</span></p>
</li>
<li style=""font-family: helvetica, arial, sans-serif;"">
<p class=""_kqswh2mm _bfhku67f _18u01wug _2hwx1wug"" data-testid=""page-0""><span style=""font-family: helvetica, arial, sans-serif;"">Analyze concentration risk, tail-event scenarios, and other portfolio-level exposures to improve risk visibility and decision-making&nbsp;</span></p>
</li>
<li style=""font-family: helvetica, arial, sans-serif;"">
<p class=""_kqswh2mm _bfhku67f _18u01wug _2hwx1wug"" data-testid=""page-0""><span style=""font-family: helvetica, arial, sans-serif;"">Build and enhance quantitative risk tools, reporting, and monitoring frameworks using Python&nbsp;</span></p>
</li>
<li style=""font-family: helvetica, arial, sans-serif;"">
<p class=""_kqswh2mm _bfhku67f _18u01wug _2hwx1wug"" data-testid=""page-0""><span style=""font-family: helvetica, arial, sans-serif;"">Partner with software engineering teams to improve risk infrastructure and automate risk workflows&nbsp;</span></p>
</li>
<li style=""font-family: helvetica, arial, sans-serif;"">
<p class=""_kqswh2mm _bfhku67f _18u01wug _2hwx1wug"" data-testid=""page-0""><span style=""font-family: helvetica, arial, sans-serif;"">Work closely with traders to evaluate new strategies, products, and markets while ensuring appropriate risk controls are in place</span></p>
</li>
<li style=""font-family: helvetica, arial, sans-serif;"">
<p class=""_kqswh2mm _bfhku67f _18u01wug _2hwx1wug"" data-testid=""page-0""><span style=""font-family: helvetica, arial, sans-serif;"">Challenge existing processes and propose new frameworks that improve how IMC understands and manages risk</span></p>
<p><span style=""font-family: helvetica, arial, sans-serif;""><em>&nbsp;&nbsp;</em></span></p>
</li>
</ul>
</div>
<div><span style=""font-family: helvetica, arial, sans-serif;""><strong>Your Skills and Experience:&nbsp;</strong></span></div>
<div>
<ul>
<li style=""font-family: helvetica, arial, sans-serif;"">
<p><span style=""font-family: helvetica, arial, sans-serif;"">5+ years of experience in financial risk management, quantitative risk, or a related front-office risk function</span></p>
</li>
<li style=""font-family: helvetica, arial, sans-serif;"">
<p><span style=""font-family: helvetica, arial, sans-serif;"">Experience supporting exchange-traded products such as equities, ETFs, futures, or other linear products</span></p>
</li>
<li style=""font-family: helvetica, arial, sans-serif;"">
<p><span style=""font-family: helvetica, arial, sans-serif;"">Familiarity with Delta One trading strategies</span></p>
</li>
<li style=""font-family: helvetica, arial, sans-serif;"">
<p><span style=""font-family: helvetica, arial, sans-serif;"">Strong analytical and quantitative problem-solving skills &nbsp;</span></p>
</li>
<li style=""font-family: helvetica, arial, sans-serif;"">
<p><span style=""font-family: helvetica, arial, sans-serif;"">Proficiency in Python for data analysis, risk analytics, or automation&nbsp;</span></p>
</li>
<li style=""font-family: helvetica, arial, sans-serif;"">
<p><span style=""font-family: helvetica, arial, sans-serif;"">Working knowledge of SQL is preferred</span></p>
</li>
<li style=""font-family: helvetica, arial, sans-serif;"">
<p><span style=""font-family: helvetica, arial, sans-serif;"">Ability to communicate complex quantitative concepts to traders, engineers, and business stakeholders</span></p>
</li>
<li style=""font-family: helvetica, arial, sans-serif;"">
<p><span style=""font-family: helvetica, arial, sans-serif;"">Comfortable working in a highly collaborative, fast-paced environment with significant ownership and autonomy</span></p>
</li>
<li style=""font-family: helvetica, arial, sans-serif;"">
<p><span style=""font-family: helvetica, arial, sans-serif;"">FINRA SIE and Series 57, or willingness to obtain them after joining IMC</span></p>
</li>
</ul>
</div>
<div>&nbsp;</div>
<div><span style=""font-family: helvetica, arial, sans-serif;""><em>Please note that immigration sponsorship is not offered for this specific opening.</em></span></div>
<div>&nbsp;</div><div class=""content-pay-transparency""><div class=""pay-input""><div class=""description""><p>The Base Salary range for the role is included below. Base salary is only one component of total compensation; all full-time, permanent positions are eligible for a discretionary bonus and benefits, including paid leave and insurance.&nbsp;Please visit <a href=""https://www.imc.com/us/careers/benefits"">Benefits - US | IMC Trading</a> for more comprehensive information.</p></div><div class=""title"">Salary Range</div><div class=""pay-range""><span>$150,000</span><span class=""divider"">&mdash;</span><span>$210,000 USD</span></div></div></div><div class=""content-conclusion""><p><strong>About Us</strong></p>
<p><em>IMC is a research-driven trading firm where quantitative modeling, machine learning, and engineering shape how modern markets are traded. A stabilizing force in markets since 1989, we provide liquidity across trading venues, delivering the best outcome in value and risk management to investors. Using our own technology and capital, we build proprietary systems and algorithms that operate across global markets. Our researchers, traders, and engineers work as a collective, combining rapid experimentation, advanced infrastructure, and real-time feedback to turn insight into execution and execution into advantage.</em></p>
<p>&nbsp;</p></div>",https://job-boards.eu.greenhouse.io/imc/jobs/4942868101,2026-09-24
IMC,Global Internal Auditor,"Amsterdam, Netherlands; London, United Kingdom","<p><strong>About the role</strong></p>
<p>As a Global Internal Auditor at IMC, you’ll work across global teams to evaluate and enhance the effectiveness of our processes, programs, and systems. You’ll take ownership of end-to-end audits, providing assurance that internal controls are well-designed and operating effectively. This role offers the opportunity to act as a trusted advisor to the business, driving improvements and helping shape IMC’s control environment. Over time, you’ll have the freedom to expand your responsibilities and influence, using your insights to make a meaningful impact in a fast-paced, technology-driven environment.</p>
<p><strong>Your core responsibilities</strong></p>
<ul>
<li>Lead and execute end-to-end internal audits across global business units</li>
<li>Assess the design and effectiveness of internal controls, processes, and systems</li>
<li>Provide clear, actionable recommendations to enhance operational efficiency and risk management</li>
<li>Partner with stakeholders across all levels and regions to deliver practical audit outcomes</li>
<li>Prepare and present high-quality audit reports and findings in clear, concise language</li>
<li>Support continuous improvement by identifying opportunities for innovation and process enhancement</li>
<li>Travel internationally (approximately 25%) to conduct audits and collaborate with global teams</li>
</ul>
<p><strong>Your skills and experience</strong></p>
<ul>
<li>University degree in Economics or a related discipline</li>
<li>5–7+ years of relevant audit or assurance experience</li>
<li>Proven ability to drive change, deliver results, and engage effectively with diverse stakeholders</li>
<li>Strong analytical, problem-solving, and communication skills in English (Dutch is a plus)</li>
<li>Highly adaptable, proactive, and able to manage multiple priorities in a dynamic environment<br><br></li>
</ul><div class=""content-conclusion""><p><strong>About Us</strong></p>
<p><em>IMC is a research-driven trading firm where quantitative modeling, machine learning, and engineering shape how modern markets are traded. A stabilizing force in markets since 1989, we provide liquidity across trading venues, delivering the best outcome in value and risk management to investors. Using our own technology and capital, we build proprietary systems and algorithms that operate across global markets. Our researchers, traders, and engineers work as a collective, combining rapid experimentation, advanced infrastructure, and real-time feedback to turn insight into execution and execution into advantage.</em></p>
<p>&nbsp;</p></div>",https://job-boards.eu.greenhouse.io/imc/jobs/4710845101,2026-09-24
IMC,Global Senior IT Auditor,"Chicago, United States","<p class=""font-claude-response-body break-words whitespace-normal"">Our Internal Audit team works globally with stakeholders across all departments, levels, and geographies and creates value as a business advisor by performing audits.</p>
<p class=""font-claude-response-body break-words whitespace-normal"">Internal Audit (IA) is an independent group function whose objective is to review the effectiveness and efficiency of processes, programs, and systems, and to work with the business to add value by providing concrete recommendations.</p>
<p><strong>Core Responsibilities:</strong></p>
<ul>
<li>A demanding role for a highly skilled professional able to support Internal Audit's overall mandate in a dynamic and highly technical environment</li>
<li>Assuring auditees across our business units worldwide that their internal controls are adequately designed and operating effectively</li>
<li>Design and lead all aspects of end-to-end internal audits to validate that controls are adequate and functioning effectively</li>
<li>Opportunity for expansion in responsibilities according to your insights and initiative</li>
</ul>
<p class=""font-claude-response-body break-words whitespace-normal""><strong>Skills and Experience:</strong></p>
<ul>
<li class=""font-claude-response-body break-words whitespace-normal"">A bachelor's degree in Economics or a related field of study</li>
<li class=""font-claude-response-body break-words whitespace-normal"">Professional certification such as CISA or CISSP is preferred, but not required</li>
<li class=""font-claude-response-body break-words whitespace-normal"">8+ years of relevant work experience within IT Audit</li>
<li class=""font-claude-response-body break-words whitespace-normal"">Comfortable with auditing technical platforms such as mainframes and midrange operating systems, middleware, networks, software/source code, data communication and database management systems, information security/technology risk, etc.</li>
<li class=""font-claude-response-body break-words whitespace-normal"">You are driven, self-motivated, ambitious, flexible, and proactive with a proven track record of success, and equally pragmatic.</li>
<li class=""font-claude-response-body break-words whitespace-normal"">You are able to drive change, take initiative, deliver results, engage others, and solve problems within IMC.</li>
<li class=""font-claude-response-body break-words whitespace-normal"">You are highly adaptable and able to handle multiple demands simultaneously.</li>
<li class=""font-claude-response-body break-words whitespace-normal"">Capable of building relationships locally and internationally</li>
<li class=""font-claude-response-body break-words whitespace-normal"">Clear and effective communication and report-writing skills</li>
<li class=""font-claude-response-body break-words whitespace-normal"">Willing to travel to and conduct audits abroad (approximately 25% of the time)</li>
</ul>
<p><em>Please note that immigration sponsorship is not offered for this specific opening.</em></p><div class=""content-pay-transparency""><div class=""pay-input""><div class=""description""><p>The Base Salary range for the role is included below. Base salary is only one component of total compensation; all full-time, permanent positions are eligible for a discretionary bonus and benefits, including paid leave and insurance.&nbsp;Please visit <a href=""https://www.imc.com/us/careers/benefits"">Benefits - US | IMC Trading</a> for more comprehensive information.</p></div><div class=""title"">Salary Range</div><div class=""pay-range""><span>$140,000</span><span class=""divider"">&mdash;</span><span>$190,000 USD</span></div></div></div><div class=""content-conclusion""><p><strong>About Us</strong></p>
<p><em>IMC is a research-driven trading firm where quantitative modeling, machine learning, and engineering shape how modern markets are traded. A stabilizing force in markets since 1989, we provide liquidity across trading venues, delivering the best outcome in value and risk management to investors. Using our own technology and capital, we build proprietary systems and algorithms that operate across global markets. Our researchers, traders, and engineers work as a collective, combining rapid experimentation, advanced infrastructure, and real-time feedback to turn insight into execution and execution into advantage.</em></p>
<p>&nbsp;</p></div>",https://job-boards.eu.greenhouse.io/imc/jobs/4922844101,2026-09-24
IMC,Graduate Hardware Engineer,"Amsterdam, Netherlands","<h3 class=""markdown__heading""><strong>Your IMC Journey as a Graduate Hardware Engineer</strong></h3>
<p>As a Graduate Hardware Engineer at IMC, you’ll begin your career with a comprehensive five-week Global Trainee Programme led by our experienced engineers and traders, together with fellow graduates from our offices in Europe, the United States, and Asia-Pacific.</p>
<p>After completing the programme, you’ll continue your professional development in your<strong> </strong>local office, working closely with your mentor, an experienced IMC engineer, to apply what you’ve learned to real-world, high-impact projects.</p>
<p>Your work will go far beyond coding, you’ll gain a deep understanding of IMC’s field-programmable gate array RTL/FPGA development process, learn how technology drives our unique trading strategies, and collaborate with some of the brightest minds in both engineering and trading.</p>
<h3 class=""markdown__heading""><strong>Your Core Responsibilities</strong></h3>
<ul>
<li>Design, implement, and validate improvements to IMC’s FPGA trading systems</li>
<li>Work hands-on with cutting-edge hardware and development tools to optimise system performance</li>
<li>Participate in pair programming sessions, peer code reviews, and design discussions to ensure high-quality solutions</li>
<li>Collaborate with traders and software engineers to deliver robust, low-latency systems</li>
<li>Continue to grow through workshops, training sessions, and networking events with engineers across all IMC regions</li>
</ul>
<h3 class=""markdown__heading""><strong>Your Skills and Experience</strong></h3>
<ul>
<li>Recently graduated (or graduating by 2027) with a degree in Computer Science, Software Engineering, Electrical Engineering, or a related discipline</li>
<li>Experience with a hardware descriptive language such as VHDL, Verilog, or SystemVerilog</li>
<li>Proficiency in at least one programming language (C++ or Python preferred)</li>
<li>Strong analytical and problem-solving abilities with a passion for tackling complex technical challenges</li>
<li>Collaborative mindset; you thrive in environments that value&nbsp;creativity, innovation, and teamwork</li>
<li>A genuine interest in how technology shapes financial markets (no prior finance experience required)</li>
<li>Available to start full-time in February or August 2027</li>
</ul>
<p>Please note: If you have already applied for this position during the current recruitment season and were not selected, you may reapply when the next recruitment season begins in Summer 2027. We encourage you to focus on enhancing your skillset before reapplying.<br>&nbsp;<br>Due to current U.S. immigration and visa restrictions, some candidates may not be eligible to obtain the U.S. business visa required as part of our Global Traineeship Programme. As the programme includes mandatory training in the United States shortly after joining, we are unfortunately unable to proceed with applications from candidates who are unable to obtain the required visa within the programme timeline.<br>&nbsp;<br>If you are a dual passport holder of another nationality or a European citizen who wants to relocate back to Europe, you remain welcome to apply and should inform our campus recruitment team of your situation:&nbsp;<a href=""mailto:CampusEU@imc.com""><u>CampusEU@imc.com</u></a>.</p>
<p>&nbsp;</p>
<p>For more information on our technology interview process, please review our preparation guide <a href=""https://cdn.sanity.io/files/l1io23s3/production/cf48d9c14a5315785738597ea3dda644331bac99.pdf"">here</a>.&nbsp;</p><div class=""content-conclusion""><p><strong>About Us</strong></p>
<p><em>IMC is a research-driven trading firm where quantitative modeling, machine learning, and engineering shape how modern markets are traded. A stabilizing force in markets since 1989, we provide liquidity across trading venues, delivering the best outcome in value and risk management to investors. Using our own technology and capital, we build proprietary systems and algorithms that operate across global markets. Our researchers, traders, and engineers work as a collective, combining rapid experimentation, advanced infrastructure, and real-time feedback to turn insight into execution and execution into advantage.</em></p>
<p>&nbsp;</p></div>",https://job-boards.eu.greenhouse.io/imc/jobs/4975740101,2026-09-24
IMC,Graduate Hardware Engineer,"Chicago, United States","<p>Having the best technology drives our business.&nbsp; As a Hardware Engineer at IMC, you are responsible for spotting new opportunities, solving problems and developing new technologies. Our Hardware development process is innovative, pragmatic and fun, even as complexity grows. You will collaborate with team members and receive support from both a mentor and a lead who will oversee your projects and professional development.</p>
<p><strong>Your Core Responsibilities:</strong></p>
<ul>
<li>Enhance your knowledge of trading, algorithm complexity, system design, and coding</li>
<li>Work within different systems involving a mix of software and cutting-edge hardware technologies</li>
<li>Develop hardware designs and tests</li>
<li>Drive projects from ideation to production</li>
<li>Explore innovative low-latency techniques to implement within our trading system</li>
<li>Build relationships across our technology and trading teams</li>
</ul>
<p><strong>Your Skills and Experience:</strong></p>
<ul>
<li>Current university student graduating between September 2026 – July 2027 that is pursuing a degree in Electrical Engineering, Computer Engineering, or a related degree</li>
<li>Strong analytical skills and a desire to solve complex problems programmatically</li>
<li>Proficient in SystemVerilog, Verilog, VHDL, or other RTL programming (additional software experience is a plus; C++, Python, or similar)</li>
<li>Desire to collaborate with non-engineers in a dynamic environment</li>
<li>Interest in the Financial Markets; previous knowledge is NOT required</li>
<li>Must be available for full-time employment starting in February or August 2027</li>
</ul>
<p>You may submit one application per role each year.&nbsp; We strongly encourage you to focus on applying to a single role that best matches your skills and interests.&nbsp; Though you may apply to multiple roles, please note that each application will be evaluated based on the specific criteria established for that particular role. If you have already applied for this position during the current recruitment season and were not selected, you may reapply when the next recruitment season begins in 2027.</p>
<p>The Base Salary range for the role is included below. Base salary is only one component of total compensation; all full-time, permanent positions are eligible for a discretionary bonus and benefits, including paid leave and insurance. Please visit <a href=""https://www.imc.com/us/careers/benefits"">Benefits - US | IMC Trading</a> for more comprehensive information.</p>
<p>Base Salary: $200,000</p><div class=""content-conclusion""><p><strong>About Us</strong></p>
<p><em>IMC is a research-driven trading firm where quantitative modeling, machine learning, and engineering shape how modern markets are traded. A stabilizing force in markets since 1989, we provide liquidity across trading venues, delivering the best outcome in value and risk management to investors. Using our own technology and capital, we build proprietary systems and algorithms that operate across global markets. Our researchers, traders, and engineers work as a collective, combining rapid experimentation, advanced infrastructure, and real-time feedback to turn insight into execution and execution into advantage.</em></p>
<p>&nbsp;</p></div>",https://job-boards.eu.greenhouse.io/imc/jobs/4823805101,2026-09-24
IMC,Graduate Machine Learning Researcher - Chicago,"Chicago, United States","<p>As a Graduate Machine Learning Researcher at IMC, your work will directly impact our global trading strategies. You will apply advanced machine learning, statistical, and computational techniques to solve complex, real-world trading problems, contributing to trading strategies across global equities, futures, and options markets. Machine Learning Researchers work closely with Traders and Developers in an environment where problem solving, innovation and teamwork are recognized and rewarded.</p>
<p><strong>Your Core Responsibilities:</strong></p>
<ul>
<li>Design, implement, and evaluate machine learning models for trading applications, with successful research deployed into production</li>
<li>Apply rigorous statistical techniques to measure performance, control overfitting, and understand model risk and interpretability</li>
<li>Investigate novel machine learning approaches through rigorous experimentation and analysis in real trading environments</li>
<li>Communicate research progress and outcomes effectively, ensuring knowledge transfer within the team and across departments</li>
<li>Collaborate closely with traders, researchers, and engineers to translate research into production trading systems</li>
</ul>
<p><strong>Your Skills and Experience:</strong></p>
<ul>
<li>PhD in Machine Learning, Computer Science, Electrical Engineering, Mathematics, Statistics, Physics or a related quantitative field</li>
<li>Strong foundations in machine learning, probability, and statistics, with experience applying advanced ML techniques to solve challenging research or real-world problems</li>
<li>Demonstrated hands-on research experience in deep learning fundamentals such as neural network architectures, sequence modeling, training dynamics, or optimization</li>
<li>Proficiency in Python and modern machine learning frameworks such as PyTorch, Tensorflow, and/or JAX</li>
<li>Demonstrated research excellence through publications, preprints, research internships, or significant research projects; publications at venues such as NeurIPS, ICML, ICLR, or equivalent conferences are highly preferred</li>
<li>Ability to commence full-time employment in February or August 2027</li>
</ul>
<p>You may submit one application per role each year.&nbsp; We strongly encourage you to focus on applying to a single role that best matches your skills and interests.&nbsp; Though you may apply to multiple roles, please note that each application will be evaluated based on the specific criteria established for that particular role. If you have already applied for this position during the current recruitment season and were not selected, you may reapply when the next recruitment season begins in 2027.</p>
<p>The Base Salary range for the role is included below. Base salary is only one component of total compensation; all full-time, permanent positions are eligible for a discretionary bonus and benefits, including paid leave and insurance. Please visit <a href=""https://www.imc.com/us/careers/benefits"">Benefits - US | IMC Trading</a> for more comprehensive information.</p>
<p>Base Salary: $300,000</p><div class=""content-conclusion""><p><strong>About Us</strong></p>
<p><em>IMC is a research-driven trading firm where quantitative modeling, machine learning, and engineering shape how modern markets are traded. A stabilizing force in markets since 1989, we provide liquidity across trading venues, delivering the best outcome in value and risk management to investors. Using our own technology and capital, we build proprietary systems and algorithms that operate across global markets. Our researchers, traders, and engineers work as a collective, combining rapid experimentation, advanced infrastructure, and real-time feedback to turn insight into execution and execution into advantage.</em></p>
<p>&nbsp;</p></div>",https://job-boards.eu.greenhouse.io/imc/jobs/4907416101,2026-09-24
IMC, Graduate Machine Learning Researcher - London,"London, United Kingdom","<p data-local-id=""bc0b03dc3aeb"" data-prosemirror-content-type=""node"" data-prosemirror-node-name=""paragraph"" data-prosemirror-node-block=""true"" data-pm-slice=""1 1 []"">As a Graduate Machine Learning Researcher at IMC, your work will directly impact our global trading strategies. You will apply advanced machine learning, statistical, and computational techniques to solve complex, real-world trading problems, contributing to trading strategies across global equities, futures, and options markets. Machine Learning Researchers work closely with Traders and Developers in an environment where problem solving, innovation and teamwork are recognized and rewarded.</p>
<p data-local-id=""e2ba7aba8a46"" data-prosemirror-content-type=""node"" data-prosemirror-node-name=""paragraph"" data-prosemirror-node-block=""true"">Your Core Responsibilities:</p>
<ul class=""ak-ul"" data-local-id=""6b2ab075-1684-441d-982b-5a381642e876"" data-prosemirror-content-type=""node"" data-prosemirror-node-name=""bulletList"" data-prosemirror-node-block=""true"">
<li data-local-id=""61e696ac-62c5-4121-8ab6-02ff2a5d0e7f"" data-prosemirror-content-type=""node"" data-prosemirror-node-name=""listItem"" data-prosemirror-node-block=""true"">
<p data-local-id=""3d3da17ee8a2"" data-prosemirror-content-type=""node"" data-prosemirror-node-name=""paragraph"" data-prosemirror-node-block=""true"">Design, implement, and evaluate machine learning models for trading applications, with successful research deployed into production</p>
</li>
<li data-local-id=""4f3c441a-b121-4280-a267-01b1e5e5d943"" data-prosemirror-content-type=""node"" data-prosemirror-node-name=""listItem"" data-prosemirror-node-block=""true"">
<p data-local-id=""46cdd61d9973"" data-prosemirror-content-type=""node"" data-prosemirror-node-name=""paragraph"" data-prosemirror-node-block=""true"">Apply rigorous statistical techniques to measure performance, control overfitting, and understand model risk and interpretability</p>
</li>
<li data-local-id=""78102289-4b3a-423a-9857-b4c13751b0ba"" data-prosemirror-content-type=""node"" data-prosemirror-node-name=""listItem"" data-prosemirror-node-block=""true"">
<p data-local-id=""c103603d2440"" data-prosemirror-content-type=""node"" data-prosemirror-node-name=""paragraph"" data-prosemirror-node-block=""true"">Investigate novel machine learning approaches through rigorous experimentation and analysis in real trading environments</p>
</li>
<li data-local-id=""1ae30aee-0e54-4975-baa4-d79d811c8cbd"" data-prosemirror-content-type=""node"" data-prosemirror-node-name=""listItem"" data-prosemirror-node-block=""true"">
<p data-local-id=""fdcf1cd2f8a4"" data-prosemirror-content-type=""node"" data-prosemirror-node-name=""paragraph"" data-prosemirror-node-block=""true"">Communicate research progress and outcomes effectively, ensuring knowledge transfer within the team and across departments</p>
</li>
<li data-local-id=""ebda1f20-556c-4db9-9902-3bab08d97781"" data-prosemirror-content-type=""node"" data-prosemirror-node-name=""listItem"" data-prosemirror-node-block=""true"">
<p data-local-id=""d3aa2ee1ac83"" data-prosemirror-content-type=""node"" data-prosemirror-node-name=""paragraph"" data-prosemirror-node-block=""true"">Collaborate closely with traders, researchers, and engineers to translate research into production trading systems</p>
</li>
</ul>
<p data-local-id=""1145116c1eb3"" data-prosemirror-content-type=""node"" data-prosemirror-node-name=""paragraph"" data-prosemirror-node-block=""true"">Your Skills and Experience:</p>
<ul class=""ak-ul"" data-local-id=""d86946f6-cee0-4951-8ebf-d6466f184f7e"" data-prosemirror-content-type=""node"" data-prosemirror-node-name=""bulletList"" data-prosemirror-node-block=""true"">
<li data-local-id=""78bd751b-c85c-4a73-b7f5-9f65ae132ad2"" data-prosemirror-content-type=""node"" data-prosemirror-node-name=""listItem"" data-prosemirror-node-block=""true"">
<p data-local-id=""5a34c4d22cb0"" data-prosemirror-content-type=""node"" data-prosemirror-node-name=""paragraph"" data-prosemirror-node-block=""true"">Currently in your final year of study, graduating in 2027</p>
</li>
<li data-local-id=""e2a7bff7-8a28-4a88-95de-8bf964eed05d"" data-prosemirror-content-type=""node"" data-prosemirror-node-name=""listItem"" data-prosemirror-node-block=""true"">
<p data-local-id=""4684215345cf"" data-prosemirror-content-type=""node"" data-prosemirror-node-name=""paragraph"" data-prosemirror-node-block=""true"">A minimum of an MSc (PhD preferred) in Machine Learning, Statistics, Deep Learning, Probabilistic Programming, or a related quantitative field</p>
</li>
<li data-local-id=""f826cf60-bd6a-4310-a032-75638c31da62"" data-prosemirror-content-type=""node"" data-prosemirror-node-name=""listItem"" data-prosemirror-node-block=""true"">
<p data-local-id=""7a1eb0ec95d8"" data-prosemirror-content-type=""node"" data-prosemirror-node-name=""paragraph"" data-prosemirror-node-block=""true"">Strong foundations in statistics and machine learning, with a demonstrated research track record in ML, deep learning, or another quantitative field</p>
</li>
<li data-local-id=""f4c195eb-4f87-4485-a890-77ceba40fa15"" data-prosemirror-content-type=""node"" data-prosemirror-node-name=""listItem"" data-prosemirror-node-block=""true"">
<p data-local-id=""1f7c791053ef"" data-prosemirror-content-type=""node"" data-prosemirror-node-name=""paragraph"" data-prosemirror-node-block=""true"">Proficiency in fundamental ML frameworks like Pytorch and experience in Python</p>
</li>
<li data-local-id=""658f2e8d-6785-4480-9335-9ccd6461f07b"" data-prosemirror-content-type=""node"" data-prosemirror-node-name=""listItem"" data-prosemirror-node-block=""true"">
<p data-local-id=""29907fcd87a0"" data-prosemirror-content-type=""node"" data-prosemirror-node-name=""paragraph"" data-prosemirror-node-block=""true"">Solid understanding of statistics</p>
</li>
<li data-local-id=""8145d1bc-a98f-4b21-8fba-2374fc674721"" data-prosemirror-content-type=""node"" data-prosemirror-node-name=""listItem"" data-prosemirror-node-block=""true"">
<p data-local-id=""b49e856aebf9"" data-prosemirror-content-type=""node"" data-prosemirror-node-name=""paragraph"" data-prosemirror-node-block=""true"">Desirable: publications in respected journals covering deep learning or time-series modeling</p>
</li>
<li data-local-id=""b5ddd729-9878-4c92-b0f9-ee43be419dc5"" data-prosemirror-content-type=""node"" data-prosemirror-node-name=""listItem"" data-prosemirror-node-block=""true"">
<p data-local-id=""2e6bfd5fe7c2"" data-prosemirror-content-type=""node"" data-prosemirror-node-name=""paragraph"" data-prosemirror-node-block=""true"">No prior finance knowledge or experience required</p>
</li>
<li data-local-id=""52f2a136-8e4a-4794-b088-3ace819f5ec2"" data-prosemirror-content-type=""node"" data-prosemirror-node-name=""listItem"" data-prosemirror-node-block=""true"">
<p data-local-id=""916a0d0cd30d"" data-prosemirror-content-type=""node"" data-prosemirror-node-name=""paragraph"" data-prosemirror-node-block=""true"">Ability to commence full-time employment in February or August 2027</p>
</li>
</ul>
<p data-local-id=""61286149270f"" data-prosemirror-content-type=""node"" data-prosemirror-node-name=""paragraph"" data-prosemirror-node-block=""true"">You may submit one application per role each year. We strongly encourage you to focus on applying to a single role that best matches your skills and interests. Though you may apply to multiple roles, please note that each application will be evaluated based on the specific criteria established for that particular role. If you have already applied for this position during the current recruitment season and were not selected, you may reapply when the next recruitment season begins in August 2027. We encourage you to focus on enhancing your skillset before reapplying.</p>
<p data-local-id=""f7422f8daf66"" data-prosemirror-content-type=""node"" data-prosemirror-node-name=""paragraph"" data-prosemirror-node-block=""true"">Please note that, due to current regulations with the Immigratie en Naturalisatiedienst (IND), IMC is unable to obtain immigration sponsorship for candidates who currently have citizenship from Russia, Belarus or Iran, and attend university in one of the aforementioned countries. We greatly appreciate your understanding and hope to consider you for future opportunities.</p>
<p data-local-id=""b6248bd508e8"" data-prosemirror-content-type=""node"" data-prosemirror-node-name=""paragraph"" data-prosemirror-node-block=""true"">If you have citizenship from Ukraine, you will need to confirm that you currently hold a biometric passport so that IMC can obtain the correct immigration sponsorship for you. Please confirm by emailing <a href=""mailto:CampusEU@imc.com"" data-prosemirror-content-type=""mark"" data-prosemirror-mark-name=""link"">CampusEU@imc.com</a>. If you are currently residing or attending university outside of Russia, Belarus, or Iran, and have existing work authorisation in the Netherlands or are eligible to work without sponsorship, we encourage you to apply and inform our campus recruitment team of your situation: <a href=""mailto:CampusEU@imc.com"" data-prosemirror-content-type=""mark"" data-prosemirror-mark-name=""link"">CampusEU@imc.com</a>.</p><div class=""content-conclusion""><p><strong>About Us</strong></p>
<p><em>IMC is a research-driven trading firm where quantitative modeling, machine learning, and engineering shape how modern markets are traded. A stabilizing force in markets since 1989, we provide liquidity across trading venues, delivering the best outcome in value and risk management to investors. Using our own technology and capital, we build proprietary systems and algorithms that operate across global markets. Our researchers, traders, and engineers work as a collective, combining rapid experimentation, advanced infrastructure, and real-time feedback to turn insight into execution and execution into advantage.</em></p>
<p>&nbsp;</p></div>",https://job-boards.eu.greenhouse.io/imc/jobs/4914883101,2026-09-24
IMC,Graduate Quantitative Researcher (BS/MS),"Chicago, United States","<p>As a Quantitative Researcher at IMC, your work will directly impact our global trading strategies. You will leverage your superior analytical, mathematical, and computing skills to improve existing models and develop new ones.&nbsp; We will empower you to discover your unique niche and excel, taking on responsibility and ownership from the start. Quantitative Researchers work closely with Traders and Developers in an environment where problem solving, innovation and teamwork are recognized and rewarded.</p>
<p><strong>Your Core Responsibilities:</strong></p>
<ul>
<li>Apply rigorous analytical and quantitative techniques to solve complex problems</li>
<li>Build custom tools to explore new research ideas</li>
<li>Design mathematical models based upon trading ideas</li>
<li>Implement and deploy new models into production</li>
<li>Maintain best practices to keep our systems logical and consistent</li>
</ul>
<p><strong>Your Skills and Experience:</strong></p>
<ul>
<li>Current university student graduating between September 2026 – July 2027 that is pursuing a Bachelor’s or Master’s degree in Mathematics, Engineering, Statistics, Physics, Computer Science, or another highly quantitative field</li>
<li>Has a passion for research and problem solving</li>
<li>Approaches data analysis with rigorous thought processes and strong intuition</li>
<li>Is a creative thinker who is driven and eager to solve challenging problems collaboratively</li>
<li>Proficiency in a programming language (Python, C, C++, etc) is highly desired</li>
<li>Must be available for full-time employment starting in February or August 2027</li>
</ul>
<p>You may submit one application per role each year.&nbsp; We strongly encourage you to focus on applying to a single role that best matches your skills and interests.&nbsp; Though you may apply to multiple roles, please note that each application will be evaluated based on the specific criteria established for that particular role. If you have already applied for this position during the current recruitment season and were not selected, you may reapply when the next recruitment season begins in 2027.</p>
<p>The Base Salary range for the role is included below. Base salary is only one component of total compensation; all full-time, permanent positions are eligible for a discretionary bonus and benefits, including paid leave and insurance. Please visit <a href=""https://www.imc.com/us/careers/benefits"">Benefits - US | IMC Trading</a> for more comprehensive information.</p>
<p>Base Salary: $250,000</p><div class=""content-conclusion""><p><strong>About Us</strong></p>
<p><em>IMC is a research-driven trading firm where quantitative modeling, machine learning, and engineering shape how modern markets are traded. A stabilizing force in markets since 1989, we provide liquidity across trading venues, delivering the best outcome in value and risk management to investors. Using our own technology and capital, we build proprietary systems and algorithms that operate across global markets. Our researchers, traders, and engineers work as a collective, combining rapid experimentation, advanced infrastructure, and real-time feedback to turn insight into execution and execution into advantage.</em></p>
<p>&nbsp;</p></div>",https://job-boards.eu.greenhouse.io/imc/jobs/4907368101,2026-09-24
IMC,Graduate Quantitative Researcher (PhD),"Chicago, United States","<p>As a Quantitative Researcher at IMC, your work will directly impact our global trading strategies. You will leverage your superior analytical, mathematical, and computing skills to improve existing models and develop new ones.&nbsp; We will empower you to discover your unique niche and excel, taking on responsibility and ownership from the start. Quantitative Researchers work closely Traders and Developers in an environment where problem solving, innovation and teamwork are recognized and rewarded.</p>
<p><strong>Your Core Responsibilities:</strong></p>
<ul>
<li>Apply rigorous analytical and quantitative techniques to solve complex problems</li>
<li>Build custom tools to explore new research ideas</li>
<li>Design mathematical models based upon trading ideas</li>
<li>Implement and deploy new models into production</li>
<li>Maintain best practices to keep our systems logical and consistent</li>
</ul>
<p><strong>Your Skills and Experience:</strong></p>
<ul>
<li>Current university student graduating between September 2026 – July 2027 that is pursuing a PhD degree in Mathematics, Engineering, Statistics, Physics, Computer Science, or another highly quantitative field</li>
<li>Has a passion for research and problem solving</li>
<li>Approaches data analysis with rigorous thought processes and strong intuition</li>
<li>Is a creative thinker who is driven and eager to solve challenging problems collaboratively</li>
<li>Proficiency in a programming language (Python, C, C++, etc) is highly desired</li>
<li>Must be available for full-time employment starting in February or August 2027</li>
</ul>
<p>You may submit one application per role each year.&nbsp; We strongly encourage you to focus on applying to a single role that best matches your skills and interests.&nbsp; Though you may apply to multiple roles, please note that each application will be evaluated based on the specific criteria established for that particular role. If you have already applied for this position during the current recruitment season and were not selected, you may reapply when the next recruitment season begins in 2027.</p>
<p>The Base Salary range for the role is included below. Base salary is only one component of total compensation; all full-time, permanent positions are eligible for a discretionary bonus and benefits, including paid leave and insurance. Please visit <a href=""https://www.imc.com/us/careers/benefits"">Benefits - US | IMC Trading</a> for more comprehensive information.</p>
<p>Base Salary: $250,000</p><div class=""content-conclusion""><p><strong>About Us</strong></p>
<p><em>IMC is a research-driven trading firm where quantitative modeling, machine learning, and engineering shape how modern markets are traded. A stabilizing force in markets since 1989, we provide liquidity across trading venues, delivering the best outcome in value and risk management to investors. Using our own technology and capital, we build proprietary systems and algorithms that operate across global markets. Our researchers, traders, and engineers work as a collective, combining rapid experimentation, advanced infrastructure, and real-time feedback to turn insight into execution and execution into advantage.</em></p>
<p>&nbsp;</p></div>",https://job-boards.eu.greenhouse.io/imc/jobs/4912325101,2026-09-24
IMC,Graduate Quantitative Trader,"Chicago, United States","<p>IMC is looking for talented and passionate Quant Traders to play a critical role in trading a wide range of financial instruments in a fast-paced, dynamic environment.&nbsp; As a Quant Trader, you will be part of highly motivated team facing the daily challenge of managing the execution and risk of complex trading portfolios. In this role you will work closely with IMC’s researchers, developers and engineers in an environment that values problem solving, innovation, and teamwork. You will have the support of a mentor and the freedom to find your niche and excel. We have start dates in February and August 2027.</p>
<p><strong>Your Core Responsibilities:</strong></p>
<ul>
<li>Engage in immersive, practical training to quickly acquire the skills needed to be successful on a trading desk</li>
<li>Develop, maintain, and improve trading strategies and algorithms</li>
<li>Solve complex problems to make a positive impact on the business</li>
<li>Find a competitive edge to drive results in the market while collaborating effectively with fellow IMC Traders</li>
</ul>
<p><strong>Your Skills and Experience:</strong></p>
<ul>
<li>Current university student graduating between September 2026 and July 2027 that is pursuing a degree in a quantitative field of study (e.g. Mathematics, Physics, Computer Science or Economics)</li>
<li>Strong analytical thinking skills</li>
<li>A desire to learn and solve complex problems</li>
<li>Thrives and is able to make decisions in a fast-paced environment</li>
<li>A team player with a proactive, self-driven attitude</li>
<li>Experience in a programming language is a plus (e.g. Python, Matlab or R)</li>
<li>Interest in Financial Markets; previous knowledge is NOT required</li>
<li>Must be available for full-time employment starting in February or August 2027</li>
</ul>
<p>You may submit one application per role each year.&nbsp; We strongly encourage you to focus on applying to a single role that best matches your skills and interests.&nbsp; Though you may apply to multiple roles, please note that each application will be evaluated based on the specific criteria established for that particular role.If you have already applied for this position during the current recruitment season and were not selected, you may reapply when the next recruitment season begins in 2027.</p>
<p>The Base Salary range for the role is included below. Base salary is only one component of total compensation; all full-time, permanent positions are eligible for a discretionary bonus and benefits, including paid leave and insurance. Please visit <a href=""https://www.imc.com/us/careers/benefits"">Benefits - US | IMC Trading</a> for more comprehensive information.</p>
<p>Base Salary: $250,000</p><div class=""content-conclusion""><p><strong>About Us</strong></p>
<p><em>IMC is a research-driven trading firm where quantitative modeling, machine learning, and engineering shape how modern markets are traded. A stabilizing force in markets since 1989, we provide liquidity across trading venues, delivering the best outcome in value and risk management to investors. Using our own technology and capital, we build proprietary systems and algorithms that operate across global markets. Our researchers, traders, and engineers work as a collective, combining rapid experimentation, advanced infrastructure, and real-time feedback to turn insight into execution and execution into advantage.</em></p>
<p>&nbsp;</p></div>",https://job-boards.eu.greenhouse.io/imc/jobs/4751729101,2026-09-24
IMC,Graduate Quant Researcher - Digital Assets ,"Zug, Switzerland","<p>As a Graduate Quantitative Researcher, you will work with experienced researchers and developers in a fast-paced, data-driven environment. You will learn how trading ideas are researched, tested, and deployed, while contributing to live strategy development from early in your career.</p>
<p><strong>Your Core Responsibilities:&nbsp;</strong></p>
<ul>
<li>Research and test data-driven trading ideas</li>
<li>Analyse large and complex datasets from cryptocurrency exchanges, DeFi protocols, and financial markets</li>
<li>Build, test, and improve models, signals, and algorithms that support trading strategies</li>
<li>Work with IMC’s cutting-edge data, software, and high-performance computing infrastructure</li>
<li>Collaborate closely with researchers, developers, and engineers to turn research into production-ready strategies</li>
<li>Learn how to evaluate trading opportunities with a focus on performance, scalability, robustness, and risk</li>
</ul>
<p><strong>Your Skills and Experience:&nbsp;</strong></p>
<ul>
<li>Final-year student or recent graduate in Mathematics, Statistics, Physics, Computer Science, Engineering or a related quantitative field</li>
<li>Strong analytical and problem-solving skills, with the ability to learn quickly</li>
<li>Programming experience, ideally in Python. Familiarity with C++ is a plus</li>
<li>A genuine interest in financial markets, trading, crypto, or DeFi</li>
<li>Comfortable working with data and applying quantitative methods to real-world problems</li>
<li>Curious, collaborative, and eager to take ownership in a fast-moving environment</li>
</ul>
<p>Prior experience in trading, crypto, or financial markets is helpful but not required.</p>
<p>This is an on-site role based in Zug, Switzerland, with very limited flexibility for working from home.</p><div class=""content-conclusion""><p><strong>About Us</strong></p>
<p><em>IMC is a research-driven trading firm where quantitative modeling, machine learning, and engineering shape how modern markets are traded. A stabilizing force in markets since 1989, we provide liquidity across trading venues, delivering the best outcome in value and risk management to investors. Using our own technology and capital, we build proprietary systems and algorithms that operate across global markets. Our researchers, traders, and engineers work as a collective, combining rapid experimentation, advanced infrastructure, and real-time feedback to turn insight into execution and execution into advantage.</em></p>
<p>&nbsp;</p></div>",https://job-boards.eu.greenhouse.io/imc/jobs/4892687101,2026-09-24
IMC,Graduate Software Engineer,"Chicago, United States","<p>Having the best technology drives our business. As a Software Engineer at IMC, you will drive the development of our cutting-edge trading algorithms. You will be responsible for spotting new opportunities, solving problems and developing innovative technologies. Software development here is innovative, pragmatic and fun, even as complexity grows.</p>
<p><strong>Your Core Responsibilities:</strong></p>
<ul>
<li>Build and maintain our trading platform and software stack</li>
<li>Bring our trading strategies and technology platform to the next level</li>
<li>Collaborate with Traders, Quant Researchers and other Engineers both locally and globally</li>
<li>Develop expertise within the entire software development lifecycle</li>
<li>Learn new technologies and programming languages in a dynamic environment</li>
</ul>
<p><strong>Your Skills and Experience:</strong></p>
<ul>
<li>Current university student graduating between September 2026 – July 2027 that is pursuing a degree in Computer Science, Engineering, or a related technology field</li>
<li>Must have strong knowledge of algorithms and data structures</li>
<li>Proficiency in a programming language is required (Java or C++ preferred)</li>
<li>Strong analytical skills and interest in solving complex problems programmatically</li>
<li>Desire to interact and work closely with non-engineers in a dynamic environment</li>
<li>Interest in the Financial Markets; previous knowledge is NOT required</li>
<li>Must be available for full-time employment starting in February or August 2027</li>
</ul>
<p>You may submit one application per role each year.&nbsp; We strongly encourage you to focus on applying to a single role that best matches your skills and interests.&nbsp; Though you may apply to multiple roles, please note that each application will be evaluated based on the specific criteria established for that particular role. If you have already applied for this position during the current recruitment season and were not selected, you may reapply when the next recruitment season begins in 2027.</p>
<p>The Base Salary range for the role is included below. Base salary is only one component of total compensation; all full-time, permanent positions are eligible for a discretionary bonus and benefits, including paid leave and insurance. Please visit <a href=""https://www.imc.com/us/careers/benefits"">Benefits - US | IMC Trading</a> for more comprehensive information.</p>
<p>Base Salary: $200,000</p>
<p class=""xelementtoproof""><span style=""font-size: 8pt;""><span style=""color: rgb(221, 234, 255);"">#LI-DNP</span></span></p><div class=""content-conclusion""><p><strong>About Us</strong></p>
<p><em>IMC is a research-driven trading firm where quantitative modeling, machine learning, and engineering shape how modern markets are traded. A stabilizing force in markets since 1989, we provide liquidity across trading venues, delivering the best outcome in value and risk management to investors. Using our own technology and capital, we build proprietary systems and algorithms that operate across global markets. Our researchers, traders, and engineers work as a collective, combining rapid experimentation, advanced infrastructure, and real-time feedback to turn insight into execution and execution into advantage.</em></p>
<p>&nbsp;</p></div>",https://job-boards.eu.greenhouse.io/imc/jobs/4818790101,2026-09-24
IMC,Graduate Software Engineer (2026),"Aarhus, Central Denmark Region, Denmark; Amsterdam, Netherlands","<p>Your IMC journey as a Graduate Software Engineer will begin with a five-week Global Trainee Programme led by our seasoned engineers and traders alongside graduates from all three IMC regions: Europe, the United States, and Asia-Pacific. During this traineeship, you’ll deepen your knowledge about trading and financial markets, understand the tools and systems used at IMC, and learn how to write production software, craftsmanship and advanced topics in C++, Java or Python. Your training will continue back at your local office (Amsterdam or Aarhus), where you’ll receive support from your dedicated mentor, an experienced software engineer at IMC. What happens next is up to you – on our Execution teams you might build anything from advanced networks to proprietary algorithms, while on our Strategy teams you could design systems powering big data and cutting-edge analytics.</p>
<p>&nbsp;</p>
<h4>YOUR CORE RESPONSIBILITIES</h4>
<ul>
<li>Develop cutting-edge technology in advanced algorithms</li>
<li>Support the development of our trading platform and software stack</li>
<li>Gain experience across the entire software development lifecycle</li>
<li>Collaborate with traders, quant researchers, and hardware engineers to improve our systems</li>
</ul>
<p>&nbsp;</p>
<h4>YOUR SKILLS AND EXPERIENCES</h4>
<ul>
<li>In your ultimate year of study in computer science, software engineering, or a related field graduating, and are seeking to join IMC full-time in February or August 2026</li>
<li><s> </s>Proficiency in C++ or Java is required. Additionally, experience with Python is preferred</li>
<li>A working knowledge of algorithms and data structures</li>
<li>First-class analytical skills and a desire to solve complicated problems programmatically</li>
<li>A genuine interest in financial markets (no prior knowledge or experience is required)</li>
</ul>
<p>&nbsp;</p>
<p>Please note: You’ll have the opportunity to complete the recruitment process in your preferred programming language (Java or C++). Please note, however, that exclusive use of one language cannot be guaranteed.</p>
<p>If you have already applied for this position during the current recruitment season and were not selected, you may reapply when the next recruitment season begins in September 2026. We encourage you to focus on enhancing your skillset before reapplying.</p>
<p>Due to U.S. consulate restrictions, candidates from certain nations (including Russia, Belarus, and Iran) are required to apply for their visa in a designated third country or to prove strong ties with a country of residency. Since the global traineeship begins shortly after employment starts, there is not enough time to establish the ties with the Netherlands which is needed for approval. As a result, we are unable to proceed with your candidacy for the graduate traineeship programme at this time. We greatly appreciate your understanding and hope to consider you for future opportunities.</p>
<p>If you are a dual passport holder of another nationality or a European citizen who wants to relocate back to Europe, you remain welcome to apply and should inform our campus recruitment team of your situation:&nbsp;<a href=""mailto:CampusEU@imc.com"">CampusEU@imc.com</a>.</p>
<p>For more information on our technology interview process, please review our preparation guide <a href=""https://cdn.sanity.io/files/l1io23s3/production/cf48d9c14a5315785738597ea3dda644331bac99.pdf"">here</a>.&nbsp;</p>
<p>&nbsp;</p><div class=""content-conclusion""><p><strong>About Us</strong></p>
<p><em>IMC is a research-driven trading firm where quantitative modeling, machine learning, and engineering shape how modern markets are traded. A stabilizing force in markets since 1989, we provide liquidity across trading venues, delivering the best outcome in value and risk management to investors. Using our own technology and capital, we build proprietary systems and algorithms that operate across global markets. Our researchers, traders, and engineers work as a collective, combining rapid experimentation, advanced infrastructure, and real-time feedback to turn insight into execution and execution into advantage.</em></p>
<p>&nbsp;</p></div>",https://job-boards.eu.greenhouse.io/imc/jobs/4564480101,2026-09-24
IMC,Graduate Software Engineer (2027),"Aarhus, Central Denmark Region, Denmark; Amsterdam, Netherlands","<p>Your IMC journey as a Graduate Software Engineer will begin with a five-week Global Trainee Programme led by our seasoned engineers and traders alongside graduates from all three IMC regions: Europe, the United States, and Asia-Pacific. During this traineeship, you’ll deepen your knowledge about trading and financial markets, understand the tools and systems used at IMC, and learn how to write production software, craftsmanship and advanced topics in C++, Java or Python. Your training will continue back at your local office (Amsterdam or Aarhus), where you’ll receive support from your dedicated mentor, an experienced software engineer at IMC. What happens next is up to you – on our Execution teams you might build anything from advanced networks to proprietary algorithms, while on our Strategy teams you could design systems powering big data and cutting-edge analytics.</p>
<p>&nbsp;</p>
<h4>YOUR CORE RESPONSIBILITIES</h4>
<ul>
<li>Develop cutting-edge technology in advanced algorithms</li>
<li>Support the development of our trading platform and software stack</li>
<li>Gain experience across the entire software development lifecycle</li>
<li>Collaborate with traders, quant researchers, and hardware engineers to improve our systems</li>
</ul>
<p>&nbsp;</p>
<h4>YOUR SKILLS AND EXPERIENCES</h4>
<ul>
<li>In your ultimate year of study in computer science, software engineering, or a related field graduating, and are seeking to join IMC full-time in February or August 2027</li>
<li><s> </s>Proficiency in C++ or Java is required. Additionally, experience with Python is preferred</li>
<li>A working knowledge of algorithms and data structures</li>
<li>First-class analytical skills and a desire to solve complicated problems programmatically</li>
<li>A genuine interest in financial markets (no prior knowledge or experience is required)</li>
</ul>
<p>Please note: You’ll have the opportunity to complete the recruitment process in your preferred programming language (Java or C++). Please note, however, that exclusive use of one language cannot be guaranteed.</p>
<p>&nbsp;</p>
<p>Please note: If you have already applied for this position during the current recruitment season and were not selected, you may reapply when the next recruitment season begins in Summer 2027. We encourage you to focus on enhancing your skillset before reapplying.<br>&nbsp;<br>Due to current U.S. immigration and visa restrictions, some candidates may not be eligible to obtain the U.S. business visa required as part of our Global Traineeship Programme. As the programme includes mandatory training in the United States shortly after joining, we are unfortunately unable to proceed with applications from candidates who are unable to obtain the required visa within the programme timeline.<br>&nbsp;<br>If you are a dual passport holder of another nationality or a European citizen who wants to relocate back to Europe, you remain welcome to apply and should inform our campus recruitment team of your situation:&nbsp;<a href=""mailto:CampusEU@imc.com""><u>CampusEU@imc.com</u></a>.</p>
<p>&nbsp;</p>
<p>For more information on our technology interview process, please review our preparation guide <a href=""https://cdn.sanity.io/files/l1io23s3/production/cf48d9c14a5315785738597ea3dda644331bac99.pdf"">here</a>.&nbsp;</p><div class=""content-conclusion""><p><strong>About Us</strong></p>
<p><em>IMC is a research-driven trading firm where quantitative modeling, machine learning, and engineering shape how modern markets are traded. A stabilizing force in markets since 1989, we provide liquidity across trading venues, delivering the best outcome in value and risk management to investors. Using our own technology and capital, we build proprietary systems and algorithms that operate across global markets. Our researchers, traders, and engineers work as a collective, combining rapid experimentation, advanced infrastructure, and real-time feedback to turn insight into execution and execution into advantage.</em></p>
<p>&nbsp;</p></div>",https://job-boards.eu.greenhouse.io/imc/jobs/4667814101,2026-09-24
IMC,Graduate Software Engineer - Digital Assets,"Zug, Switzerland","<p>IMC has a strong presence in traditional Finance and has been expanding into Crypto over the last years. Through its overseas affiliates, IMC provides liquidity and trades on many cryptocurrency exchanges and DeFi protocols. You can expect a dynamic, fast-paced environment that delivers a steady stream of challenges and opportunities, with one of the most exciting aspects of the job being our quick feedback loop in the research, development and deployment of strategies.</p>
<p>As a Graduate Software Engineer, you‘ll be joining our core engineering team. You will contribute to our proprietary low-latency trading system, acquire market and trading data, implement ETL processes and collaborate with traders and researchers on improving the trading results.</p>
<p><strong>Your Core Responsibilities:</strong></p>
<ul>
<li>Design, develop, maintain, and improve the in-house data infrastructure powering our market and trading data platforms, covering both batch and real-time streaming pipelines.</li>
<li>Build and extend scalable data pipelines to support additional exchanges, trading venues, and new business domains.</li>
<li>Work closely with software engineers, quantitative researchers, and traders to deliver reliable, high-performance data solutions for research and production trading.</li>
<li>Contribute throughout the software development lifecycle, from design and implementation to testing, deployment, monitoring, and continuous improvement.</li>
<li>Help improve the performance, reliability, scalability, and observability of our distributed data processing systems.</li>
</ul>
<p><strong>Your Skills and Experience:</strong></p>
<ul>
<li>Master or bachelor degree in Computer Science, Mathematics, Physics, or another related technical field.</li>
<li>Strong programming skills in Python and at least one statically typed language, such as Java, Scala, Go, C++, or Rust.</li>
<li>Experience with Python data analysis tools such as Jupyter Notebook, Pandas, NumPy, or modern distributed DataFrame frameworks through coursework, research, internships, or personal projects.</li>
<li>Solid computer science fundamentals, including algorithms, data structures, concurrency and parallelism, networking fundamentals, software architecture, and writing clean, maintainable code.</li>
<li>A performance-oriented mindset with an interest in building scalable distributed systems and understanding concepts such as latency, throughput, memory efficiency, serialization, backpressure, fault tolerance, and state management.</li>
<li>Exposure to modern data engineering and data lake technologies such as Apache Spark, Apache Flink, Apache Iceberg, ClickHouse, Apache Kafka, Apache Airflow, Dagster, or similar technologies is a plus.</li>
<li>Exposure to modern infrastructure technologies such as Kubernetes, Docker, CI/CD, GitOps, observability and monitoring is a plus.</li>
<li>Excellent written and spoken English, with the ability to collaborate effectively in an international team.</li>
<li>Passionate about designing, developing, testing, deploying, maintaining, and continuously improving software.</li>
</ul>
<p><strong>Location and Office Culture:</strong></p>
<ul>
<li>IMC office in Zug, Switzerland.</li>
<li>Note that this is an onsite role, with some but limited flexibility for working from home.</li>
<li>You can expect a dynamic, fast-paced environment that delivers a steady stream of challenges and opportunities.</li>
<li>One of the most exciting aspects of the job is our quick feedback loop in the research, development and deployment of strategies.</li>
<li>We give people lots of responsibility and the support they need to make an impact from day one.</li>
<li>We promise you a flat structure and an open, collaborative culture that stimulates the sharing of ideas, knowledge and technology between our teams and offices.</li>
</ul><div class=""content-conclusion""><p><strong>About Us</strong></p>
<p><em>IMC is a research-driven trading firm where quantitative modeling, machine learning, and engineering shape how modern markets are traded. A stabilizing force in markets since 1989, we provide liquidity across trading venues, delivering the best outcome in value and risk management to investors. Using our own technology and capital, we build proprietary systems and algorithms that operate across global markets. Our researchers, traders, and engineers work as a collective, combining rapid experimentation, advanced infrastructure, and real-time feedback to turn insight into execution and execution into advantage.</em></p>
<p>&nbsp;</p></div>",https://job-boards.eu.greenhouse.io/imc/jobs/4932192101,2026-09-24
IMC,Graduate Trader,"Amsterdam, Netherlands","<p class=""p1"">Your IMC journey as a Graduate Trader begins with a six-week Global Trainee Programme led by our seasoned engineers and traders alongside graduates from all three IMC regions: Europe, the United States, and Asia-Pacific. During this traineeship, you will deepen your knowledge about trading and financial markets,<strong> </strong>IMC’s trading strategies, and our proprietary trading systems. Your training will continue back at your local office, where you’ll receive support from your dedicated mentor, an experienced trader at IMC. Our trading teams span across discretionary, systematic, and execution-focused roles, giving you the chance to apply your skills in strategy, quantitative modelling, or market execution. Following the programme, you will be placed on a desk that best matches your strengths and interests, so you can hit the ground running. You’ll receive recognition for your ideas and successes every step of the way.</p>
<p class=""p1"">&nbsp;</p>
<p class=""p1""><strong>YOUR CORE RESPONSIBILITIES</strong></p>
<ul>
<li class=""p1"">Trade a wide range of financial instruments</li>
<li class=""p1"">Develop, maintain, and improve trading strategies and algorithms</li>
<li class=""p1"">Manage the execution and risk of complex trading portfolios</li>
<li class=""p1"">Collaborate closely with IMC’s technology developers and engineers</li>
</ul>
<p class=""p1"">&nbsp;</p>
<p class=""p1""><strong>YOUR SKILLS AND EXPERIENCES</strong></p>
<ul>
<li class=""p1"">In your ultimate year of study in mathematics, physics, econometrics, or a related quantitative field, and are seeking to join IMC full-time in February or August 2027</li>
<li class=""p1"">Experience in a programming language is a plus (e.g. Python, Matlab or R)</li>
<li class=""p1"">First-class analytical skills</li>
<li class=""p1"">A genuine interest in financial markets (no prior knowledge or experience is required)</li>
</ul>
<p class=""p1"">&nbsp;</p>
<p class=""p1"">If you have already applied for this position during the current recruitment season and were not selected, you may reapply when the next recruitment season begins in September 2027. We encourage you to focus on enhancing your skillset before reapplying.</p>
<p>Due to U.S. consulate restrictions, candidates from certain nations (including Russia, Belarus, and Iran) are required to apply for their visa in a designated third country or to prove strong ties with a country of residency. Since the global traineeship begins shortly after employment starts, there is not enough time to establish the ties with the Netherlands which is needed for approval. As a result, we are unable to proceed with your candidacy for the graduate traineeship programme at this time. We greatly appreciate your understanding and hope to consider you for future opportunities.</p>
<p>If you are a dual passport holder of another nationality or a European citizen who wants to relocate back to Europe, you remain welcome to apply and should inform our campus recruitment team of your situation: <a href=""mailto:CampusEU@imc.com"">CampusEU@imc.com</a>.</p>
<p class=""p1"">For more information on our trading interview process, please review our preparation guide <a href=""https://cdn.sanity.io/files/l1io23s3/production/386c4a31665862232d285b19f53378d0d04dcfec.pdf"">here</a>.&nbsp;</p><div class=""content-conclusion""><p><strong>About Us</strong></p>
<p><em>IMC is a research-driven trading firm where quantitative modeling, machine learning, and engineering shape how modern markets are traded. A stabilizing force in markets since 1989, we provide liquidity across trading venues, delivering the best outcome in value and risk management to investors. Using our own technology and capital, we build proprietary systems and algorithms that operate across global markets. Our researchers, traders, and engineers work as a collective, combining rapid experimentation, advanced infrastructure, and real-time feedback to turn insight into execution and execution into advantage.</em></p>
<p>&nbsp;</p></div>",https://job-boards.eu.greenhouse.io/imc/jobs/4667815101,2026-09-24
IMC,Hardware Engineer,"Chicago, United States","<p>IMC is seeking a Hardware Engineer to join our Global Hardware team and help develop the next generation of custom ASICs that power our trading infrastructure.</p>
<p>As a member of the Global Hardware organization, you’ll work on long-term, high-impact engineering challenges that directly influence the performance and scalability of IMC’s trading systems. This team focuses on designing proprietary hardware solutions that deliver meaningful advantages in latency-sensitive environments, partnering closely with software engineers, researchers, and trading teams to solve complex technical problems.</p>
<p>This role combines hardware design, verification, and system-level thinking. You’ll contribute across the ASIC development lifecycle, from RTL design and validation to integration within larger hardware platforms. Because of the team’s size and collaborative culture, engineers have broad ownership and exposure to multiple aspects of the design process rather than being confined to a narrow specialization.</p>
<h2>Your Core Responsibilities:&nbsp;</h2>
<ul>
<li>Participate in the full ASIC development lifecycle, from specification through integration and deployment</li>
<li>Design and implement RTL for next-generation ASIC platforms using SystemVerilog</li>
<li>Contribute to architecture and design discussions for performance-critical hardware systems</li>
<li>Develop new functionality that supports evolving trading and infrastructure requirements</li>
<li>Collaborate with hardware, software, and research teams to translate requirements into scalable solutions</li>
<li>Develop unit tests and verification environments for RTL designs</li>
<li>Validate functionality and performance of hardware components</li>
<li>Debug design and integration issues throughout the development process</li>
<li>Contribute to verification methodologies and testing infrastructure</li>
<li>Ensure designs meet reliability, performance, and maintainability requirements</li>
<li>Develop scripts and tooling to improve engineering workflows</li>
<li>Support automation efforts across design and verification processes</li>
<li>Contribute to continuous improvements in development methodologies and engineering practices</li>
</ul>
<h2>Your Skills &amp; Experience:&nbsp;</h2>
<ul>
<li>BS+ in Electrical Engineering, Computer Engineering, Computer Science, or a related technical discipline</li>
<li>Strong experience with RTL design and development using SystemVerilog</li>
<li>Strong understanding of digital design fundamentals</li>
<li>Working knowledge of C++</li>
<li>Experience developing and executing verification and test strategies</li>
<li>Experience working with multi-clock-domain designs and clock-domain crossing concepts</li>
<li>Solid understanding of Ethernet protocols and networking fundamentals</li>
<li>Experience with Python, Bash, or similar scripting languages</li>
<li>Strong debugging and problem-solving skills</li>
<li>Ability to collaborate effectively across multiple engineering disciplines</li>
</ul><div class=""content-pay-transparency""><div class=""pay-input""><div class=""description""><p>The Base Salary range for the role is included below. Base salary is only one component of total compensation; all full-time, permanent positions are eligible for a discretionary bonus and benefits, including paid leave and insurance.&nbsp;Please visit <a href=""https://www.imc.com/us/careers/benefits"">Benefits - US | IMC Trading</a> for more comprehensive information.</p></div><div class=""title"">Salary Range</div><div class=""pay-range""><span>$200,000</span><span class=""divider"">&mdash;</span><span>$225,000 USD</span></div></div></div><div class=""content-conclusion""><p><strong>About Us</strong></p>
<p><em>IMC is a research-driven trading firm where quantitative modeling, machine learning, and engineering shape how modern markets are traded. A stabilizing force in markets since 1989, we provide liquidity across trading venues, delivering the best outcome in value and risk management to investors. Using our own technology and capital, we build proprietary systems and algorithms that operate across global markets. Our researchers, traders, and engineers work as a collective, combining rapid experimentation, advanced infrastructure, and real-time feedback to turn insight into execution and execution into advantage.</em></p>
<p>&nbsp;</p></div>",https://job-boards.eu.greenhouse.io/imc/jobs/4900419101,2026-09-24
IMC,Hardware Engineer Intern,"Amsterdam, Netherlands","<p>Our internship programme in Amsterdam is your chance to experience life as an engineer at IMC. As a Hardware Engineer Intern, it’s about much more than just writing code: you’ll gain insight into IMC’s field-programmable gate array development process, get to know IMC’s unique business model and build valuable connections with our trading and technology teams. Throughout the internship, you will receive comprehensive support from dedicated internship trainers, and a one-on-one mentor to guide you in your work and professional development. You will benefit from a highly competitive compensation package, fully-furnished corporate accommodation, catered meals, and experience IMC’s collaborative culture as if you’re already a full-time employee. Where you go from here is up to you!</p>
<p>&nbsp;</p>
<p><strong>YOUR CORE RESPONSIBILITIES</strong></p>
<ul>
<li>Enhance your knowledge by working with the latest technology and writing fluent code</li>
<li>Take part in regular pair programming and peer reviews</li>
<li>Be an integral part of your team by helping to identify, implement and validate changes to IMC’s hardware</li>
<li>Attend workshops, trainings, and other fun social activities alongside the full internship cohort</li>
</ul>
<p>&nbsp;</p>
<p><strong>YOUR SKILLS AND EXPERIENCES&nbsp;</strong></p>
<ul>
<li>In your penultimate year of study in Computer Science, Software Engineering, Electrical Engineering degree or a related field, graduating in 2028</li>
<li>Familiarity with a hardware descriptive language (VHDL, Verilog or SystemVerilog). Additionally, proficiency in a software programming language would be advantageous (C++ or Python preferred)</li>
<li>You thrive working in an environment where creativity, teamwork, and innovation are recognised and rewarded</li>
<li>You want to make an impact on meaningful and challenging projects</li>
<li>Outstanding analytical skills and a desire to solve complicated problems programmatically</li>
<li>Genuine interest in financial markets (no prior knowledge or experience is required)</li>
<li>The length of the internship is variable from 3-months up to 6-months between April and September 2027</li>
</ul>
<p>&nbsp;</p>
<p>Please note:&nbsp;If you have already applied for this position during the current recruitment season and were not selected, you may reapply when the next recruitment season begins in Summer 2027. We encourage you to focus on enhancing your skillset before reapplying.&nbsp;<br><br>To be able to take part in IMC’s internship programme, you will need to obtain the required visa and/or permit to enter, stay and work in the Netherlands. Depending on your nationality and country of residence, obtaining the required entry visa may be subject to additional requirements, processing delays or other limitations. Please note that if you need a Schengen visa and are unable to obtain it before the start of the internship, you will be unable to take part in IMC’s internship programme. We greatly appreciate your understanding and hope to consider you for future opportunities.<br><br>If you have any questions regarding the above, please reach out via:&nbsp;<a href=""mailto:CampusEU@imc.com""><u>CampusEU@imc.com</u></a>.</p><div class=""content-conclusion""><p><strong>About Us</strong></p>
<p><em>IMC is a research-driven trading firm where quantitative modeling, machine learning, and engineering shape how modern markets are traded. A stabilizing force in markets since 1989, we provide liquidity across trading venues, delivering the best outcome in value and risk management to investors. Using our own technology and capital, we build proprietary systems and algorithms that operate across global markets. Our researchers, traders, and engineers work as a collective, combining rapid experimentation, advanced infrastructure, and real-time feedback to turn insight into execution and execution into advantage.</em></p>
<p>&nbsp;</p></div>",https://job-boards.eu.greenhouse.io/imc/jobs/4927149101,2026-09-24
IMC,Hardware Engineer Intern - Summer 2027,"Chicago, United States","<p>Our 10-week internship is your chance to experience life as a Hardware Engineer at IMC. You’ll have the support you need to succeed: educational training and a mentor who will oversee your work and professional development. We provide a highly competitive compensation package with accommodations included. The bar for talent at IMC is high and interns who meet our performance expectations will have the opportunity to secure a full time Graduate Hardware Engineer position at the end of the program.&nbsp; Where you go from here is up to you!</p>
<p><strong>Your Core Responsibilities:</strong></p>
<ul>
<li>Enhance your knowledge of algorithm complexity, professional design, and coding</li>
<li>Work on meaningful and challenging projects</li>
<li>Patricipate in classroom-based training covering an overview of financial markets, IMC technology and hardware design</li>
<li>Build valuable connections in an environment that recognizes and rewards problem solving, innovation and teamwork</li>
<li>Engage in professional development sessions aimed at helping you envision your future at IMC</li>
<li>Attend a full schedule of events and social activities throughout the summer</li>
</ul>
<p><strong>Your Skills and Experience:</strong></p>
<ul>
<li>Current university student graduating between September 2027 - July 2028 that is pursuing an Electrical Engineering, Computer Engineering, or a related degree</li>
<li>Must have proficient experience in Verilog, SystemVerilog, VHDL or other RTL programming (additional software experience is a plus; C++, Python, or similar)</li>
<li>Strong analytical skills and interest in solving complex problems programmatically</li>
<li>Desire to collaborate with technical and non-technical teammates in a dynamic environment</li>
<li>Interest in the Financial Markets; previous knowledge is NOT required</li>
<li>Must be able to start internship on June 7, 2027</li>
</ul>
<p>You may submit one application per role each year.&nbsp; We strongly encourage you to focus on applying to a single role that best matches your skills and interests.&nbsp; Though you may apply to multiple roles, please note that each application will be evaluated based on the specific criteria established for that particular role. If you have already applied for this position during the current recruitment season and were not selected, you may reapply when the next recruitment season begins in 2027.</p>
<p>The Base Salary range for the role is included below. Base salary is only one component of total compensation; all full-time, permanent positions are eligible for a discretionary bonus and benefits, including paid leave and insurance. Please visit <a href=""https://www.imc.com/us/careers/benefits"">Benefits - US | IMC Trading</a> for more comprehensive information.</p>
<p>Base Salary: $200,000</p><div class=""content-conclusion""><p><strong>About Us</strong></p>
<p><em>IMC is a research-driven trading firm where quantitative modeling, machine learning, and engineering shape how modern markets are traded. A stabilizing force in markets since 1989, we provide liquidity across trading venues, delivering the best outcome in value and risk management to investors. Using our own technology and capital, we build proprietary systems and algorithms that operate across global markets. Our researchers, traders, and engineers work as a collective, combining rapid experimentation, advanced infrastructure, and real-time feedback to turn insight into execution and execution into advantage.</em></p>
<p>&nbsp;</p></div>",https://job-boards.eu.greenhouse.io/imc/jobs/4823945101,2026-09-24
IMC,Hardware & Infrastructure Procurement Officer,"Sydney,  Australia","<p>IMC Trading is looking for an IT Procurement Officer to support the sourcing, purchasing, and lifecycle management of the hardware, networking equipment, and software that power our trading operations. This role sits at the intersection of procurement and technology, working closely with trading infrastructure engineers, network teams, and vendors to ensure that servers, networking gear, colocation equipment, and IT software are procured efficiently, cost-effectively, and on time.</p>
<p><strong>Your Core Responsibilities:&nbsp;</strong></p>
<ul>
<li>Manage end-to-end procurement of IT hardware and trading infrastructure components, including servers, switches, networking equipment, cabling, and colocation/data center hardware, from requisition through delivery and asset intake.</li>
<li>Prepare and issue purchase orders, track order status, and coordinate with vendors and freight/logistics providers to ensure on-time delivery to data centers and offices, including urgent or time-sensitive trading infrastructure requests.</li>
<li>Assist in negotiating pricing, delivery timelines, and contract terms with hardware vendors, software publishers, and colocation/data center providers, under guidance from senior technical staff.</li>
<li>On occasion, contribute to RFPs for strategic commercial arrangements, supporting vendor evaluation and proposal comparison for larger or longer-term agreements.</li>
<li>Maintain accurate procurement records, purchase orders, contracts, and vendor documentation in the procurement system, ensuring audit-readiness and compliance with internal policies.</li>
<li>Partner with the trading infrastructure, network engineering, and IT operations teams to understand technical requirements and lead times, translating them into accurate purchase requisitions.</li>
<li>Monitor vendor performance, delivery accuracy, and pricing trends for hardware and colocation providers, and escalate recurring issues to the Procurement Manager.</li>
<li>Support IT asset management processes, including tagging, tracking, and coordinating the disposal or redeployment of retired hardware.</li>
<li>Collaborating with operations and warehouse teams to maintain optimal stock levels on commonly used hardware, staying ahead of the demand curve, assist operational teams with keeping inventory up to date.</li>
<li>Stay informed on market pricing, new hardware releases, and supplier options relevant to trading infrastructure to support informed purchasing decisions.</li>
<li>Work with internal teams to continuously improve procurement systems and processes, bringing an AI-first mindset to identify opportunities for automation and efficiency gains.</li>
</ul>
<p><strong>Your Skills and Experience:</strong></p>
<div class=""qMYqUG_convSearchResultHighlightRoot"">
<div class="""" data-turn-id-container=""request-WEB:401a1c26-c084-48fa-b6a8-09054f65e3bf-2"" data-is-intersecting=""true"">
<section class=""text-token-text-primary w-full focus:outline-none has-data-writing-block:pointer-events-none [&amp;:has([data-writing-block])>*]:pointer-events-auto R6Vx5W_threadScrollVars scroll-mb-[calc(var(--scroll-root-safe-area-inset-bottom,0px)+var(--thread-response-height))] scroll-mt-[calc(var(--header-height)+min(200px,max(70px,20svh)))]"" data-turn-id=""request-WEB:401a1c26-c084-48fa-b6a8-09054f65e3bf-2"" data-turn-id-container=""request-WEB:401a1c26-c084-48fa-b6a8-09054f65e3bf-2"" data-testid=""conversation-turn-6"" data-turn=""assistant"">
<div class=""text-base my-auto mx-auto pb-8 [--thread-content-margin:var(--thread-content-margin-xs,calc(var(--spacing)*4))] @w-sm/main:[--thread-content-margin:var(--thread-content-margin-sm,calc(var(--spacing)*6))] @w-lg/main:[--thread-content-margin:var(--thread-content-margin-lg,calc(var(--spacing)*16))] px-(--thread-content-margin)"">
<div class=""[--thread-content-max-width:40rem] @w-lg/main:[--thread-content-max-width:48rem] mx-auto max-w-(--thread-content-max-width) flex-1 group/turn-messages focus-visible:outline-hidden @[53.5rem]/main:[--thread-content-max-width:48rem] relative flex w-full min-w-0 flex-col agent-turn"" data-conversation-screenshot-content="""">
<div class=""flex max-w-full flex-col gap-4 grow"">
<div class=""min-h-8 text-message relative flex w-full flex-col items-end gap-2 text-start break-words whitespace-normal outline-none keyboard-focused:focus-ring [.text-message+&amp;]:mt-1"" data-message-author-role=""assistant"" data-message-id=""1e3032c0-a88f-5356-a10d-7112e76d06b6"" data-turn-start-message=""true"" data-message-model-slug=""gpt-5.6-sol-wm"">
<div class=""flex w-full flex-col gap-1 empty:hidden"">
<div class=""markdown prose dark:prose-invert wrap-break-word w-full light markdown-new-styling"">
<ul>
<li class=""PDq2pG_selectionAnchorContainer"" data-start=""0"" data-end=""135"">Bachelor’s degree in Business, Supply Chain Management, Information Technology, or a related field, or equivalent practical experience.</li>
<li data-section-id=""1bvhedh"" data-start=""137"" data-end=""316"">3+ years of experience in procurement, purchasing, vendor management, or IT asset management.</li>
<li data-section-id=""1wm5tjy"" data-start=""317"" data-end=""582"">Understanding of IT hardware, networking, trading infrastructure, and data center concepts and terminology, including servers, switches, network cabling, and data center equipment; prior exposure to trading or financial-services technology environments is a plus.</li>
<li data-section-id=""1ka8c9d"" data-start=""583"" data-end=""865"">Experience purchasing networking or data center hardware, including switches, routers, servers, cabling, and rack/power equipment, from vendors such as Arista, Cisco, Dell, HPE, or similar; familiarity with colocation, cross-connect, or data center services procurement is a plus.</li>
<li data-section-id=""1cnpb6t"" data-start=""866"" data-end=""1034"">Experience working effectively in a fast-paced trading, financial-services, or technology firm, with the adaptability to operate in a high-stakes trading environment.</li>
<li data-section-id=""1ky83tb"" data-start=""1035"" data-end=""1226"">Strong organizational skills and attention to detail, with consistent follow-through on orders, contracts, and deadlines and the ability to manage multiple purchase requests simultaneously.</li>
<li data-section-id=""9158ol"" data-start=""1227"" data-end=""1509"">Clear, proactive written and verbal communication skills, with the ability to work cross-functionally with technical teams, translate requirements into procurement actions, and manage relationships with internal stakeholders and external vendors professionally and diplomatically.</li>
<li data-section-id=""9nrzuh"" data-start=""1510"" data-end=""1617"">Sound judgment in balancing cost, speed, and quality when sourcing time-sensitive trading infrastructure.</li>
<li data-section-id=""wg73z4"" data-start=""1618"" data-end=""1736"" data-is-last-node="""">Fluent in Mandarin and English, both written and spoken is a must to liaise with regional vendors, offices, and stakeholders.</li>
</ul>
</div>
</div>
</div>
</div>
</div>
</div>
</section>
</div>
</div><div class=""content-conclusion""><p><strong>About Us</strong></p>
<p><em>IMC is a research-driven trading firm where quantitative modeling, machine learning, and engineering shape how modern markets are traded. A stabilizing force in markets since 1989, we provide liquidity across trading venues, delivering the best outcome in value and risk management to investors. Using our own technology and capital, we build proprietary systems and algorithms that operate across global markets. Our researchers, traders, and engineers work as a collective, combining rapid experimentation, advanced infrastructure, and real-time feedback to turn insight into execution and execution into advantage.</em></p>
<p>&nbsp;</p></div>",https://job-boards.eu.greenhouse.io/imc/jobs/4939397101,2026-09-24
IMC,Hardware Machine Learning Engineer,"Chicago, United States; New York, United States","<p data-renderer-start-pos=""14"" data-local-id=""7c4a07c6b9ef"">We are deploying machine learning directly onto custom hardware – and we want you to help drive it from the ground up. This is an initiative where you'll have the rare opportunity to architect solutions from scratch, influence technical research direction, and see your work drive real impact in one of the most demanding computing environments in the world.</p>
<p data-renderer-start-pos=""374"" data-local-id=""a232a52966f2"">We build the hardware, the software, and the infrastructure, so when you hit a bottleneck, you can fix it - there's no vendor to wait on and no abstraction layer you're not allowed to touch. If you've ever wanted to push the boundaries of what's computationally possible, this role is for you. We're looking for researchers and experienced engineers from any background. Trading experience is a bonus, not a prerequisite.</p>
<p><strong>Your Core Responsibilities</strong></p>
<ul>
<li data-renderer-start-pos=""827"" data-local-id=""3d8f27672cb3"">Architect and co-design ML models with traders, quant researchers, and software engineers, treating hardware constraints (latency budgets, resource limits, numerical precision) as first-class design inputs</li>
<li data-renderer-start-pos=""1036"" data-local-id=""e4081dba3255"">Shape our custom hardware roadmap by translating ML model requirements into concrete architectural decisions</li>
<li data-renderer-start-pos=""1148"" data-local-id=""2adc2165f97e"">Work hands-on with hardware engineers to implement, verify, and deploy ML inference solutions from proof-of-concept through production</li>
<li data-renderer-start-pos=""1286"" data-local-id=""a39313dd0463"">Track and evaluate emerging research in neural architecture search, machine learning systems and quantization methods, and determine what translates to measurable improvements in our systems</li>
</ul>
<p><strong>Your Skills and Experience</strong></p>
<ul>
<li data-renderer-start-pos=""1510"" data-local-id=""f9874e7528e2"">Solid understanding of hardware constraints and design trade-offs (e.g., pipelining, resource utilization, fixed-point arithmetic) that shape how ML models can be efficiently mapped onto FPGAs or custom ASICs</li>
<li data-renderer-start-pos=""1722"" data-local-id=""d265ff5d3d92"">Experience with hardware fundamentals, whether through <span data-highlighted=""true"" data-vc=""highlighted-text""><span class=""_kqswh2mm""><span class=""_5pioz8co _189e1dm9 _1il9buyh _19lc184f _d0altlke"" data-testid=""definition-highlighter"">VHDL</span></span></span>/SystemVerilog development, <span data-highlighted=""true"" data-vc=""highlighted-text""><span class=""_kqswh2mm""><span class=""_5pioz8co _189e1dm9 _1il9buyh _19lc184f _d0altlke"" data-testid=""definition-highlighter"">HLS</span></span></span> tools, or ML-to-hardware frameworks like hls4ml, FINN, or Vitis AI</li>
<li data-renderer-start-pos=""1883"" data-local-id=""de41298b7b94"">Understanding of machine learning fundamentals – neural network architectures, inference optimization, quantization techniques, ML frameworks such as PyTorch/TensorFlow</li>
<li data-renderer-start-pos=""2055"" data-local-id=""afc68cfe8a5f"">Proficiency in Python, C++, or similar languages for tooling, testing, and simulation</li>
<li data-renderer-start-pos=""2144"" data-local-id=""dbbc531fbe67"">Strong communication skills and ability to work collaboratively across disciplines with both technical and non-technical teams</li>
</ul>
<p><strong>Nice to Have</strong></p>
<ul>
<li data-renderer-start-pos=""2290"" data-local-id=""10af19096aaf"">Exposure to ML compiler infrastructure such as <span data-highlighted=""true"" data-vc=""highlighted-text""><span class=""_kqswh2mm""><span class=""_5pioz8co _189e1dm9 _1il9buyh _19lc184f _d0altlke"" data-testid=""definition-highlighter"">MLIR</span></span></span>, <span data-highlighted=""true"" data-vc=""highlighted-text""><span class=""_kqswh2mm""><span class=""_5pioz8co _189e1dm9 _1il9buyh _19lc184f _d0altlke"" data-testid=""definition-highlighter"">TVM</span></span></span>, <span data-highlighted=""true"" data-vc=""highlighted-text""><span class=""_kqswh2mm""><span class=""_5pioz8co _189e1dm9 _1il9buyh _19lc184f _d0altlke"" data-testid=""definition-highlighter"">XLA</span></span></span>, or similar tools for lowering and optimizing models for hardware targets</li>
<li data-renderer-start-pos=""2429"" data-local-id=""cd80b508ee8c"">Background in latency-sensitive or resource-constrained systems including high-frequency trading, particle physics data acquisition, real-time signal processing, or similar domains</li>
<li data-renderer-start-pos=""2613"" data-local-id=""7afaa9b832b0"">Familiarity with functional verification methodologies (for example SystemVerilog, <span data-highlighted=""true"" data-vc=""highlighted-text""><span class=""_kqswh2mm""><span class=""_5pioz8co _189e1dm9 _1il9buyh _19lc184f _d0altlke"" data-testid=""definition-highlighter"">UVM</span></span></span>, Cocotb)</li>
<li>Advanced degree (MS or <span data-highlighted=""true"" data-vc=""highlighted-text""><span class=""_kqswh2mm""><span class=""_5pioz8co _189e1dm9 _1il9buyh _19lc184f _d0altlke"" data-testid=""definition-highlighter"">PhD</span></span></span>) in <span data-highlighted=""true"" data-vc=""highlighted-text""><span class=""_kqswh2mm""><span class=""_5pioz8co _189e1dm9 _1il9buyh _19lc184f _d0altlke"" data-testid=""definition-highlighter"">EE</span></span></span>, <span data-highlighted=""true"" data-vc=""highlighted-text""><span class=""_kqswh2mm""><span class=""_5pioz8co _189e1dm9 _1il9buyh _19lc184f _d0altlke"" data-testid=""definition-highlighter"">CS</span></span></span>, Physics, or related field, or equivalent depth through industry or research experience</li>
</ul><div class=""content-pay-transparency""><div class=""pay-input""><div class=""description""><p>The Base Salary range for the role is included below. Base salary is only one component of total compensation; all full-time, permanent positions are eligible for a discretionary bonus and benefits, including paid leave and insurance.&nbsp;Please visit <a href=""https://www.imc.com/us/careers/benefits"">Benefits - US | IMC Trading</a> for more comprehensive information.</p></div><div class=""title"">Salary Range</div><div class=""pay-range""><span>$200,000</span><span class=""divider"">&mdash;</span><span>$225,000 USD</span></div></div></div><div class=""content-conclusion""><p><strong>About Us</strong></p>
<p><em>IMC is a research-driven trading firm where quantitative modeling, machine learning, and engineering shape how modern markets are traded. A stabilizing force in markets since 1989, we provide liquidity across trading venues, delivering the best outcome in value and risk management to investors. Using our own technology and capital, we build proprietary systems and algorithms that operate across global markets. Our researchers, traders, and engineers work as a collective, combining rapid experimentation, advanced infrastructure, and real-time feedback to turn insight into execution and execution into advantage.</em></p>
<p>&nbsp;</p></div>",https://job-boards.eu.greenhouse.io/imc/jobs/4713602101,2026-09-24
IMC,Hardware Machine Learning PhD Research Internship,"Chicago, United States","<p>We are deploying machine learning directly onto custom hardware – and we want you to help drive it forward. This PhD internship is an opportunity to work on research that has direct impact on IMC's work tackling open problems at the frontier of low-latency ML inference and hardware acceleration.</p>
<p>You'll work alongside IMC engineers in one of the most demanding low-latency computing environments in the world. You'll own a focused research project from start to finish, present your findings to the team, and leave behind a prototype or benchmark that we can build on.</p>
<p><strong>Your Core Responsibilities </strong></p>
<ul>
<li>Architect and develop an ML focused research project based on real-world use cases</li>
<li>Work hands-on with hardware engineers to implement, verify, and deploy ML inference solutions</li>
<li>Track and evaluate emerging research in neural architecture search, machine learning systems and quantization methods, and determine what translates to measurable improvements in our systems</li>
<li>Present your project to the team, deepening our collective understanding of an area of ML acceleration</li>
<li>Gain hardware design fundamentals from skilled RTL developers and learn how they apply to our industry</li>
<li>Build skills to evaluate research not only from an academic perspective, but through real-world performance constraints, engineering costs, and industry impact</li>
</ul>
<p><strong>Your Skills and Experience</strong></p>
<ul>
<li>Currently enrolled in a PhD program in Electrical Engineering, Computer Science, Physics, or a related field</li>
<li>Solid understanding of hardware constraints and design trade-offs (e.g., pipelining, resource utilization, fixed-point arithmetic) that shape how ML models can be efficiently mapped onto FPGAs or custom ASICs</li>
<li>Experience with hardware fundamentals, whether through VHDL/SystemVerilog development, HLS tools, or ML-to-hardware frameworks like hls4ml, FINN, or Vitis AI</li>
<li>Understanding of machine learning fundamentals – neural network architectures, inference optimization, quantization techniques, ML frameworks such as PyTorch/TensorFlow</li>
<li>Proficiency in Python or similar languages for tooling, testing, and simulation</li>
<li>Strong communication skills and ability to work collaboratively across disciplines with both technical and non-technical teams</li>
</ul>
<p>You may submit one application per role each year.&nbsp; We strongly encourage you to focus on applying to a single role that best matches your skills and interests.&nbsp; Though you may apply to multiple roles, please note that each application will be evaluated based on the specific criteria established for that particular role. If you have already applied for this position during the current recruitment season and were not selected, you may reapply when the next recruitment season begins in 2027.</p>
<p>The Base Salary range for the role is included below. Base salary is only one component of total compensation; all full-time, permanent positions are eligible for a discretionary bonus and benefits, including paid leave and insurance. Please visit <a href=""https://www.imc.com/us/careers/benefits"">Benefits - US | IMC Trading</a> for more comprehensive information.</p>
<p>Base Salary: $225,000</p><div class=""content-conclusion""><p><strong>About Us</strong></p>
<p><em>IMC is a research-driven trading firm where quantitative modeling, machine learning, and engineering shape how modern markets are traded. A stabilizing force in markets since 1989, we provide liquidity across trading venues, delivering the best outcome in value and risk management to investors. Using our own technology and capital, we build proprietary systems and algorithms that operate across global markets. Our researchers, traders, and engineers work as a collective, combining rapid experimentation, advanced infrastructure, and real-time feedback to turn insight into execution and execution into advantage.</em></p>
<p>&nbsp;</p></div>",https://job-boards.eu.greenhouse.io/imc/jobs/4975945101,2026-09-24
IMC,HPC Systems Architect,"Amsterdam, Netherlands","<p>At IMC, we thrive on pushing boundaries, embracing innovation, and leveraging cutting-edge technology to stay ahead in the competitive trading landscape. We are seeking an exceptional HPC Systems Architect who will lead the charge in designing, implementing, and optimizing our global HPC infrastructure, driving innovation, and delivering scalable solutions that empower our advanced computational needs.</p>
<p><strong>Your Core Responsibilities:&nbsp;</strong></p>
<p><strong>System Design and Implementation</strong></p>
<ul>
<li>Architect and oversee the implementation of advanced HPC systems tailored to high-impact applications, including machine learning workloads</li>
<li>Integrate cutting-edge technologies to enhance computational power and capabilities</li>
<li>Evaluate and select best-in-class hardware and software solutions, optimizing our infrastructure for peak performance, scalability, efficiency, and reliability</li>
<li>Partner with global teams to establish and enforce architectural standards and best practices across HPC environments</li>
<li>Ensure seamless interoperability between different systems and teams, creating a cohesive, high-performance environment that aligns with IMC’s long-term business goals</li>
</ul>
<p><strong>Performance Optimization</strong></p>
<ul>
<li>Develop and deploy solutions to continuously optimize system performance and resource utilization across the HPC ecosystem</li>
<li>Implement sophisticated monitoring and analytics tools to proactively identify and resolve performance bottlenecks</li>
</ul>
<p><strong>Project Management</strong></p>
<ul>
<li>Lead and manage the full lifecycle of HPC projects, from concept through implementation, ensuring projects are delivered on time, within budget, and to the highest standards</li>
<li>Oversee resource allocation, budgeting, and timeline management, driving the successful execution of critical projects</li>
<li>Develop policies for allocating compute time, storage, and networking resources to users based on priority, need, and fairness</li>
</ul>
<p><strong>Collaboration</strong></p>
<ul>
<li>Act as a trusted technical advisor to senior leadership, offering strategic insights on emerging HPC trends and their potential impact on the trading industry</li>
<li>Collaborate closely with quant researchers, software engineers, and traders to understand computational requirements and translate them into scalable, high-performance solutions</li>
<li>Partner with global teams to coordinate system design, resource allocation, and parallel project delivery, ensuring the consistent expansion of our global research environment</li>
<li>Evaluate success based on the HPC environment’s utilization and end-user satisfaction</li>
</ul>
<p><strong>Your Skills and Experience:&nbsp;</strong></p>
<ul>
<li>Bachelor’s, Master’s, or PhD degree in Computer Science, Electrical Engineering, or a related field</li>
<li>Extensive experience (typically 10+ years) in HPC architecture, system design, or a similar role within a large-scale compute environment</li>
<li>Deep expertise in some or all of the following areas:
<ul>
<li>HPC system design and optimization</li>
<li>Linux systems administration</li>
<li>Enterprise storage solutions (e.g., Vast, DDN, Isilon)</li>
<li>HPC management tools (e.g., Kubernetes, Docker, Slurm)</li>
<li>High-performance processors and compute offload devices (e.g., GPUs)</li>
<li>Low-latency network architecture, including high-speed interconnects (e.g., InfiniBand, Ethernet)</li>
<li>Datacenter design and optimization</li>
<li>AI/ML frameworks and their integration into HPC systems</li>
<li>Programming languages such as Python, Go, C++, or similar</li>
</ul>
</li>
<li>Exceptional communication skills, with the ability to translate complex technical concepts for non-technical audiences</li>
<li>Proven ability to influence decision-making and align global teams to achieve a unified vision</li>
</ul><div class=""content-conclusion""><p><strong>About Us</strong></p>
<p><em>IMC is a research-driven trading firm where quantitative modeling, machine learning, and engineering shape how modern markets are traded. A stabilizing force in markets since 1989, we provide liquidity across trading venues, delivering the best outcome in value and risk management to investors. Using our own technology and capital, we build proprietary systems and algorithms that operate across global markets. Our researchers, traders, and engineers work as a collective, combining rapid experimentation, advanced infrastructure, and real-time feedback to turn insight into execution and execution into advantage.</em></p>
<p>&nbsp;</p></div>",https://job-boards.eu.greenhouse.io/imc/jobs/4742838101,2026-09-24
IMC,HPC Systems Architect ,"Chicago, United States","<p>At IMC, we thrive on pushing boundaries, embracing innovation, and leveraging cutting-edge technology to stay ahead in the competitive trading landscape. We are seeking an exceptional HPC Systems Architect who will lead the charge in designing, implementing, and optimizing our global HPC infrastructure, driving innovation, and delivering scalable solutions that empower our advanced computational needs.</p>
<p><strong>Your Core Responsibilities:</strong></p>
<ul>
<li>Architect and oversee the implementation of advanced HPC systems tailored to high-impact applications, including machine learning workloads</li>
<li>Integrate cutting-edge technologies to enhance computational power and capabilities</li>
<li>Evaluate and select best-in-class hardware and software solutions, optimizing our infrastructure for peak performance, scalability, efficiency, and reliability</li>
<li>Partner with global teams to establish and enforce architectural standards and best practices across HPC environments</li>
<li>Ensure seamless interoperability between different systems and teams, creating a cohesive, high-performance environment that aligns with IMC’s long-term business goals</li>
<li>Develop and deploy solutions to continuously optimize system performance and resource utilization across the HPC ecosystem</li>
<li>Implement sophisticated monitoring and analytics tools to proactively identify and resolve performance bottlenecks</li>
<li>Lead and manage the full lifecycle of HPC projects, from concept through implementation, ensuring projects are delivered on time, within budget, and to the highest standards</li>
<li>Oversee resource allocation, budgeting, and timeline management, driving the successful execution of critical projects</li>
<li>Develop policies for allocating compute time, storage, and networking resources to users based on priority, need, and fairness</li>
<li>Act as a trusted technical advisor to senior leadership, offering strategic insights on emerging HPC trends and their potential impact on the trading industry</li>
<li>Collaborate closely with quant researchers, software engineers, and traders to understand computational requirements and translate them into scalable, high-performance solutions</li>
<li>Partner with global teams to coordinate system design, resource allocation, and parallel project delivery, ensuring the consistent expansion of our global research environment</li>
<li>Evaluate success based on the HPC environment’s utilization and end-user satisfaction</li>
</ul>
<p><strong>Your Skills and Experience:</strong></p>
<ul>
<li>Bachelor’s, Master’s, or PhD degree in Computer Science, Electrical Engineering, or a related field</li>
<li>Extensive experience (typically 10+ years) in HPC architecture, system design, or a similar role within a large-scale compute environment</li>
<li>Deep expertise in some or all of the following areas:</li>
<ul>
<li>HPC system design and optimization</li>
<li>Linux systems administration</li>
<li>Enterprise storage solutions (e.g., Vast, DDN, Isilon)</li>
<li>HPC management tools (e.g., Kubernetes, Docker, Slurm)</li>
<li>High-performance processors and compute offload devices (e.g., GPUs)</li>
<li>Low-latency network architecture, including high-speed interconnects (e.g., InfiniBand, Ethernet)</li>
<li>Datacenter design and optimization</li>
<li>AI/ML frameworks and their integration into HPC systems</li>
<li>Programming languages such as Python, Go, C++, or similar</li>
</ul>
<li>Exceptional communication skills, with the ability to translate complex technical concepts for non-technical audiences</li>
<li>Proven ability to influence decision-making and align global teams to achieve a unified vision</li>
</ul><div class=""content-pay-transparency""><div class=""pay-input""><div class=""description""><p>The Base Salary range for the role is included below. Base salary is only one component of total compensation; all full-time, permanent positions are eligible for a discretionary bonus and benefits, including paid leave and insurance.&nbsp;Please visit <a href=""https://www.imc.com/us/careers/benefits"">Benefits - US | IMC Trading</a> for more comprehensive information.</p></div><div class=""title"">Salary Range</div><div class=""pay-range""><span>$200,000</span><span class=""divider"">&mdash;</span><span>$225,000 USD</span></div></div></div><div class=""content-conclusion""><p><strong>About Us</strong></p>
<p><em>IMC is a research-driven trading firm where quantitative modeling, machine learning, and engineering shape how modern markets are traded. A stabilizing force in markets since 1989, we provide liquidity across trading venues, delivering the best outcome in value and risk management to investors. Using our own technology and capital, we build proprietary systems and algorithms that operate across global markets. Our researchers, traders, and engineers work as a collective, combining rapid experimentation, advanced infrastructure, and real-time feedback to turn insight into execution and execution into advantage.</em></p>
<p>&nbsp;</p></div>",https://job-boards.eu.greenhouse.io/imc/jobs/4679983101,2026-09-24
IMC,HR Business Partner,"New York, United States","<p>We are looking for a strategic, thoughtful, and motivated Human Resources Business Partner (HRBP) with a bias for action to join our team. This person will be a key partner to business leads in the New York City office. At IMC, the role of HRBP is one of a trusted and strategic people advisor and coach. This role is responsible for connecting the needs of the business to people strategies and initiatives.</p>
<p>As an HRBP, you will work closely with the leads you support to provide guidance and counsel on all people matters. This role will influence employee experience by architecting and executing people processes and partnerships that stimulate our employees' engagement, retention, development, and performance.</p>
<p><strong>Your Core Responsibilities:</strong></p>
<ul>
<li>Work with business leaders to deliver effective talent strategy, structure, and development initiatives</li>
<li>Enable individual and team performance by assessing talent, providing performance coaching, and supporting teams</li>
<li>Develop effective engagement action plans to suit the unique needs of specific teams/employees</li>
<li>Develop communications to equip leaders with the language to drive their message</li>
<li>Analyze people data, trends, and interactions to address challenges proactively</li>
<li>Operate as a change agent and employee advocate</li>
<li>Address employee relations matters thoroughly and thoughtfully</li>
<li>Collaborate across the HR department to build and deliver a connected employee experience</li>
<li>Work with personal responsibility for delivering quality work</li>
<li>Willing to iterate on past work to improve and maintain relevance in a changing marketplace</li>
<li>Use a high level of judgment to make decisions and handle complex tasks or problems</li>
<li>Solve problems and get to the root cause of complex talent issues; develop and implement solutions</li>
</ul>
<p><strong>Your Skills &amp; Experience:</strong></p>
<ul>
<li>A Bachelor's degree or higher level of education in Human Resources, Business, or a related field; or equivalent experience</li>
<li>5+ years of experience as an HR Business Partner in a progressive, fast-paced environment with a minimum of 2 years within this industry</li>
<li>Proven experience in proactively coaching leaders and providing strategic guidance on complex people management issues and strategies (including team restructures, talent mobility, change, and widespread capability building)</li>
<li>Superior communication skills – convey confidence, empathy, and trust via candor and diplomacy to build effective relationships; able to engage with front-line employees as well as senior leaders on a strategic and operational level</li>
<li>Formal training and accreditation are preferred in coaching, adult learning principles, and psychometric assessments, including MBTI, Hogan Assessments, etc.</li>
<li>Strong analytical skills and ability to identify and present data-driven insights and trends</li>
<li>Strong critical thinking skills to identify interdependencies between complex issues, data, and outcomes</li>
<li>Ability to build credibility and trust with senior leaders as an advisor who effectively gives advice and follows through on commitments</li>
<li>​Ability to drive change in key people activities and organization shifts</li>
<li>Ability to produce quality deliverables</li>
<li>Ability to aggregate data, complete analysis, and display results visually</li>
<li>Possess confidence in the handling of ambiguity and fluid situations</li>
<li>Possess an abundance of common sense and pragmatism</li>
<li>HR systems experience</li>
</ul>
<p><em>Please note that immigration sponsorship is not offered for this specific opening.</em></p><div class=""content-pay-transparency""><div class=""pay-input""><div class=""description""><p>The Base Salary range for the role is included below. Base salary is only one component of total compensation; all full-time, permanent positions are eligible for a discretionary bonus and benefits, including paid leave and insurance.&nbsp;Please visit <a href=""https://www.imc.com/us/careers/benefits"">Benefits - US | IMC Trading</a> for more comprehensive information.</p></div><div class=""title"">Salary Range</div><div class=""pay-range""><span>$160,000</span><span class=""divider"">&mdash;</span><span>$200,000 USD</span></div></div></div><div class=""content-conclusion""><p><strong>About Us</strong></p>
<p><em>IMC is a research-driven trading firm where quantitative modeling, machine learning, and engineering shape how modern markets are traded. A stabilizing force in markets since 1989, we provide liquidity across trading venues, delivering the best outcome in value and risk management to investors. Using our own technology and capital, we build proprietary systems and algorithms that operate across global markets. Our researchers, traders, and engineers work as a collective, combining rapid experimentation, advanced infrastructure, and real-time feedback to turn insight into execution and execution into advantage.</em></p>
<p>&nbsp;</p></div>",https://job-boards.eu.greenhouse.io/imc/jobs/4945645101,2026-09-24
IMC,HR Operations Manager - 14 month contract,"Sydney,  Australia","<p>We're looking for an enthusiastic HR Operations Manager to lead our APAC HR Operations function on a 14-month contract, covering a period of parental leave. The role spans our offices in Sydney, Hong Kong and Korea.<br><br>This is a hands-on leadership role with real ownership from day one. You'll manage a Sydney-based team of HR Generalists and HR Coordinators, own the employee lifecycle across the region, and work globally to shape our mobility and immigration agenda as IMC expands and moves top talent across APAC and around the world.<br><br>Because this is a defined 14-month tenure, we need someone who can get up to speed quickly, hold the function to a high standard, keep in-flight projects moving, and leave the team in great shape at handover. It's a genuinely broad brief and a great opportunity to work inside a high-performing global trading firm at a point of significant regional growth.<br><br>At IMC, we bring together people from a huge range of backgrounds. What they all share is technical expertise, sharp thinking and a collaborative approach — and our HR team prides itself on that same mindset.</p>
<p><strong>Your Core Responsibilities:&nbsp;</strong></p>
<p>Lead and develop the HR Operations team</p>
<ul>
<li>Manage, coach and develop a team of four in Sydney (HR Generalists and HR Coordinators), setting clear priorities and building capability across the team</li>
<li>Create the conditions for the team to do their best work — clear ownership, sensible workload distribution and meaningful development, including through a leadership transition</li>
<li>Set the service standard for the team: responsive, accurate and pragmatic support that HRBPs, managers and employees can rely on</li>
</ul>
<p>Own mobility and immigration</p>
<ul>
<li>Oversee end-to-end global mobility across APAC — inbound and outbound moves, intra-region transfers and international relocations</li>
<li>Lead all visa and immigration activity with the support of the HR Generalists, including sponsorship obligations, renewals, compliance and ongoing risk management</li>
<li>Partner with employees, hiring managers and external counsel to make relocations feel seamless, from offer through to landing well in a new country</li>
<li>Manage relationships and performance of external providers, including relocation specialists, immigration counsel, health insurance providers and tax advisor</li>
</ul>
<p>Run HR Operations across the employee lifecycle</p>
<ul>
<li>Own every stage of the employment lifecycle — contracts, employment letters, onboarding and new hire orientation, staff movements, relocation support, offboarding and terminations</li>
<li>Build, automate and maintain HR operations efficiency, defining and improving processes that strengthen a performance-driven organisation with a focus on quality, delivery and cost optimisation</li>
<li>Lead the team in maintaining accurate HR information systems, including Workday, payroll data and related HR tools</li>
<li>Support the HRBP and wider HR teams with the information, communication and service levels they need on HR Operations topics</li>
<li>Review and improve HR policies, striving for best practice and staying aligned with legislative change across the jurisdictions we operate in</li>
<li>Own local and regional HR reporting requirements, ensuring accurate reporting for both local and global stakeholders</li>
<li>Contribute to regional and global HR projects, including HR systems and process improvement initiatives, and look for opportunities to automate and simplify how the function works</li>
<li>Work with the leadership team to develop HR practices and programs aligned to IMC's strategy and culture</li>
<li>Partner with key stakeholders across HRIS, Legal, Finance and Payroll to ensure smooth, accurate delivery of HR Operations priorities and improvements</li>
<li>Support regional compensation queries from leaders and recruitment, and partner with global compensation on the annual review cycle</li>
</ul>
<p><strong>Your Skills and Experience:&nbsp;</strong></p>
<ul>
<li>Bachelor's degree or higher in Human Resources, Business or a related field</li>
<li>6+ years' experience in a generalist HR, HR Operations or shared services role in a progressive, high-touch, fast-paced environment</li>
<li>Experience leading and developing a small team</li>
<li>Demonstrated experience in global mobility and immigration, ideally across multiple APAC jurisdictions</li>
<li>Strong working knowledge of HRIS platforms (Workday highly regarded) and a genuine interest in using systems and data well</li>
<li>A track record in process improvement, developing SOPs, and building HR capability through training</li>
<li>Strong written and verbal communication skills, with the credibility to partner confidently with senior stakeholders</li>
<li>An abundance of common sense and pragmatism — you solve problems and get results</li>
</ul><div class=""content-conclusion""><p><strong>About Us</strong></p>
<p><em>IMC is a research-driven trading firm where quantitative modeling, machine learning, and engineering shape how modern markets are traded. A stabilizing force in markets since 1989, we provide liquidity across trading venues, delivering the best outcome in value and risk management to investors. Using our own technology and capital, we build proprietary systems and algorithms that operate across global markets. Our researchers, traders, and engineers work as a collective, combining rapid experimentation, advanced infrastructure, and real-time feedback to turn insight into execution and execution into advantage.</em></p>
<p>&nbsp;</p></div>",https://job-boards.eu.greenhouse.io/imc/jobs/4975173101,2026-09-24
IMC,Index Options Volatility Trader,"Chicago, United States","<p>&nbsp;</p>
<p data-start=""207"" data-end=""624""><span style=""font-size: 12pt;"">Our Index Options desk focuses on monetizing flow and capitalizing on short-term mispricings. We are a highly collaborative group that combines strong market intuition with analytical rigor, working closely with dedicated quants and researchers to sharpen our edge. Together, we strive to develop deep expertise, ownership, and innovation in understanding counterparty behavior, flow dynamics, and volatility pricing.</span></p>
<h2 data-section-id=""qbdlqd"" data-start=""626"" data-end=""655""><span style=""font-size: 12pt;"">Your Core Responsibilities</span></h2>
<ul data-start=""656"" data-end=""1415"">
<li style=""font-size: 12pt;"" data-section-id=""1ewk76s"" data-start=""656"" data-end=""749""><span style=""font-size: 12pt;"">Maximize revenue by identifying and capitalizing on short-term mispricings in index options</span></li>
<li style=""font-size: 12pt;"" data-section-id=""1d24q5d"" data-start=""750"" data-end=""850""><span style=""font-size: 12pt;"">Monitor and react to flow patterns, volatility shifts, and liquidity changes across index products</span></li>
<li style=""font-size: 12pt;"" data-section-id=""brwnlp"" data-start=""851"" data-end=""922""><span style=""font-size: 12pt;"">Collaborate with traders to manage the risk of a large book as a team</span></li>
<li style=""font-size: 12pt;"" data-section-id=""900xvd"" data-start=""923"" data-end=""1030""><span style=""font-size: 12pt;"">Work closely with our best-in-class research and quant teams to analyze results and improve your approach</span></li>
<li style=""font-size: 12pt;"" data-section-id=""1gjq7ws"" data-start=""1031"" data-end=""1140""><span style=""font-size: 12pt;"">Identify and analyze counterparty behavior and repetitive flow patterns to inform positioning and execution</span></li>
<li style=""font-size: 12pt;"" data-section-id=""rkf374"" data-start=""1141"" data-end=""1220""><span style=""font-size: 12pt;"">Provide feedback to enhance pricing models, risk systems, and execution tools</span></li>
<li style=""font-size: 12pt;"" data-section-id=""5b3k31"" data-start=""1221"" data-end=""1295""><span style=""font-size: 12pt;"">Perform post-trade reviews to continuously improve execution and hedging</span></li>
<li style=""font-size: 12pt;"" data-section-id=""1jtp8h4"" data-start=""1296"" data-end=""1415""><span style=""font-size: 12pt;"">Take on significant responsibility and ownership early in your time here to help drive strategies forward and succeed</span></li>
</ul>
<h2 data-section-id=""8mvev7"" data-start=""1417"" data-end=""1446""><span style=""font-size: 12pt;"">Your Skills and Experience</span></h2>
<ul data-start=""1447"" data-end=""1994"">
<li style=""font-size: 12pt;"" data-section-id=""g9rlsm"" data-start=""1447"" data-end=""1504""><span style=""font-size: 12pt;"">2+ years of index options volatility trading experience</span></li>
<li style=""font-size: 12pt;"" data-section-id=""1nbqgbq"" data-start=""1505"" data-end=""1573""><span style=""font-size: 12pt;"">BS, MS, or PhD, preferably in business, economics, or a STEM field</span></li>
<li style=""font-size: 12pt;"" data-section-id=""1cu4o5d"" data-start=""1574"" data-end=""1690""><span style=""font-size: 12pt;"">Ability to identify flow patterns and describe them analytically, with strong knowledge of repetitive market flows</span></li>
<li style=""font-size: 12pt;"" data-section-id=""1lil2rx"" data-start=""1691"" data-end=""1816""><span style=""font-size: 12pt;"">Passionate about understanding volatility dynamics and willing to act quickly on your views to capture market opportunities</span></li>
<li style=""font-size: 12pt;"" data-section-id=""1uom4zb"" data-start=""1817"" data-end=""1920""><span style=""font-size: 12pt;"">Entrepreneurial mindset with a healthy risk appetite; competitive by nature and a fast decision-maker</span></li>
<li style=""font-size: 12pt;"" data-section-id=""c737aw"" data-start=""1921"" data-end=""1994""><span style=""font-size: 12pt;"">Analytical, reflective about past trades, and always seeking to improve</span></li>
</ul><div class=""content-pay-transparency""><div class=""pay-input""><div class=""description""><p>The Base Salary range for the role is included below. Base salary is only one component of total compensation; all full-time, permanent positions are eligible for a discretionary bonus and benefits, including paid leave and insurance.&nbsp;Please visit <a href=""https://www.imc.com/us/careers/benefits"">Benefits - US | IMC Trading</a> for more comprehensive information.</p></div><div class=""title"">Salary Range</div><div class=""pay-range""><span>$250,000</span><span class=""divider"">&mdash;</span><span>$250,000 USD</span></div></div></div><div class=""content-conclusion""><p><strong>About Us</strong></p>
<p><em>IMC is a research-driven trading firm where quantitative modeling, machine learning, and engineering shape how modern markets are traded. A stabilizing force in markets since 1989, we provide liquidity across trading venues, delivering the best outcome in value and risk management to investors. Using our own technology and capital, we build proprietary systems and algorithms that operate across global markets. Our researchers, traders, and engineers work as a collective, combining rapid experimentation, advanced infrastructure, and real-time feedback to turn insight into execution and execution into advantage.</em></p>
<p>&nbsp;</p></div>",https://job-boards.eu.greenhouse.io/imc/jobs/4840228101,2026-09-24
IMC,Index Options Volatility Trader,"Amsterdam, Netherlands","<p>Our Index Options team chases edge in volatility valuation, detailed execution, and fast technology. We are making a big push in our ability to price vol and take risk, with the goal of growing into a leading volatility desk in the marketplace. We are a highly collaborative group of generalists and specialists. Together we strive to have deep expertise, ownership, and innovation in the topic areas that are important to winning in the Index Options space.</p>
<p>&nbsp;<strong>Your Core Responsibilities</strong></p>
<ul>
<li>Maximize revenue by identifying and monetizing short- and long-term mispricing, as well as managing the resulting positions</li>
<li>Monitor and react to volatility shifts, liquidity changes, and macro events</li>
<li>Take ownership of index options trading books across EU and/or US markets with a focus on opportunistic, high-risk/high-reward strategies</li>
<li>Deploy directional and volatility-based trades with strong conviction, backed by market intuition, quantitative signals and rigorous scenario analysis</li>
<li>Collaborate with quants and engineers to refine pricing models and volatility surfaces and to improve execution tools, automation and latency</li>
<li>Back test signals and validate new trading ideas</li>
<li>Provide feedback to enhance risk systems, scenario tools, and vol surfaces</li>
<li>Perform post-trade reviews to continuously improve execution and hedging</li>
<li>Be able to take lots of responsibility and ownership early in your time here to drive the strategy forward</li>
</ul>
<p><strong>Your skills and experience:</strong></p>
<ul>
<li>2+ years of Index Options Volatility trading experience</li>
<li>BS, MS, or PhD,&nbsp;preferably in business, economics, or STEM</li>
<li>You have an entrepreneurial mindset and a healthy appetite for risk</li>
<li>You have a proven ability to act and make decisions in a fast-paced and competitive environment</li>
<li>You are analytical, passionate about reflecting on past trades, and always seeking to do better</li>
<li>You have a deep understanding of fundamental drivers of volatility dynamics</li>
<li>Strong proficiency in Python</li>
</ul><div class=""content-conclusion""><p><strong>About Us</strong></p>
<p><em>IMC is a research-driven trading firm where quantitative modeling, machine learning, and engineering shape how modern markets are traded. A stabilizing force in markets since 1989, we provide liquidity across trading venues, delivering the best outcome in value and risk management to investors. Using our own technology and capital, we build proprietary systems and algorithms that operate across global markets. Our researchers, traders, and engineers work as a collective, combining rapid experimentation, advanced infrastructure, and real-time feedback to turn insight into execution and execution into advantage.</em></p>
<p>&nbsp;</p></div>",https://job-boards.eu.greenhouse.io/imc/jobs/4573232101,2026-09-24
IMC,Information Security Engineer,"Mumbai, India","<p>The Information Security team at IMC Trading is responsible for protecting IMC's intellectual property, IT infrastructure and business operations against external and internal threats. We work closely with technology, risk, compliance, internal audit and business leaders to reduce cyber risk to acceptable levels.</p>
<p>We are looking for an Information Security Engineer to help grow and mature our Security Operations Centre, which runs on EDR, SIEM, SOAR, CSPM, IAM, firewalls, NIDS/NIPS and a range of other security controls. Alongside SOC work, you will play a central role in supporting IMC's regulatory obligations in India, preparing evidence and coordinating the cyber and systems audits that come with operating in this market.</p>
<p>We offer an environment that lets you broaden and deepen your information security knowledge, with access to advanced security technology, frequent training and a culture of knowledge sharing. As you gain experience with our existing SOC technology and processes, you will be given considerable freedom to mature the function through your own initiatives.</p>
<p>&nbsp;</p>
<p><strong>Your Core Responsibilities:&nbsp;</strong></p>
<ul>
<li>
<p>Analyse security logs, alerts and reported events, and respond to or assist with the remediation of incidents.</p>
</li>
<li>
<p>Hunt for potential compromise across the infrastructure using a range of threat intelligence sources.</p>
</li>
<li>
<p>Report discovered vulnerabilities to technology owners and recommend remediation steps.</p>
</li>
<li>
<p>Support and improve technical security controls.</p>
</li>
<li>
<p>Leverage automation and orchestration to remove repetitive manual work.</p>
</li>
<li>
<p>Apply AI-assisted tooling to alert triage, event summarisation and investigation workflows, with a pragmatic view of its limitations.</p>
</li>
<li>
<p>Develop reporting that measures the effectiveness of security controls.</p>
</li>
<li>
<p>Develop and improve incident response playbooks.</p>
</li>
<li>
<p>Support regulatory and assurance audits: prepare evidence, coordinate with auditors and track observations through to closure.</p>
</li>
</ul>
<p>&nbsp;</p>
<p><strong>Your Skills and Experience:&nbsp;</strong></p>
<ul>
<li>
<p>Strong analytical and problem-solving skills.</p>
</li>
<li>
<p>A self-starter with a genuine passion for cybersecurity.</p>
</li>
<li>
<p>Previous SOC experience, and/or 3+ years of hands-on experience in an enterprise IT environment managing endpoints and applications on-premises or in the cloud.</p>
</li>
<li>
<p>Exposure to security controls such as identity and access management, vulnerability management, and endpoint detection and response.</p>
</li>
<li>
<p>Working knowledge of — or a strong willingness to learn — the Indian regulatory cybersecurity landscape: SEBI CSCRF, exchange circulars (NSE/BSE/MCX) and CERT-In directions, along with familiarity with ISO 27001 and the NIST CSF on which CSCRF is modelled.</p>
</li>
<li>
<p>Experience supporting audits (cyber audit, systems audit, VAPT, ISO or SOC 2 assessments) — evidence preparation, auditor coordination and observation remediation — is a strong plus.</p>
</li>
<li>
<p>Automation using basic coding skills or low-code / no-code tools.</p>
</li>
<li>
<p>Awareness of AI and machine learning applications in security operations is a plus; hands-on experience with AI-assisted security tooling or LLM-based workflows is highly regarded.</p>
</li>
<li>
<p>Understanding of common attack techniques and frameworks such as MITRE ATT&amp;CK.</p>
</li>
<li>
<p>Strong documentation and communication skills, with the ability to translate technical findings into audit-ready evidence and regulator-facing reports.</p>
</li>
<li>
<p>Relevant tertiary and/or security qualifications are a plus — for example a Bachelor's degree in information systems or computer science, CompTIA Security+, Certified in Cybersecurity (CC), CEH, or ISO 27001 Lead Auditor / Lead Implementer. If you don't have them yet, you will be supported to pursue certifications on the job.</p>
</li>
</ul><div class=""content-conclusion""><p><strong>About Us</strong></p>
<p><em>IMC is a research-driven trading firm where quantitative modeling, machine learning, and engineering shape how modern markets are traded. A stabilizing force in markets since 1989, we provide liquidity across trading venues, delivering the best outcome in value and risk management to investors. Using our own technology and capital, we build proprietary systems and algorithms that operate across global markets. Our researchers, traders, and engineers work as a collective, combining rapid experimentation, advanced infrastructure, and real-time feedback to turn insight into execution and execution into advantage.</em></p>
<p>&nbsp;</p></div>",https://job-boards.eu.greenhouse.io/imc/jobs/4959853101,2026-09-24
IMC, Institutional Sales Lead ,"Hong Kong, Hong Kong","<p>As a Institutional Sales Lead at IMC, you will play a key role in shaping our direct counterparty ecosystem, helping define how IMC sources, interacts with, and optimizes external off screen liquidity flow.</p>
<p>This role goes beyond traditional counterparty management. You'll partner closely with traders, with direct influence on execution outcomes, liquidity access, and trading performance. Operating at the intersection of trading, quantitative research, and low-latency technology, you'll help ensure our counterparty interactions are fast, scalable, and commercially optimized.</p>
<p>As a senior member of the team, you'll drive key initiatives, contribute to the evolution of our DCP capabilities, and share your expertise with colleagues across trading and technology.</p>
<p><strong>Your Core Responsibilities</strong></p>
<ul>
<li>Counterparty Ownership &amp; Strategy</li>
<ul>
<li>Own and manage relationships with IMC’s existing direct counterparties and clearers.</li>
<li>Onboard, build and manage relationships with new direct counterparties.</li>
<li>Act as a senior escalation point for trading, operational, and commercial issues</li>
</ul>
<li>Execution &amp; Trading Workflow Optimization</li>
<ul>
<li>Oversee off-screen trading flows from direct counterparties from request phase, to pricing and crossing the trade.</li>
<li>Analyze counterparty behavior, pricing quality, hit ratios, and response times to inform routing and strategy decisions</li>
<li>Develop a deep understanding of market microstructure and how counterparty interaction impacts trading performance</li>
<li>Identify and implement improvements that enhance speed, reliability, and fill quality</li>
</ul>
<li>Operational Excellence &amp; Process Improvement</li>
<ul>
<li>Lead initiatives to improve scalability, automation, and data integrity across DCP workflows</li>
<li>Reduce manual touchpoints by partnering with technology on system enhancements</li>
<li>Ensure accurate and timely trade capture, reconciliation, and issue resolution</li>
<li>Drive best practices across trading support and counterparty engagement</li>
</ul>
<li>Data &amp; Insights</li>
<ul>
<li>Leverage data to identify inefficiencies, anomalies, and improvement opportunities</li>
<li>Build and maintain reporting on counterparty activity, performance, and operational KPIs</li>
<li>Use tools such as Python, SQL, and Excel to analyze and enhance trading workflows&nbsp;&nbsp;&nbsp;&nbsp;&nbsp;&nbsp;&nbsp;&nbsp;&nbsp;&nbsp;&nbsp;&nbsp;&nbsp;&nbsp;&nbsp;&nbsp;&nbsp;&nbsp;&nbsp;&nbsp;&nbsp;&nbsp;</li>
</ul>
</ul>
<p><strong>Your Skills and Experience</strong></p>
<ul>
<li>10+ years of experience in institutional sales environment with pre-exisiting relationships in equity derivatives, priced or non-priced delta one markets in APAC.&nbsp;</li>
<li>Deep understanding of market structure, execution mechanics, and counterparty interaction in derivatives or equities markets</li>
<li>Proven track record of owning counterparty relationships and influencing trading performance</li>
<li>Experience in options, ETF and Chinese mainland markets is preferred.</li>
<li>Strong technical fluency, with experience working alongside engineering teams on trading systems and infrastructure</li>
<li>Advanced analytical skills, with proficiency in Python, SQL, or similar tools</li>
</ul><div class=""content-conclusion""><p><strong>About Us</strong></p>
<p><em>IMC is a research-driven trading firm where quantitative modeling, machine learning, and engineering shape how modern markets are traded. A stabilizing force in markets since 1989, we provide liquidity across trading venues, delivering the best outcome in value and risk management to investors. Using our own technology and capital, we build proprietary systems and algorithms that operate across global markets. Our researchers, traders, and engineers work as a collective, combining rapid experimentation, advanced infrastructure, and real-time feedback to turn insight into execution and execution into advantage.</em></p>
<p>&nbsp;</p></div>",https://job-boards.eu.greenhouse.io/imc/jobs/4832906101,2026-09-24
IMC,INVITE ONLY | EU Campus | London Networking Event 1 Oct,"London, United Kingdom","<p><strong>This event is only for people who got personally invited to attend</strong></p>
<p>Our London office is growing, and FX and commodities sit at the centre of that growth. On Thursday 1 October we're opening the doors to 25 final-year and Masters students who want to see how a market maker actually works.</p>
<p>From 16:00:</p>
<ul>
<li>A tour of the trading floor&nbsp;</li>
<li>Welcome from our London Managing Director&nbsp;</li>
<li>How we trade FX: strategy, technology, and the people behind it&nbsp;</li>
<li>Our commodities desk: what we trade and why it's interesting&nbsp;</li>
<li>A few words from IMC's global CEO&nbsp;</li>
<li>Then we head to a bar nearby to talk properly with our London traders, engineers, and quants</li>
</ul>
<p>Take the chance to ask the questions you can't get answered from a careers page - and to leave knowing whether this is the kind of place you want to start your career.</p>
<p><strong>Who we're looking for:</strong> penultimate &amp; final-year students in any quantitative discipline - maths, physics, computer science, engineering, econometrics. Curiosity matters more than a specific course.</p>
<p><em>Places are limited to 25 and allocated on a first-come basis.<br><br><span style=""color: rgb(221, 234, 255);""><code class=""_0Of8r24Jdh _1ZnuxbEwa9 _1wydGW4Jdh _2Zuz6QEwa9 _0bjKvDzXzM _2sNsIgNxAV _4bt5LAIZbP _2WAcuGIZbP _3hxITiYbGa _3iDTPbS8kF _0KLXruTnLi _2NnhnEXpc7 _1UtDYzy7kJ _26BoRwOLYo _3zvHkHwPeg _1ANEUSlpBW"" data-renderer-mark=""true"">#<span data-highlighted=""true"" data-vc=""highlighted-text"">LI-DNI</span></code> &nbsp;<code class=""_0Of8r24Jdh _1ZnuxbEwa9 _1wydGW4Jdh _2Zuz6QEwa9 _0bjKvDzXzM _2sNsIgNxAV _4bt5LAIZbP _2WAcuGIZbP _3hxITiYbGa _3iDTPbS8kF _0KLXruTnLi _2NnhnEXpc7 _1UtDYzy7kJ _26BoRwOLYo _3zvHkHwPeg _1ANEUSlpBW"" data-renderer-mark=""true"">#<span data-highlighted=""true"" data-vc=""highlighted-text""><span class=""_1mT5xdRAKS""><span class=""_0nmozVaHVx _2V7sgO2M4S _3BoeIDwZ7G _30zrXRyxdf _0ReiIH7zJH"" data-testid=""definition-highlighter"">LI-DNP</span></span></span></code></span><br></em></p><div class=""content-conclusion""><p><strong>About Us</strong></p>
<p><em>IMC is a research-driven trading firm where quantitative modeling, machine learning, and engineering shape how modern markets are traded. A stabilizing force in markets since 1989, we provide liquidity across trading venues, delivering the best outcome in value and risk management to investors. Using our own technology and capital, we build proprietary systems and algorithms that operate across global markets. Our researchers, traders, and engineers work as a collective, combining rapid experimentation, advanced infrastructure, and real-time feedback to turn insight into execution and execution into advantage.</em></p>
<p>&nbsp;</p></div>",https://job-boards.eu.greenhouse.io/imc/jobs/4969550101,2026-09-24
IMC,ISCA 2026,United States,"<p>Thank you for your interest in IMC Trading! We’re excited to stay connected with you. Please take a moment to fill out a short form by clicking Apply Now. <strong>This step is not a formal application</strong> but allows us to review your profile after the conference and reach out if there’s a match between your skills and our opportunities.</p>
<p>We’re excited about the potential to connect further and explore how you could become part of the IMC team!</p><div class=""content-conclusion""><p><strong>About Us</strong></p>
<p><em>IMC is a research-driven trading firm where quantitative modeling, machine learning, and engineering shape how modern markets are traded. A stabilizing force in markets since 1989, we provide liquidity across trading venues, delivering the best outcome in value and risk management to investors. Using our own technology and capital, we build proprietary systems and algorithms that operate across global markets. Our researchers, traders, and engineers work as a collective, combining rapid experimentation, advanced infrastructure, and real-time feedback to turn insight into execution and execution into advantage.</em></p>
<p>&nbsp;</p></div>",https://job-boards.eu.greenhouse.io/imc/jobs/4809645101,2026-09-24
IMC,IT Operations Engineer,"Mumbai, India","<p class=""p1""><strong>Operations Engineer at IMC:</strong></p>
<p class=""p1"">You will collaborate with IMC employees throughout the organisation to diagnose, troubleshoot, and correct issues that interfere with access to critical enterprise systems. Daily responsibilities include implementation, maintenance and support for desktops, user devices, servers, and the network where applicable. You will be expected to provide excellent customer service and support in a fast paced and demanding environment. You’ll have a high level of autonomy and responsibility to provide an IT environment with the aim to exceed your user’s expectations.</p>
<p><em>&nbsp;</em></p>
<p><strong>Your Core Responsibilities:&nbsp;</strong></p>
<ul>
<li class=""p1"">Support the physical and virtual desktop trading environment, core infra components like&nbsp;email and DNS, Directory Management, Cloud Technologies, phone &amp; video&nbsp;communication systems and end user devices like tablets, mobile phones and laptops</li>
<li class=""p1"">Oversee deployment and updates of the newest enterprise level technologies such as&nbsp;Adobe, Java, Microsoft, and other desktop applications</li>
<li class=""p1"">Install, modify and repair computer hardware and software (including servers, desktop&nbsp;and printers).</li>
<li class=""p1"">Support IMC’s state of the art Audio and Visual technology systems.</li>
<li class=""p1"">Inventory and capacity management</li>
<li class=""p1"">Troubleshoot, escalate and document computer network issues.</li>
<li class=""p1"">Ensure timely and organized resolution of issues via JIRA ticketing system.</li>
<li class=""p1"">Assist in-house Facilities Management with execution of desk and physical equipment&nbsp;moves</li>
</ul>
<p>&nbsp;</p>
<p><strong>Your Skills and Experience:&nbsp;</strong></p>
<ul>
<li class=""p1"">B. Sc IT or a similar degree with 3 to 5 years of work experience in the similar role</li>
<li class=""p1"">Knowledge of Windows and Mac Operating Systems. Linux experience would be&nbsp;considered a plus</li>
<li class=""p1"">You are a self-starter with sense of urgency and strong prioritization skills. Pro-active,&nbsp;pragmatic and will not shy away from getting your hands dirty</li>
<li class=""p1"">Excellent trouble-shooting and diagnostic skills; ability to solve problems creatively and&nbsp;proactively. Have a desire to learn new skills and evolve as IMC introduces new&nbsp;technologies to the environment.</li>
</ul><div class=""content-conclusion""><p><strong>About Us</strong></p>
<p><em>IMC is a research-driven trading firm where quantitative modeling, machine learning, and engineering shape how modern markets are traded. A stabilizing force in markets since 1989, we provide liquidity across trading venues, delivering the best outcome in value and risk management to investors. Using our own technology and capital, we build proprietary systems and algorithms that operate across global markets. Our researchers, traders, and engineers work as a collective, combining rapid experimentation, advanced infrastructure, and real-time feedback to turn insight into execution and execution into advantage.</em></p>
<p>&nbsp;</p></div>",https://job-boards.eu.greenhouse.io/imc/jobs/4947293101,2026-09-24
IMC,IT Operations Engineer,"London, United Kingdom","<p>At IMC, technology is not a department; it’s at the heart of everything we do. Developed in-house, our innovative software makes millions of trading decisions daily, and we win by making better and faster decisions than our competition.</p>
<p>As we grow our London office, we are looking for the brightest in IT Support to help us further improve and scale our environment. Our IT Operations Engineers help us to move at a higher pace and quality each day!</p>
<p><strong>Your Core Responsibilities:&nbsp;</strong></p>
<p>Your support is key to the success of our traders, engineers and all other teams. From desktop support to configuring and automating our systems. You remove blockades for everyone by implementing, supporting and maintaining servers, networks and all user devices. You act autonomously and take responsibility for providing a top-notch IT environment that is tackling all possible issues while ready to scale. You will also be able to learn and grow in this role whilst collaborating closely with a variety of Engineers within IMC. Your responsibilities will include:</p>
<ul>
<li>First and Second line Support to our users.</li>
<li>Support physical and virtual desktop environment, infrastructure components (like O365, AD, Email, MDM, Audio and Visual Communication systems).</li>
<li>Deploy enterprise updates for Windows and macOS. Install, modify and repair computer hardware and software (including servers, desktop and printers).</li>
<li>Troubleshoot, escalate and document computer network issues.</li>
<li>Assist in-house Facilities Management with the execution of desk and physical equipment moves.</li>
<li>Everything else that is necessary to keep us moving!</li>
</ul>
<p><strong>Your Skills and Experience:&nbsp;</strong></p>
<ul>
<li>A degree (BSc or above) in a technology-related field, or equivalent practical experience</li>
<li>Experience in a customer-facing support role in a similar environment</li>
<li>Knowledge of Windows and ideally also Mac Operating System.</li>
<li>Some Linux experience preferred.</li>
<li>Excellent troubleshooting and diagnostic skills; ability to solve problems creatively and proactively.</li>
<li>Have a desire to learn new skills and evolve as IMC introduces new technologies to the environment.</li>
<li>Willing to get involved on physical tasks such as desk moves and room setups.</li>
<li>Confident in written and spoken English communication</li>
</ul><div class=""content-conclusion""><p><strong>About Us</strong></p>
<p><em>IMC is a research-driven trading firm where quantitative modeling, machine learning, and engineering shape how modern markets are traded. A stabilizing force in markets since 1989, we provide liquidity across trading venues, delivering the best outcome in value and risk management to investors. Using our own technology and capital, we build proprietary systems and algorithms that operate across global markets. Our researchers, traders, and engineers work as a collective, combining rapid experimentation, advanced infrastructure, and real-time feedback to turn insight into execution and execution into advantage.</em></p>
<p>&nbsp;</p></div>",https://job-boards.eu.greenhouse.io/imc/jobs/4903218101,2026-09-24
IMC,Java Software Engineer,"Sydney,  Australia","<p>At IMC, technology is not a department; it’s at the heart of everything we do. Developed in house, our innovative software makes millions of trading decisions daily, and we win by making better and faster decisions than our competition.</p>
<p>IMC’s Sydney-based Java teams work on a wide variety of applications, tools and functionalities, including trading algorithm implementations, option pricing, calculating volatility, simulation frameworks, market risk applications, trade reconciliation applications and data analysis &amp; visualisation tools for traders. We frequently need to develop not just the business applications themselves, but also the tools that keep our development process at the cutting edge.</p>
<p>This role sits within our Data Engineering team. The team builds highly-scalable, high-throughput, low-latency Java applications that move and transform data from thousands of sources at Petabyte scale powering everything from real-time trading to analytics.You’ll work on a mix of greenfield and re-engineering projects, collaborating with developers globally to build scalable, reliable data platforms. Balancing speed with quality, you’ll write robust, testable software and make thoughtful trade-offs between latency, throughput, simplicity and maintainability.</p>
<p><strong>Your core responsibilities include:</strong></p>
<ul>
<li>Design, build, test and deploy high-performance Java systems for real-time and batch data processing.</li>
<li>Develop tools and services around Kafka, Avro, Parquet and related streaming technologies.</li>
<li>Contribute to internal frameworks for querying, storage, and data transformation — used globally across IMC.</li>
<li>Partner with traders, researchers, and engineers to define requirements and deliver scalable data solutions.</li>
<li>Own projects end-to-end, from requirements and architecture through to production deployment and monitoring.</li>
<li>Continuously assess and introduce emerging technologies to improve performance, maintainability, and developer productivity..</li>
</ul>
<p><strong>Your Skills and Experience:</strong></p>
<ul>
<li>5+ years of experience as a Software Engineer with Java</li>
<li>Experience in the latest versions of Java is highly desirable</li>
<li>Proven experience building scalable, low-latency, high-throughput applications.</li>
<li>Familiarity with Kafka, Avro, Parquet and other data-oriented technologies is highly desirable.</li>
<li>Experience with Docker and Kubernetes, and confidence working in Linux environments.</li>
<li>Strong analytical and troubleshooting skills, with the ability to solve complex technical challenges independently.</li>
<li>Experience gathering business requirements and translating them into technical solutions.</li>
<li>Curious, adaptable, and proactive; comfortable working in a fast-paced environment with minimal supervision.</li>
</ul>
<p>Our tech stack includes an ever-evolving range of systems and technologies, and our engineers have the freedom to choose the best solution for the problem at hand. If a new technology has the potential to add value, we’ll actively invest in exploring, adopting and developing it.</p>
<p>&nbsp;</p>
<p><span style=""color: rgb(221, 234, 255);"">#LI-DNI</span></p>
<p>&nbsp;</p><div class=""content-conclusion""><p><strong>About Us</strong></p>
<p><em>IMC is a research-driven trading firm where quantitative modeling, machine learning, and engineering shape how modern markets are traded. A stabilizing force in markets since 1989, we provide liquidity across trading venues, delivering the best outcome in value and risk management to investors. Using our own technology and capital, we build proprietary systems and algorithms that operate across global markets. Our researchers, traders, and engineers work as a collective, combining rapid experimentation, advanced infrastructure, and real-time feedback to turn insight into execution and execution into advantage.</em></p>
<p>&nbsp;</p></div>",https://job-boards.eu.greenhouse.io/imc/jobs/4855354101,2026-09-24
IMC,Java Software Engineer (Power/Gas),"Aarhus, Central Denmark Region, Denmark","<p>IMC is building a new Power and Gas Trading business in Aarhus, Denmark, the hub for power and gas trading in Europe. Backed by one of the world’s most successful trading firms, this new venture combines the energy and autonomy of a startup with the global reach, stability, and expertise of IMC’s 30+ years in trading.</p>
<p>We are building a strong, independent Aarhus-based team with local leadership, supported by IMC’s world-class technology, quantitative research, and trading infrastructure. To achieve our ambitious hiring goals, we are seeking strong Software Engineers to join the team and play a pivotal role in helping us grow this new business.</p>
<p><strong>Your Core Responsibilities:</strong></p>
<ul>
<li>Build, as part of a team, a full technology stack that supports power and gas trading, including exchange connectivity, trading systems, trading strategies, data analysis, and pricing. We are looking for strong developers that specialised in back-end, algorithms, trading systems, execution systems or other relevant domains</li>
<li>Maintain and improve the tech stack in collaboration with trading</li>
<li>Train new joiners</li>
</ul>
<p><strong>Your Skills and Experience:</strong></p>
<ul>
<li>Strong academic background, preferably in computer science or a quantitative field</li>
<li>2+ years of professional experience as a software engineer</li>
<li>Experience European power and gas trading industry is a plus</li>
<li>Strong programming skills in Java. Experience with other relevant programming languages such as Python or C++ is considered a plus</li>
<li>Excitement for working in a start-up environment and a variety of systems/platforms/tools</li>
<li class=""_13fp8yk6c dzswju0 dzswju2"">The ability able to work on greenfield projects under minimal supervision and to take full ownership of the applications you build</li>
<li class=""_13fp8yk6c dzswju0 dzswju2"">A high degree of flexibility and adaptability: willing and able to deal with uncertainty and ambiguity in a rapidly evolving environment</li>
<li>Fluency in English</li>
</ul><div class=""content-conclusion""><p><strong>About Us</strong></p>
<p><em>IMC is a research-driven trading firm where quantitative modeling, machine learning, and engineering shape how modern markets are traded. A stabilizing force in markets since 1989, we provide liquidity across trading venues, delivering the best outcome in value and risk management to investors. Using our own technology and capital, we build proprietary systems and algorithms that operate across global markets. Our researchers, traders, and engineers work as a collective, combining rapid experimentation, advanced infrastructure, and real-time feedback to turn insight into execution and execution into advantage.</em></p>
<p>&nbsp;</p></div>",https://job-boards.eu.greenhouse.io/imc/jobs/4742833101,2026-09-24
IMC,Java Software Engineer (Strategy Team),"Mumbai, India","<p>At IMC, technology is at the core of everything we do. Our in-house software drives millions of trading decisions each day, helping us make faster and more effective decisions in highly competitive markets.</p>
<p>IMC’s Mumbai-based Strategy Development teams build a wide variety of applications, systems and tools. These include trading algorithm implementations, option pricing and volatility calculations, simulation frameworks, market risk applications, and trade analysis and visualisation tools for traders. Java is the primary language; we welcome strong engineers from other language backgrounds who are keen to pick it up.</p>
<p>&nbsp;</p>
<p><strong>Your Core Responsibilities:&nbsp;</strong></p>
<p>You will work closely with traders, quantitative researchers and engineers in Mumbai and across IMC's global offices taking ownership of end-to-end high-impact product development - from requirements gathering through to production deployment and monitoring. You’ll deliver scalable, reliable, high-performance software using frequent iterations to shorten time-to-market, while constantly weighing trade-offs between latency, throughput, simplicity, scalability and maintainability. Key responsibilities include:</p>
<ul>
<li>Collaborate with traders and quantitative researchers to understand trading requirements and translate them into robust technical solutions.</li>
<li>Design, build, test and deploy high-performance Java systems and applications.</li>
<li>Take end-to-end ownership of projects, including requirements gathering, architecture, implementation, deployment, monitoring and production support.</li>
<li>Write reliable, testable and maintainable software while making thoughtful trade-offs between latency, throughput, scalability, simplicity and speed to market.</li>
<li>Collaborate with engineering teams across IMC and mentor junior engineers.</li>
</ul>
<p>&nbsp;</p>
<p><strong>Your Skills and Experience:&nbsp;</strong></p>
<ul>
<li>Strong academic background in Computer Science or a related field with 3-6 years of professional experience as a Software Engineer.</li>
<li>Strong programming skills in a modern language such as Java, C++, Python or Kotlin. Java is our primary language and prior experience is a plus, but we're happy to hire strong engineers who are willing to learn it.</li>
<li>Solid understanding of computer science fundamentals - algorithms, complexity analysis, data structures, garbage collection and concurrency</li>
<li>Ability to work independently and take full ownership of the solutions you build and deliver.<em> </em></li>
<li>Natural problem-solver and team player; curious, adaptable and proactive in a fast-paced environment</li>
<li>Excellent written and verbal communication skills; fluency in English.<em> </em></li>
<li>Interest in financial markets / trading. Prior experience in trading or related industries is a plus but NOT required.</li>
</ul>
<p>&nbsp;</p>
<p><strong>Tech stack</strong></p>
<p>Our current stack for strategy development primarily includes Java 21+. We also use Python 3, Docker, Kubernetes, Apache Kafka, Avro, and more. We constantly evolve our technology stack and look for tools that best suit the problems at hand. If a new technology holds promise, we actively explore, adopt, and develop it.</p><div class=""content-conclusion""><p><strong>About Us</strong></p>
<p><em>IMC is a research-driven trading firm where quantitative modeling, machine learning, and engineering shape how modern markets are traded. A stabilizing force in markets since 1989, we provide liquidity across trading venues, delivering the best outcome in value and risk management to investors. Using our own technology and capital, we build proprietary systems and algorithms that operate across global markets. Our researchers, traders, and engineers work as a collective, combining rapid experimentation, advanced infrastructure, and real-time feedback to turn insight into execution and execution into advantage.</em></p>
<p>&nbsp;</p></div>",https://job-boards.eu.greenhouse.io/imc/jobs/4982638101,2026-09-24
IMC,"Lead Alpha Researcher, Systematic Equities","London, United Kingdom","<h3>The Role</h3>
<p>IMC is seeking a Lead Alpha Researcher to join our Systematic Equities team in London. This is a senior hands-on research and leadership role focused on developing and scaling alpha generation, predictive modelling, and machine learning capabilities across our global equities business.</p>
<p>You will lead a key part of the European alpha research team, managing researchers and driving a portfolio of high-impact alpha initiatives from idea generation through production deployment. You will work as part of a closely coordinated global alpha initiative, helping to set priorities, develop researchers, elevate research quality, and scale high-impact ideas across regions.</p>
<p>Working closely with traders, researchers, and developers globally, you will drive the discovery, validation, and deployment of new sources of alpha that improve production trading performance.</p>
<p>Our Systematic Equities business benefits from significant advantages in market access, execution quality, global reach, and technology. The continued growth of machine learning and data-driven research creates opportunities to unlock these advantages and tackle some of the most impactful problems in systematic trading.</p>
<p>IMC competes and wins as a team, with open idea sharing and collaboration across disciplines, desks, and offices.</p>
<h3>Responsibilities</h3>
<ul>
<li>Take a leading role in research, development, and deployment of alpha signals and predictive models, contributing to a globally coordinated alpha effort across equities markets.</li>
<li>Manage, grow, and develop a core part of the European alpha research team.</li>
<li>Help define and prioritise the alpha research agenda.</li>
<li>Deliver measurable improvements in production trading performance through robust research, disciplined validation, and close collaboration with trading teams.</li>
<li>Establish and uphold best practices for research methodology, validation, reproducibility, and deployment across the alpha research team.</li>
<li>Foster a research culture built on scientific rigour, intellectual curiosity, open idea sharing, and continuous improvement.</li>
<li>Drive the development of scalable research tools, datasets, and modelling frameworks that increase team productivity.</li>
</ul>
<h3>Skills &amp; Experience</h3>
<ul>
<li>Master’s or PhD in Machine Learning, Statistics, Mathematics, Computer Science, Engineering, Physics, or another quantitative discipline.</li>
<li>5+ years of experience developing systematic, intraday horizon trading strategies, predictive models, and alpha signals.</li>
<li>Demonstrated track record of generating profitable, value-adding, and orthogonal signals in a production trading environment.</li>
<li>Experience managing, mentoring, or leading researchers in a high-performance research environment.</li>
<li>Demonstrated ability to influence research direction, prioritise opportunities, and drive impactful research outcomes.</li>
<li>Strong practical experience applying machine learning techniques to prediction problems, with a clear understanding of overfitting risks and robust model validation.</li>
<li>Deep understanding of statistics, experimental design, hypothesis testing, and research methodology.</li>
<li>Strong programming skills in Python.</li>
<li>Excellent communication and collaboration skills, with the ability to work effectively across research, trading, engineering, and global office locations.</li>
</ul>
<h3>&nbsp;</h3><div class=""content-conclusion""><p><strong>About Us</strong></p>
<p><em>IMC is a research-driven trading firm where quantitative modeling, machine learning, and engineering shape how modern markets are traded. A stabilizing force in markets since 1989, we provide liquidity across trading venues, delivering the best outcome in value and risk management to investors. Using our own technology and capital, we build proprietary systems and algorithms that operate across global markets. Our researchers, traders, and engineers work as a collective, combining rapid experimentation, advanced infrastructure, and real-time feedback to turn insight into execution and execution into advantage.</em></p>
<p>&nbsp;</p></div>",https://job-boards.eu.greenhouse.io/imc/jobs/4904726101,2026-09-24
IMC,Lead UX Designer,"Chicago, United States","<p>At IMC, our trading tools are the environment traders and researchers live in all day. As a Lead UX Designer, you will help define how users understand the market, explore data, and make decisions in real time. This role combines deep workflow design with thoughtful, high quality user experience.</p>
<p>IMC is making a significant reinvestment in its trading platform, rethinking core tools, workflows, and interaction patterns from the ground up. You will be on the ground floor of that effort, with real influence over how the platform evolves and how great UX shows up across the firm.</p>
<p>You will work closely with traders, quantitative researchers, and engineers to design interfaces that are fast, intuitive, and well crafted. The goal is tools that feel natural under pressure, support complex decision making, and are genuinely good to use day after day.</p>
<p><strong>Your Core Responsibilities:</strong></p>
<ul>
<li>Collaborate with traders, quantitative researchers, and engineers to design interfaces that support core trading behavior</li>
<li>Develop a deep understanding of user needs, workflows, and day to day usage through research and observation</li>
<li>Translate complex requirements into intuitive, coherent, and visually clear designs</li>
<li>Design information-dense, high-reliability interfaces for expert power users, where speed, accuracy and clarity under pressure are critical</li>
<li>Balance efficiency with usability and visual quality across critical workflows</li>
<li>Lead the evolution of shared design systems and interaction patterns</li>
<li>Advocate for user centered design and usability testing throughout the product lifecycle</li>
<li>Partner with engineering to ensure designs are feasible, scalable, and well implemented</li>
<li>Navigate conflicting feedback and propose thoughtful tradeoffs aligned with user and business goals</li>
<li>Help define and drive a UX vision aligned with the platform’s future direction</li>
</ul>
<p><strong>Your Skills and Experience:</strong></p>
<ul>
<li>Experience designing systems that are the central focus of a user’s entire day to day</li>
<li>A strong portfolio demonstrating both interaction design and visual craft</li>
<li>Experience working with complex or technical products in fast paced environments</li>
<li>Strong intuition for designing tools used under time pressure</li>
<li>Fluency in wireframing, prototyping, and communicating design intent</li>
<li>Ability to collaborate deeply with engineers and understand implementation constraints</li>
<li>Clear and effective communicator across disciplines</li>
<li>Pragmatic mindset that values simplicity, consistency, and quality</li>
</ul><div class=""content-pay-transparency""><div class=""pay-input""><div class=""description""><p>The Base Salary range for the role is included below. Base salary is only one component of total compensation; all full-time, permanent positions are eligible for a discretionary bonus and benefits, including paid leave and insurance.&nbsp;Please visit <a href=""https://www.imc.com/us/careers/benefits"">Benefits - US | IMC Trading</a> for more comprehensive information.</p></div><div class=""title"">Salary Range</div><div class=""pay-range""><span>$200,000</span><span class=""divider"">&mdash;</span><span>$225,000 USD</span></div></div></div><div class=""content-conclusion""><p><strong>About Us</strong></p>
<p><em>IMC is a research-driven trading firm where quantitative modeling, machine learning, and engineering shape how modern markets are traded. A stabilizing force in markets since 1989, we provide liquidity across trading venues, delivering the best outcome in value and risk management to investors. Using our own technology and capital, we build proprietary systems and algorithms that operate across global markets. Our researchers, traders, and engineers work as a collective, combining rapid experimentation, advanced infrastructure, and real-time feedback to turn insight into execution and execution into advantage.</em></p>
<p>&nbsp;</p></div>",https://job-boards.eu.greenhouse.io/imc/jobs/4780703101,2026-09-24
IMC,Legal Counsel,"Chicago, United States; New York, United States","<p>We're looking for a seasoned attorney to serve as Legal Counsel. This role is responsible for supporting all our business lines (e.g. trading in equity options, equities, ETFs, futures). This includes supporting all legal agreements and documentation related to our treasury function, prime brokerage arrangements, and clearing relationships.</p>
<p><strong>Your Core Responsibilities:&nbsp;</strong></p>
<ul>
<li>Provide legal advice across the US and London / EUR markets across a wide array of asset classes and topics, including prime brokerage arrangements, give-up agreements, securities lending, netting and collateral, capital and liquidity requirements, custody and clearing relationships, and reporting</li>
<li>Lead negotiations across all prime brokerage and OTC derivatives documentation including ISDA Master Agreements, Credit Support Annexes, and securities lending and repurchase documentation, as well as banking deposit agreements, account control agreements, letters of credit agreements, etc.</li>
<li>Advise on regulatory compliance and implementation of key regulatory projects such as transaction reporting, clearing, and margin requirements, on cash equities, fixed income, options, futures, and derivatives</li>
<li>Collaborate with Risk, Treasury, and business support, helping internal teams understand regulatory requirements and implementation impacts</li>
</ul>
<p><strong>Your Skills and Experience:&nbsp;</strong></p>
<ul>
<li>8+ years of legal experience, with meaningful in-house experience at a large, complex organization</li>
<li>Strong background in both private practice and in-house environments, ideally within leading buy-side financial institutions, asset managers, or trading firms</li>
<li>Sound understanding of OTC derivatives, including deep familiarity with ISDA Master Agreements, Securities Lending Documentation, and related regulatory frameworks</li>
<li>Proven track record managing large-scale, cross-functional projects from initiation through completion</li>
<li>Strong business acumen and ability to translate complex legal issues into clear, actionable guidance for senior stakeholders</li>
<li>Exceptional written and verbal communication skills</li>
<li>J.D. from an accredited law school; active bar membership required</li>
<li>Highly organized with strong project management instincts — you don't just flag problems, you build systems to prevent them</li>
<li>Comfortable operating with ambiguity and shifting priorities</li>
<li>Collaborative and low-ego — you get things done through influence, not authority</li>
<li>Discreet and trustworthy; able to handle sensitive information with professionalism</li>
<li>Familiarity with legal operations tools and technology is a plus</li>
<li>Willingness to promote opportunities to leverage AI tools and emerging technologies to enhance productivity, streamline workflows, and drive smarter ways of working across the Legal team and the organization</li>
</ul>
<p><em>Please note that immigration sponsorship is not offered for this specific opening.</em></p><div class=""content-pay-transparency""><div class=""pay-input""><div class=""description""><p>The Base Salary range for the role is included below. Base salary is only one component of total compensation; all full-time, permanent positions are eligible for a discretionary bonus and benefits, including paid leave and insurance.&nbsp;Please visit <a href=""https://www.imc.com/us/careers/benefits"">Benefits - US | IMC Trading</a> for more comprehensive information.</p></div><div class=""title"">Salary Range</div><div class=""pay-range""><span>$200,000</span><span class=""divider"">&mdash;</span><span>$250,000 USD</span></div></div></div><div class=""content-conclusion""><p><strong>About Us</strong></p>
<p><em>IMC is a research-driven trading firm where quantitative modeling, machine learning, and engineering shape how modern markets are traded. A stabilizing force in markets since 1989, we provide liquidity across trading venues, delivering the best outcome in value and risk management to investors. Using our own technology and capital, we build proprietary systems and algorithms that operate across global markets. Our researchers, traders, and engineers work as a collective, combining rapid experimentation, advanced infrastructure, and real-time feedback to turn insight into execution and execution into advantage.</em></p>
<p>&nbsp;</p></div>",https://job-boards.eu.greenhouse.io/imc/jobs/4951734101,2026-09-24
IMC,Legal Counsel ,"Chicago, United States","<p>IMC seeks a Legal Counsel (5 years’ experience) to provide in-house corporate legal support in the U.S. for a multi-entity international proprietary trading organization. This position primarily focuses on researching, drafting, and offering legal advice as it relates to corporate law, entity formation, corporate transactions, intracompany dealings, and tax matters.&nbsp; This position also will provide general commercial contract review support as needed.</p>
<p><strong>Your Core Responsibilities:</strong></p>
<ul>
<li>Review, draft, and negotiate, intracompany agreements related to a wide variety of matters including, among other things, services, cost allocations, transactions, credit, and resource sharing.</li>
<li>Provide advice on corporate law and organizational structure.</li>
<li>Work with members of the Finance team to provide support on tax implications related to the various entities’ structures and activities.</li>
<li>Partner closely with Finance and other internal cross-functional teams to support business objectives while ensuring appropriate legal and regulatory safeguards are maintained.</li>
<li>Research and prepare legal memoranda on matters related to intracompany transactions, tax issues, corporate actions, corporate law, or any other topics as needed.</li>
<li>Review, draft, and negotiate contracts, including vendor agreements, trading agreements, technology agreements (e.g., SAS), consulting agreements, NDAs, leases, and other business, corporate, and legal arrangements.</li>
</ul>
<p><strong>Your Skills &amp; Experience:</strong></p>
<ul>
<li>Candidate must have a Juris Doctorate and top academic credentials; must be a member in good standing of the Illinois bar.</li>
<li>5 years in-house experience with concentration in corporate law, entity structures, cost allocations/transfer pricing, and a general understanding of related tax issues, preferably in a financial services, trading, or technology company setting.</li>
<li>Strong business judgment and decision-making skills, with the ability to provide advice that reflects an understanding of IMC’s business, commercial objectives, the regulatory environment, and risk-reward tradeoffs.</li>
<li>The ideal candidate will be able to work independently under tight deadlines and possess excellent organizational and interpersonal skills.</li>
<li>Excellent research, drafting, and communication skills, including the ability to clearly convey legal concepts to non-legal stakeholders both verbally and in writing.</li>
<li>Candidate must be willing to demonstrate leadership as necessary to bring stakeholders across various teams together to set clear expectations and ensure a project’s timely completion.</li>
<li>Collaborative and effective in building relationships across diverse teams.</li>
</ul>
<p><em>Please note that immigration sponsorship is not offered for this specific opening.</em></p><div class=""content-pay-transparency""><div class=""pay-input""><div class=""description""><p>The Base Salary range for the role is included below. Base salary is only one component of total compensation; all full-time, permanent positions are eligible for a discretionary bonus and benefits, including paid leave and insurance.&nbsp;Please visit <a href=""https://www.imc.com/us/careers/benefits"">Benefits - US | IMC Trading</a> for more comprehensive information.</p></div><div class=""title"">Salary Range</div><div class=""pay-range""><span>$170,000</span><span class=""divider"">&mdash;</span><span>$230,000 USD</span></div></div></div><div class=""content-conclusion""><p><strong>About Us</strong></p>
<p><em>IMC is a research-driven trading firm where quantitative modeling, machine learning, and engineering shape how modern markets are traded. A stabilizing force in markets since 1989, we provide liquidity across trading venues, delivering the best outcome in value and risk management to investors. Using our own technology and capital, we build proprietary systems and algorithms that operate across global markets. Our researchers, traders, and engineers work as a collective, combining rapid experimentation, advanced infrastructure, and real-time feedback to turn insight into execution and execution into advantage.</em></p>
<p>&nbsp;</p></div>",https://job-boards.eu.greenhouse.io/imc/jobs/4986762101,2026-09-24
IMC,Linux Engineer,"Chicago, United States","<p>We’re seeking a Linux Engineer with deep systems expertise and Python/scripting experience to join our growing global team. You will be responsible for engineering and operating Linux at scale across our mission critical environment, while also improving automation and self-service tools that enhance our ability to manage IMC’s servers.</p>
<p>The Linux Engineering team is responsible for the provisioning, configuration, performance, and reliability of a large-scale Linux infrastructure that supports a diverse set of workloads. These include ultra-low latency systems critical to high-frequency trading, as well as high-throughput environments that run research workflows and a wide variety of Kubernetes-based applications. This role requires strong Linux fundamentals applied at scale, with automation as a key enabler for consistency and efficiency across the fleet. Your initiative, collaborative attitude, problem-solving skills, and focus on continuous improvement will help ensure IMC stays competitive by bringing the latest technologies and practices into production.</p>
<p><strong>Your Core Responsibilities:&nbsp;</strong></p>
<ul>
<li>Apply deep Linux engineering expertise to troubleshoot and resolve complex issues on enterprise systems, ensuring stability and performance</li>
<li>Enhance configuration management code and processes that we use to manage over 10,000 bare-metal Linux systems globally</li>
<li>Develop and maintain Python/Bash tools to support large-scale Linux systems management</li>
<li>Improve provisioning workflows to seamlessly build bare servers into production-ready platforms</li>
<li>Extend Linux-focused metrics, logging, monitoring, and alerting integrations for full fleet visibility</li>
<li>Communicate updates and status clearly and frequently with peers and stakeholders through meetings, tracking tickets, code reviews, chats, and merge requests</li>
</ul>
<p><strong>Your Skills and Experience:&nbsp;</strong></p>
<ul>
<li>Hands-on Linux systems engineering, administration, and provisioning expertise applied at scale, preferably on bare-metal systems</li>
<li>Configuration management at scale, preferably on bare-metal servers with Puppet and Hiera</li>
<li>Python development for automation, APIs, design, testing, and debugging</li>
<li>Ansible playbook authorship and complex task automation</li>
<li>RPM design, build, publishing, and in-house repository management</li>
<li>CI/CD pipelines, Git version control, branching and merging best practices</li>
<li>Strong system and network troubleshooting with tools such as EBPF, tcpdump, strace, systemd, ntp/ptp, lsof, and nc</li>
<li>Networking fundamentals: routing, DNS, TCP/UDP/multicast</li>
<li>Experience building and publishing Docker images</li>
<li>Working familiarity with Kubernetes</li>
<li>Exposure to monitoring stacks such as Prometheus, Grafana, and AlertManager, with a focus on Linux telemetry and exporter development</li>
<li>Bachelor’s degree in Computer Engineering or a related field, or equivalent professional experience</li>
</ul><div class=""content-pay-transparency""><div class=""pay-input""><div class=""description""><p>The Base Salary range for the role is included below. Base salary is only one component of total compensation; all full-time, permanent positions are eligible for a discretionary bonus and benefits, including paid leave and insurance.&nbsp;Please visit <a href=""https://www.imc.com/us/careers/benefits"">Benefits - US | IMC Trading</a> for more comprehensive information.</p></div><div class=""title"">Salary Range</div><div class=""pay-range""><span>$150,000</span><span class=""divider"">&mdash;</span><span>$225,000 USD</span></div></div></div><div class=""content-conclusion""><p><strong>About Us</strong></p>
<p><em>IMC is a research-driven trading firm where quantitative modeling, machine learning, and engineering shape how modern markets are traded. A stabilizing force in markets since 1989, we provide liquidity across trading venues, delivering the best outcome in value and risk management to investors. Using our own technology and capital, we build proprietary systems and algorithms that operate across global markets. Our researchers, traders, and engineers work as a collective, combining rapid experimentation, advanced infrastructure, and real-time feedback to turn insight into execution and execution into advantage.</em></p>
<p>&nbsp;</p></div>",https://job-boards.eu.greenhouse.io/imc/jobs/4947993101,2026-09-24
IMC,Machine Learning Engineer,"Amsterdam, Netherlands; London, United Kingdom","<p class=""_13fp8yk6c dzswju0 dzswju2"">As a Machine Learning Engineer, you will play a pivotal role in building systems that drive the training and deployment of large-scale ML models across our global operations. You'll collaborate with leading researchers, hardware experts, and software engineers to build robust solutions that maximize the potential of GPU acceleration, distributed computing, and the latest open-source tools. Your work will influence our trading strategies by accelerating experimentation cycles that foster continuous innovation and refinement.</p>
<p class=""_13fp8yk6c dzswju0 dzswju2"">This is a unique opportunity to solve problems at the intersection of advanced machine learning and trading, where your contributions will shape the future of IMC’s technology and trading capabilities.</p>
<p class=""_13fp8yk6c dzswju0 dzswju2""><strong class=""_13fp8yk6c dzswju0"">Your Core Responsibilities:&nbsp;</strong></p>
<ul>
<li class=""_13fp8yk6c dzswju0 dzswju2"">The opportunity to be in a brand new position in a growing team&nbsp;</li>
<li class=""_13fp8yk6c dzswju0 dzswju2"">Develop large-scale distributed training pipelines to manage datasets and complex models</li>
<li class=""_13fp8yk6c dzswju0 dzswju2"">Build and optimize low-latency inference pipelines, ensuring models deliver real-time predictions in production systems</li>
<li class=""_13fp8yk6c dzswju0 dzswju2"">Develop libraries to improve the performance of machine learning frameworks</li>
<li class=""_13fp8yk6c dzswju0 dzswju2"">Maximize performance in training and inference using GPU hardware and acceleration libraries</li>
<li class=""_13fp8yk6c dzswju0 dzswju2"">Design scalable model frameworks capable of handling high-volume trading data and delivering real-time, high-accuracy predictions</li>
<li class=""_13fp8yk6c dzswju0 dzswju2"">Collaborate with quantitative researchers to automate ML experiments, hyperparameter tuning, and model retraining</li>
<li class=""_13fp8yk6c dzswju0 dzswju2"">Partner with HPC specialists to optimize workflows, improve training speed, and reduce costs</li>
<li class=""_13fp8yk6c dzswju0 dzswju2"">Evaluate and roll out third-party tools to enhance model development, training, and inference capabilities</li>
<li class=""_13fp8yk6c dzswju0 dzswju2"">Dig into the internals of open-source ML tools to extend their capabilities and improve performance</li>
</ul>
<p class=""_13fp8yk6c dzswju0 dzswju2""><strong class=""_13fp8yk6c dzswju0"">Your Skills and Experience:&nbsp;</strong></p>
<ul>
<li class=""_13fp8yk6c dzswju0 dzswju2"">5+ years of experience in machine learning with a focus on training or inference systems</li>
<li class=""_13fp8yk6c dzswju0 dzswju2"">Hands-on experience with real-time, low-latency ML pipelines in high-performance environments is a strong plus</li>
<li class=""_13fp8yk6c dzswju0 dzswju2"">Strong engineering skills, including Python, CUDA, or C++</li>
<li class=""_13fp8yk6c dzswju0 dzswju2"">Knowledge of machine learning frameworks such as PyTorch, TensorFlow, or JAX</li>
<li class=""_13fp8yk6c dzswju0 dzswju2"">Proficiency in GPU programming for training and inference acceleration (e.g., CuDNN, TensorRT)</li>
<li class=""_13fp8yk6c dzswju0 dzswju2"">Experience with distributed training for scaling ML workloads (e.g., Horovod, NCCL)</li>
<li class=""_13fp8yk6c dzswju0 dzswju2"">Exposure to cloud platforms and orchestration tools</li>
<li class=""_13fp8yk6c dzswju0 dzswju2"">A track record of contributing to open-source projects in machine learning, data science, or distributed systems is a plus</li>
</ul>
<p>&nbsp;</p><div class=""content-conclusion""><p><strong>About Us</strong></p>
<p><em>IMC is a research-driven trading firm where quantitative modeling, machine learning, and engineering shape how modern markets are traded. A stabilizing force in markets since 1989, we provide liquidity across trading venues, delivering the best outcome in value and risk management to investors. Using our own technology and capital, we build proprietary systems and algorithms that operate across global markets. Our researchers, traders, and engineers work as a collective, combining rapid experimentation, advanced infrastructure, and real-time feedback to turn insight into execution and execution into advantage.</em></p>
<p>&nbsp;</p></div>",https://job-boards.eu.greenhouse.io/imc/jobs/4567047101,2026-09-24
IMC,Machine Learning Engineer,"Hong Kong, Hong Kong; Sydney,  Australia","<p>&nbsp;</p>
<p>As a Machine Learning Engineer, you will play a pivotal role in building systems that drive the training and deployment of large-scale ML models across our global operations. You'll collaborate with leading researchers, hardware experts, and software engineers to build robust solutions that maximize the potential of GPU acceleration, distributed computing, and the latest open-source tools. Your work will influence our trading strategies by accelerating experimentation cycles that foster continuous innovation and refinement.</p>
<p>This is a unique opportunity to solve problems at the intersection of advanced machine learning and trading, where your contributions will shape the future of IMC’s technology and trading capabilities.</p>
<p><strong>Your Core Responsibilities:&nbsp;</strong></p>
<ul>
<li>Develop large-scale distributed training pipelines to manage datasets and complex models</li>
<li>Build and optimize low-latency inference pipelines, ensuring models deliver real-time predictions in production systems</li>
<li>Develop libraries to improve the performance of machine learning frameworks</li>
<li>Maximize performance in training and inference using GPU hardware and acceleration libraries</li>
<li>Design scalable model frameworks capable of handling high-volume trading data and delivering real-time, high-accuracy predictions</li>
<li>Collaborate with quantitative researchers to automate ML experiments, hyperparameter tuning, and model retraining</li>
<li>Partner with HPC specialists to optimize workflows, improve training speed, and reduce costs</li>
<li>Evaluate and roll out third-party tools to enhance model development, training, and inference capabilities</li>
<li>Dig into the internals of open-source ML tools to extend their capabilities and improve performance</li>
</ul>
<p><strong>Your Skills and Experience:&nbsp;</strong></p>
<ul>
<li>3+ years of experience in machine learning with a focus on training or inference systems</li>
<li>Hands-on experience with real-time, low-latency ML pipelines in high-performance environments is a strong plus</li>
<li>Strong engineering skills, including Python, CUDA, or C++</li>
<li>Knowledge of machine learning frameworks such as PyTorch, TensorFlow, or JAX</li>
<li>Proficiency in GPU programming for training and inference acceleration (e.g., CuDNN, TensorRT)</li>
<li>Experience with distributed training for scaling ML workloads (e.g., Horovod, NCCL)</li>
<li>Exposure to cloud platforms and orchestration tools</li>
<li>A track record of contributing to open-source projects in machine learning, data science, or distributed systems is a plus</li>
</ul><div class=""content-conclusion""><p><strong>About Us</strong></p>
<p><em>IMC is a research-driven trading firm where quantitative modeling, machine learning, and engineering shape how modern markets are traded. A stabilizing force in markets since 1989, we provide liquidity across trading venues, delivering the best outcome in value and risk management to investors. Using our own technology and capital, we build proprietary systems and algorithms that operate across global markets. Our researchers, traders, and engineers work as a collective, combining rapid experimentation, advanced infrastructure, and real-time feedback to turn insight into execution and execution into advantage.</em></p>
<p>&nbsp;</p></div>",https://job-boards.eu.greenhouse.io/imc/jobs/4908869101,2026-09-24
IMC,Machine Learning Researcher,"Chicago, United States; New York, United States","<p>IMC Trading is seeking quantitative researchers with a proven track record to apply state-of-the-art machine learning &amp; deep learning to solve challenging trading problems. This role is part of a central ML research team that collaborates across trading teams at IMC. &nbsp;The ideal candidate will have experience working with other researchers and engineers to build and continuously improve models, systems, and research tooling. We firmly believe that success for research-driven efforts lies in bringing together skills in ML, statistics, and trading intuition as well as a problem-solving mindset and pragmatism.&nbsp; This is an opportunity to dive deep into feature engineering and alpha research, and focus on applying a wide range of ML models as well as to perform research on building custom models.</p>
<p><strong>Your Core Responsibilities:</strong></p>
<ul>
<li>Design and deploy machine learning models to enhance trading performance across various asset classes</li>
<li>Research, test and prototype new algorithmic ideas; deploy advanced ML techniques applicable to market prediction, signal generation, and portfolio optimization</li>
<li>Collaborate with quantitative traders, researchers, and developers to translate market insights into data-driven features and models</li>
<li>Manage data acquisition, preprocessing, and feature engineering for structured and unstructured data sources</li>
</ul>
<p><strong>Your Skills and Experience:</strong></p>
<ul>
<li>PhD or Master’s in Engineering, Math, Statistics, Computer Science, or related quantitative field</li>
<li>2+ years of experience building applied ML models; previous experience in trading environment preferred</li>
<li>Proven expertise in developing and deploying predictive models</li>
<li>Strong programming skills in Python; proficiency in ML libraries such as PyTorch, TensorFlow, and/or high-performance libraries like Jax</li>
<li>Strong understanding of theoretical foundations of state-of-the-art ML models</li>
<li>Strong publication track record at ICML, ICLR, NeurIPS, or equivalent</li>
<li>Ability and desire to work in a collaborative team environment</li>
<li>Excellent written and verbal communication skills</li>
</ul><div class=""content-pay-transparency""><div class=""pay-input""><div class=""description""><p>The Base Salary range for the role is included below. Base salary is only one component of total compensation; all full-time, permanent positions are eligible for a discretionary bonus and benefits, including paid leave and insurance.&nbsp;Please visit <a href=""https://www.imc.com/us/careers/benefits"">Benefits - US | IMC Trading</a> for more comprehensive information.</p></div><div class=""title"">Salary Range</div><div class=""pay-range""><span>$250,000</span><span class=""divider"">&mdash;</span><span>$300,000 USD</span></div></div></div><div class=""content-conclusion""><p><strong>About Us</strong></p>
<p><em>IMC is a research-driven trading firm where quantitative modeling, machine learning, and engineering shape how modern markets are traded. A stabilizing force in markets since 1989, we provide liquidity across trading venues, delivering the best outcome in value and risk management to investors. Using our own technology and capital, we build proprietary systems and algorithms that operate across global markets. Our researchers, traders, and engineers work as a collective, combining rapid experimentation, advanced infrastructure, and real-time feedback to turn insight into execution and execution into advantage.</em></p>
<p>&nbsp;</p></div>",https://job-boards.eu.greenhouse.io/imc/jobs/4699252101,2026-09-24
IMC,Machine Learning Researcher - Modeller,"Hong Kong, Hong Kong; Sydney,  Australia","<p>IMC is looking for experienced quant researchers to develop high to mid frequency delta one trading strategies and predictive models for the APAC markets. If you’re excited about helping to push the boundaries of what we can do with Machine Learning in trading, unlocking the significant edges we have in execution, and collaborating to become the best trading firm worldwide, this may be the role for you.</p>
<p>You will be responsible for performing large scale data analysis to derive statistically profitable predictions of market behaviour. These predictions are used to inform all of our trading, and improvements have a high and visible impact across the office. You will also help to shape the direction we take across research and tooling. We have longstanding and significant edges across market access, global reach, Options understanding and low latency. The rapid growth we’ve already seen in Machine Learning has unlocked these edges, and some of the most interesting and impactful problems are now being tackled.</p>
<p>You will work as part of an established and growing research team, collaborating closely with traders, software and hardware developers to find improvements to our models and see them impact our production results. IMC competes and wins as a team, with open idea sharing and collaboration across disciplines, desks and offices.</p>
<p><strong>Your Core Responsibilities:</strong></p>
<ul>
<li>Leverage deep learning techniques to improve prediction quality in a trading context</li>
<li>Collaborate with feature engineers and traders, to help ensure the feature set is crafted and used to maximum effect</li>
<li>Develop and improve sampling, weighting, cost, target, hyperparameters and network architecture to suit a range of problems and data presentations</li>
<li>Push the team forward, by keeping abreast of the latest developments in industry and academia, and tackling some of the hardest problems we have in the quant space</li>
<li>Mentor and grow the skills of more junior colleagues in the space, and clearly and simply explain complex concepts</li>
<li>Apply understanding of distributed computing, and how to align training hardware and approach to rapidly achieve strong results on very large datasets</li>
</ul>
<p><strong>Your Skills and Experience:</strong></p>
<ul>
<li>Graduate &amp; Postgraduate study from top universities, majoring in machine learning, statistics, or STEM subjects</li>
<li>3+ years experience as a quantitative modeller, with specific experience in the high to mid frequency delta one space. Have a proven track record of developing and improving deep learning models with proven outperformance in production</li>
<li>Strong programming experience in at least one language, and mainstream deep learning framework (TensorFlow, PyTorch or other)</li>
<li>Deep understanding of the strengths &amp; weaknesses of CNN, RNN, LSTM and transformers</li>
</ul><div class=""content-conclusion""><p><strong>About Us</strong></p>
<p><em>IMC is a research-driven trading firm where quantitative modeling, machine learning, and engineering shape how modern markets are traded. A stabilizing force in markets since 1989, we provide liquidity across trading venues, delivering the best outcome in value and risk management to investors. Using our own technology and capital, we build proprietary systems and algorithms that operate across global markets. Our researchers, traders, and engineers work as a collective, combining rapid experimentation, advanced infrastructure, and real-time feedback to turn insight into execution and execution into advantage.</em></p>
<p>&nbsp;</p></div>",https://job-boards.eu.greenhouse.io/imc/jobs/4785804101,2026-09-24
IMC,Machine Learning Research Intern - Summer 2027 - Amsterdam,"Amsterdam, Netherlands","<p data-local-id=""35f6d7c89544"" data-prosemirror-content-type=""node"" data-prosemirror-node-name=""paragraph"" data-prosemirror-node-block=""true"" data-pm-slice=""1 1 []"">Our Machine Learning Internship is designed for curious, ambitious researchers who want to apply machine learning to complex, real-world problems. Over 10 weeks, you'll work alongside experienced researchers and mentors to develop models, analyze large-scale datasets, and contribute to research that informs IMC's trading strategies across global equities, futures, and options markets. You'll begin with a week of engaging, classroom-based learning in the proprietary trading landscape, then gain hands-on experience designing experiments, evaluating novel approaches, and tackling challenging problems in a collaborative, fast-paced environment where your work can have real-world impact. Split between our Amsterdam headquarters and time at our London office, the program also gives you the chance to broaden your network across IMC's regions.</p>
<p data-local-id=""56e8036cdfd2"" data-prosemirror-content-type=""node"" data-prosemirror-node-name=""paragraph"" data-prosemirror-node-block=""true"">Throughout the program, you'll deepen your understanding of quantitative trading through a combination of classroom and on-desk training, while benefiting from professional development and networking opportunities. You'll receive comprehensive support from dedicated internship trainers and a one-on-one mentor to guide you in your work and professional development. We offer a highly competitive compensation package, including fully-furnished corporate accommodation and catered meals. High-performing interns may be considered for a full-time Graduate Researcher position upon graduation.</p>
<p data-local-id=""f913852b08dd"" data-prosemirror-content-type=""node"" data-prosemirror-node-name=""paragraph"" data-prosemirror-node-block=""true"">Your Core Responsibilities:</p>
<ul class=""ak-ul"" data-local-id=""009efd41-7a05-48ee-9d82-86fc981a4d81"" data-prosemirror-content-type=""node"" data-prosemirror-node-name=""bulletList"" data-prosemirror-node-block=""true"">
<li data-local-id=""f40dedf0-106f-4ac4-a045-7977b7fec03b"" data-prosemirror-content-type=""node"" data-prosemirror-node-name=""listItem"" data-prosemirror-node-block=""true"">
<p data-local-id=""40a566d51c2b"" data-prosemirror-content-type=""node"" data-prosemirror-node-name=""paragraph"" data-prosemirror-node-block=""true"">Conduct hands-on research to design, develop, and apply original machine learning algorithms, with the support to explore and innovate</p>
</li>
<li data-local-id=""de84658c-033c-481a-9e1b-ce80bd32f09c"" data-prosemirror-content-type=""node"" data-prosemirror-node-name=""listItem"" data-prosemirror-node-block=""true"">
<p data-local-id=""752a7ba4d6a5"" data-prosemirror-content-type=""node"" data-prosemirror-node-name=""paragraph"" data-prosemirror-node-block=""true"">Analyze large-scale datasets, develop predictive models, and evaluate novel approaches to complex market problems</p>
</li>
<li data-local-id=""a53c72ce-3a99-4ed5-aa51-e2525caa23aa"" data-prosemirror-content-type=""node"" data-prosemirror-node-name=""listItem"" data-prosemirror-node-block=""true"">
<p data-local-id=""501ed27d67ec"" data-prosemirror-content-type=""node"" data-prosemirror-node-name=""paragraph"" data-prosemirror-node-block=""true"">Develop your research skills through hands-on project work, mentorship, and regular feedback from experienced researchers</p>
</li>
<li data-local-id=""995fd271-d8e8-4eb0-90f8-187bfee0e317"" data-prosemirror-content-type=""node"" data-prosemirror-node-name=""listItem"" data-prosemirror-node-block=""true"">
<p data-local-id=""45e2f03d9996"" data-prosemirror-content-type=""node"" data-prosemirror-node-name=""paragraph"" data-prosemirror-node-block=""true"">Enhance your understanding of quantitative trading through classroom-based instruction in options theory, market making, and related topics</p>
</li>
</ul>
<p data-local-id=""fc9c87754e28"" data-prosemirror-content-type=""node"" data-prosemirror-node-name=""paragraph"" data-prosemirror-node-block=""true"">Your Skills and Experience:</p>
<ul class=""ak-ul"" data-local-id=""e169c1c4-a3e3-4850-988b-e97fe10fbd94"" data-prosemirror-content-type=""node"" data-prosemirror-node-name=""bulletList"" data-prosemirror-node-block=""true"">
<li data-local-id=""400f5b42-1548-4861-b83c-1ce5fe609d7a"" data-prosemirror-content-type=""node"" data-prosemirror-node-name=""listItem"" data-prosemirror-node-block=""true"">
<p data-local-id=""74df5d652ea9"" data-prosemirror-content-type=""node"" data-prosemirror-node-name=""paragraph"" data-prosemirror-node-block=""true"">Currently in your penultimate year of study, graduating in 2028</p>
</li>
<li data-local-id=""9d48b213-4c8e-4261-b77c-145e3d3c9f2f"" data-prosemirror-content-type=""node"" data-prosemirror-node-name=""listItem"" data-prosemirror-node-block=""true"">
<p data-local-id=""a23380974d2d"" data-prosemirror-content-type=""node"" data-prosemirror-node-name=""paragraph"" data-prosemirror-node-block=""true"">A minimum of an MSc in Machine Learning, Statistics, Deep Learning, Probabilistic Programming, or a related quantitative field</p>
</li>
<li data-local-id=""7695d5d0-c30d-4903-a8a3-56017c45ec82"" data-prosemirror-content-type=""node"" data-prosemirror-node-name=""listItem"" data-prosemirror-node-block=""true"">
<p data-local-id=""87b1102ac315"" data-prosemirror-content-type=""node"" data-prosemirror-node-name=""paragraph"" data-prosemirror-node-block=""true"">Strong foundations in statistics and machine learning, with a demonstrated research track record in ML, deep learning, or another quantitative field</p>
</li>
<li data-local-id=""e7560044-21a6-4951-93fe-f7b8e3629957"" data-prosemirror-content-type=""node"" data-prosemirror-node-name=""listItem"" data-prosemirror-node-block=""true"">
<p data-local-id=""a0a825d7978f"" data-prosemirror-content-type=""node"" data-prosemirror-node-name=""paragraph"" data-prosemirror-node-block=""true"">Proficiency in Python and core machine learning frameworks such as PyTorch</p>
</li>
<li data-local-id=""9f864693-8a35-49fd-9056-613a0a545a0d"" data-prosemirror-content-type=""node"" data-prosemirror-node-name=""listItem"" data-prosemirror-node-block=""true"">
<p data-local-id=""4c37dc3ff0e9"" data-prosemirror-content-type=""node"" data-prosemirror-node-name=""paragraph"" data-prosemirror-node-block=""true"">Desirable: publications in respected journals covering deep learning or time-series modeling</p>
</li>
<li data-local-id=""fc1ea63c-3c9f-4d3c-a275-0d9ca1c1caf8"" data-prosemirror-content-type=""node"" data-prosemirror-node-name=""listItem"" data-prosemirror-node-block=""true"">
<p data-local-id=""59895fe18fab"" data-prosemirror-content-type=""node"" data-prosemirror-node-name=""paragraph"" data-prosemirror-node-block=""true"">No prior finance knowledge or experience required</p>
</li>
<li data-local-id=""8940806d-8046-457a-87bb-b5937a2c4528"" data-prosemirror-content-type=""node"" data-prosemirror-node-name=""listItem"" data-prosemirror-node-block=""true"">
<p data-local-id=""b697bc35dbec"" data-prosemirror-content-type=""node"" data-prosemirror-node-name=""paragraph"" data-prosemirror-node-block=""true"">Ability to start the internship on the last week of June 2027</p>
</li>
</ul>
<p data-local-id=""d62c67b2e065"" data-prosemirror-content-type=""node"" data-prosemirror-node-name=""paragraph"" data-prosemirror-node-block=""true"">You may submit one application per role each year. We strongly encourage you to focus on applying to a single role that best matches your skills and interests. Though you may apply to multiple roles, please note that each application will be evaluated based on the specific criteria established for that particular role. If you have already applied for this position during the current recruitment season and were not selected, you may reapply when the next recruitment season begins in August 2027. We encourage you to focus on enhancing your skillset before reapplying.</p>
<p data-local-id=""c4c17a2661c8"" data-prosemirror-content-type=""node"" data-prosemirror-node-name=""paragraph"" data-prosemirror-node-block=""true"">Please note that IMC's internship program duration is less than 90 days, which unfortunately does not qualify for a Highly Skilled Migrant visa. Because of this and current regulations with the Immigratie en Naturalisatiedienst (IND), IMC is unable to obtain immigration sponsorship for candidates who currently have citizenship from Russia, Belarus or Iran, and attend university in one of the aforementioned countries. We greatly appreciate your understanding and hope to consider you for future opportunities.</p>
<p data-local-id=""f35ed2566d9e"" data-prosemirror-content-type=""node"" data-prosemirror-node-name=""paragraph"" data-prosemirror-node-block=""true"">If you have citizenship from Ukraine, you will need to confirm that you currently hold a biometric passport so that IMC can obtain the correct immigration sponsorship for you. Please confirm by emailing <a href=""mailto:CampusEU@imc.com"" data-prosemirror-content-type=""mark"" data-prosemirror-mark-name=""link"">CampusEU@imc.com</a>. If you are currently residing or attending university outside of Russia, Belarus, or Iran, and have existing work authorisation in the Netherlands or are eligible to work without sponsorship, we encourage you to apply and inform our campus recruitment team of your situation: <a href=""mailto:CampusEU@imc.com"" data-prosemirror-content-type=""mark"" data-prosemirror-mark-name=""link"">CampusEU@imc.com</a>.</p><div class=""content-conclusion""><p><strong>About Us</strong></p>
<p><em>IMC is a research-driven trading firm where quantitative modeling, machine learning, and engineering shape how modern markets are traded. A stabilizing force in markets since 1989, we provide liquidity across trading venues, delivering the best outcome in value and risk management to investors. Using our own technology and capital, we build proprietary systems and algorithms that operate across global markets. Our researchers, traders, and engineers work as a collective, combining rapid experimentation, advanced infrastructure, and real-time feedback to turn insight into execution and execution into advantage.</em></p>
<p>&nbsp;</p></div>",https://job-boards.eu.greenhouse.io/imc/jobs/4912874101,2026-09-24
IMC,Machine Learning Research Intern - Summer 2027 - Chicago,"Chicago, United States","<p>Our Machine Learning Internship is designed for curious, ambitious researchers who want to apply machine learning to complex, real-world problems. Over 10–12 weeks, you'll work alongside experienced researchers and mentors to develop models, analyze large-scale datasets, and contribute to research that informs IMC's trading strategies across global equities, futures, and options markets. You'll gain hands-on experience designing experiments, evaluating novel approaches, and tackling challenging problems in a collaborative, fast-paced environment where your work can have real-world impact.</p>
<p>Throughout the program, you'll deepen your understanding of quantitative trading through a combination of classroom and on desk training, while benefiting from professional development and networking opportunities. We offer a highly competitive compensation package, including travel and accommodation. High-performing interns may be considered for a full-time Graduate Researcher position upon graduation.</p>
<p><strong>YOUR CORE RESPONSIBILITIES:</strong></p>
<ul>
<li>Conduct hands-on research to design, develop, and apply original machine learning algorithms, with the support to explore and innovate.</li>
<li>Analyze large-scale datasets, develop predictive models, and evaluate novel approaches to complex market problems</li>
<li>Develop your research skills through hands-on project work, mentorship, and regular feedback from experienced researchers</li>
<li>Enhance your understanding of quantitative trading through classroom-based instruction in options theory, market making, and related topics</li>
</ul>
<p><strong>YOUR SKILLS AND EXPERIENCE:</strong></p>
<ul>
<li>Pursuing a PhD in Machine Learning, Computer Science, Electrical Engineering, Mathematics, Statistics, Physics, or a related quantitative field and graduating between September 2027 – July 2028</li>
<li>Strong foundations in machine learning, probability, and statistics, with experience applying advanced ML techniques to solve challenging research or real-world problems</li>
<li>Demonstrated hands-on research experience in deep learning fundamentals such as neural network architectures, sequence modeling, training dynamics, or optimization</li>
<li>Proficiency in Python and modern machine learning frameworks such as PyTorch, Tensorflow, and/or JAX</li>
<li>Demonstrated research excellence through publications, preprints, research internships, or significant research projects; publications at venues such as NeurIPS, ICML, ICLR, or equivalent conferences are highly preferred</li>
<li>Must be able to start internship in-person on June 7, 2027</li>
</ul>
<p>You may submit one application per role each year.&nbsp; We strongly encourage you to focus on applying to a single role that best matches your skills and interests.&nbsp; Though you may apply to multiple roles, please note that each application will be evaluated based on the specific criteria established for that particular role. If you have already applied for this position during the current recruitment season and were not selected, you may reapply when the next recruitment season begins in 2027.</p>
<p>The Base Salary range for the role is included below. Base salary is only one component of total compensation; all full-time, permanent positions are eligible for a discretionary bonus and benefits, including paid leave and insurance. Please visit <a href=""https://www.imc.com/us/careers/benefits"">Benefits - US | IMC Trading</a> for more comprehensive information.</p>
<p>Base Salary: $300,000</p><div class=""content-conclusion""><p><strong>About Us</strong></p>
<p><em>IMC is a research-driven trading firm where quantitative modeling, machine learning, and engineering shape how modern markets are traded. A stabilizing force in markets since 1989, we provide liquidity across trading venues, delivering the best outcome in value and risk management to investors. Using our own technology and capital, we build proprietary systems and algorithms that operate across global markets. Our researchers, traders, and engineers work as a collective, combining rapid experimentation, advanced infrastructure, and real-time feedback to turn insight into execution and execution into advantage.</em></p>
<p>&nbsp;</p></div>",https://job-boards.eu.greenhouse.io/imc/jobs/4907430101,2026-09-24
IMC,Machine Learning Research Intern - Summer 2027 - Sydney,"Sydney,  Australia","<p><strong>ROLE OVERVIEW</strong></p>
<p>Our Machine Learning Internship is designed for curious, ambitious researchers who want to apply machine learning to complex, real-world problems. Over 10–12 weeks, you'll work alongside experienced researchers and mentors to develop models, analyze large-scale datasets, and contribute to research that informs IMC's trading strategies across global equities, futures, and options markets. You'll gain hands-on experience designing experiments, evaluating novel approaches, and tackling challenging problems in a collaborative, fast-paced environment where your work can have real-world impact.</p>
<p>Throughout the program, you'll deepen your understanding of quantitative trading through a combination of classroom and on desk training, while benefiting from professional development and networking opportunities. We offer a highly competitive compensation package, including travel and accommodation. High-performing interns may be considered for a full-time Graduate Researcher position upon graduation.</p>
<p><strong>YOUR CORE RESPONSIBILITIES:</strong></p>
<ul>
<li>Conduct hands-on research to design, develop, and apply original machine learning algorithms, with the support to explore and innovate.</li>
<li>Analyze large-scale datasets, develop predictive models, and evaluate novel approaches to complex market problems</li>
<li>Develop your research skills through hands-on project work, mentorship, and regular feedback from experienced researchers</li>
<li>Enhance your understanding of quantitative trading through classroom-based instruction in options theory, market making, and related topics</li>
</ul>
<p><strong>YOUR SKILLS AND EXPERIENCE:</strong></p>
<ul>
<li>Pursuing a PhD in Machine Learning, Computer Science, Electrical Engineering, Mathematics, Statistics, Physics, or a related quantitative field</li>
<li>Strong foundations in machine learning, probability, and statistics, with experience applying advanced ML techniques to solve challenging research or real-world problems</li>
<li>Demonstrated hands-on research experience in deep learning fundamentals such as neural network architectures, sequence modeling, training dynamics, or optimization</li>
<li>Proficiency in Python and modern machine learning frameworks such as PyTorch, Tensorflow, and/or JAX</li>
<li>Demonstrated research excellence through publications, preprints, research internships, or significant research projects; publications at venues such as NeurIPS, ICML, ICLR, or equivalent conferences are highly preferred</li>
</ul>
<p>You may submit one application per role each year.&nbsp; We strongly encourage you to focus on applying to a single role that best matches your skills and interests.&nbsp; Though you may apply to multiple roles, please note that each application will be evaluated based on the specific criteria established for that particular role.</p>
<p>If you have already applied for this position during the current recruitment season and were not selected, you may reapply when the next recruitment season begins in 2027.</p><div class=""content-conclusion""><p><strong>About Us</strong></p>
<p><em>IMC is a research-driven trading firm where quantitative modeling, machine learning, and engineering shape how modern markets are traded. A stabilizing force in markets since 1989, we provide liquidity across trading venues, delivering the best outcome in value and risk management to investors. Using our own technology and capital, we build proprietary systems and algorithms that operate across global markets. Our researchers, traders, and engineers work as a collective, combining rapid experimentation, advanced infrastructure, and real-time feedback to turn insight into execution and execution into advantage.</em></p>
<p>&nbsp;</p></div>",https://job-boards.eu.greenhouse.io/imc/jobs/4956547101,2026-09-24
IMC,Macro Analyst,"Chicago, United States","<p>As a Macro Research Analyst on our US Index desk in Chicago, you will partner closely with Traders to identify trading opportunities in the markets for US index futures and options. Based in our Chicago office, you will be an integral part of the trading team.</p>
<p>You will attempt to find opportunities that other market participants may not be aware of or are interpreting in a different way. More than reporting what you see, you will translate macro context into actionable trade ideas - framing your views in probabilistic terms and with conviction, so that Traders can convert them into positions. You will work in a fastpaced, dynamic, sometimes highly pressured dealing room, and over time you may potentially be handling trades yourself.</p>
<p><strong>Your Core Responsibilities:&nbsp;</strong></p>
<ul>
<li>Monitor markets with a focus on US equity indices and their relation to other macro products</li>
<li>Monitor headlines and analysis (mainstream media, specialized Investment Bank research). Make judgement calls on its importance, impact and reliability</li>
<li>Understand and react to changes in the volatility term structures in light of new trends and events&nbsp;</li>
<li>Spot trading opportunities across the US equity markets and translate them into actionable trade ideas&nbsp;</li>
<li>Look at global economic events and perform impact / scenario analysis, expressing views in probabilistic terms with clear conviction&nbsp;</li>
<li>Understand the possible risks and opportunities in each scenario, suggesting the best pay-off structures</li>
<li>Prepare for and analyze important events (FOMC meetings, data releases, elections)</li>
<li>Interact proactively with Traders to game plan trading around scenarios</li>
<li>Analyze the historical performance of trade recommendations and tie research output directly to trading results</li>
<li>Study time series related to the volatility of events and realized moves, to spot patterns, potential regime shifts and to build scenarios</li>
<li>Monitor the relation (beta) between equity indices and their single-stock constituents&nbsp;</li>
</ul>
<p><strong>Your Skills and Experience:&nbsp;</strong></p>
<ul>
<li>
<div id=""page-1"" class=""_kqswh2mm _bfhku67f _18u01wug _2hwx1wug"" data-testid=""page-0"">Bachelor's degree in Finance, Econometrics, STEM or a related field of study&nbsp;</div>
</li>
<li>
<div id=""page-1"" class=""_kqswh2mm _bfhku67f _18u01wug _2hwx1wug"" data-testid=""page-0"">2-4 years of work experience with Equity Index, Equity Research and/or Fixed Income Futures</div>
</li>
<li>
<div id=""page-1"" class=""_kqswh2mm _bfhku67f _18u01wug _2hwx1wug"" data-testid=""page-0"">A strong and proven interest in financial markets, experience with options is a plus</div>
</li>
<li>
<div id=""page-1"" class=""_kqswh2mm _bfhku67f _18u01wug _2hwx1wug"" data-testid=""page-0"">Outstanding analytical and problem-solving skills</div>
</li>
<li>
<div id=""page-1"" class=""_kqswh2mm _bfhku67f _18u01wug _2hwx1wug"" data-testid=""page-0"">Strong Excel skills</div>
</li>
<li>
<div id=""page-1"" class=""_kqswh2mm _bfhku67f _18u01wug _2hwx1wug"" data-testid=""page-0"">Experience in programming with Python is a plus</div>
</li>
<li>
<div id=""page-1"" class=""_kqswh2mm _bfhku67f _18u01wug _2hwx1wug"" data-testid=""page-0"">Ability to work in a fast-moving and competitive environment</div>
</li>
<li>
<div id=""page-1"" class=""_kqswh2mm _bfhku67f _18u01wug _2hwx1wug"" data-testid=""page-0"">Strong focus on teamwork, details and accuracy</div>
</li>
<li>Fluent in English</li>
</ul>
<p>&nbsp;</p><div class=""content-pay-transparency""><div class=""pay-input""><div class=""description""><p>The Base Salary range for the role is included below. Base salary is only one component of total compensation; all full-time, permanent positions are eligible for a discretionary bonus and benefits, including paid leave and insurance.&nbsp;Please visit <a href=""https://www.imc.com/us/careers/benefits"">Benefits - US | IMC Trading</a> for more comprehensive information.</p></div><div class=""title"">Salary Range</div><div class=""pay-range""><span>$200,000</span><span class=""divider"">&mdash;</span><span>$225,000 USD</span></div></div></div><div class=""content-conclusion""><p><strong>About Us</strong></p>
<p><em>IMC is a research-driven trading firm where quantitative modeling, machine learning, and engineering shape how modern markets are traded. A stabilizing force in markets since 1989, we provide liquidity across trading venues, delivering the best outcome in value and risk management to investors. Using our own technology and capital, we build proprietary systems and algorithms that operate across global markets. Our researchers, traders, and engineers work as a collective, combining rapid experimentation, advanced infrastructure, and real-time feedback to turn insight into execution and execution into advantage.</em></p>
<p>&nbsp;</p></div>",https://job-boards.eu.greenhouse.io/imc/jobs/4913831101,2026-09-24
IMC,Macro Analyst Intern,"Amsterdam, Netherlands","<p><strong>MACRO ANALYST INTERN </strong></p>
<p>Our 9-week internship programme in Amsterdam is your chance to experience life as a Macro Analyst at IMC. As a Macro Analyst Intern, you will delve into the proprietary trading landscape during the first week of engaging and challenging classroom-based learning. You will have the opportunity hone your skills and apply what you’ve learned with a meaningful project and weekly trading challenges. Throughout the summer, you will receive comprehensive support from dedicated internship trainers, and mentors to guide you in your work and professional development. In our collaborative office environment, you will build a valuable network of IMC traders, researchers, analysts, and engineers. You will benefit from a highly competitive compensation package, fully-furnished corporate accommodation, catered meals, and experience IMC’s collaborative culture as if you’re already a full-time employee. Where you go from here is up to you!</p>
<p><strong>YOUR CORE RESPONSIBILTIES </strong></p>
<ul>
<li>Prepare daily analysis on headlines and trends communicated via Stand-Up sessions and email &nbsp;</li>
<li>Prepare for and analyse events such as central bank meetings, data releases, elections, corporate earnings releases</li>
<li>Work with the analyst teams and with Traders to find opportunities which other market participants may not be aware of, or are interpreting in a different way</li>
<li>Hone your skills by working on significant projects; such as time series analysis related to the volatility of events and realized moves. To spot patterns. To spot potential regime shifts. To build scenarios. &nbsp;</li>
<li>Explore our different trading desks through desk shadow sessions</li>
</ul>
<ul>
<li>Attend workshops, trainings, and other fun social activities alongside the full internship cohort</li>
</ul>
<p>&nbsp;</p>
<p><strong>YOUR SKILLS AND EXPERIENCES </strong></p>
<ul>
<li>In your penultimate year of studying Economics, Econometrics, Finance or STEM, graduating in 2028</li>
<li>Demonstrated interest in the financial markets and macro economics</li>
<li>Outstanding communication skills</li>
<li>You want to make an impact on meaningful and challenging projects</li>
<li>You thrive working in an environment where creativity, teamwork, and innovation are recognised and rewarded</li>
<li>Outstanding analytical and problem-solving skills</li>
<li>Experience in a programming language is a plus (e.g. Python, Matlab, or R)</li>
<li>Must be able to start the internship on June 28, 2027</li>
</ul>
<p>Please note: If you have already applied for this position during the current recruitment season and were not selected, you may reapply when the next recruitment season begins in Summer 2027. We encourage you to focus on enhancing your skillset before reapplying.</p>
<p>To be able to take part in IMC’s internship programme, you will need to obtain the required visa and/or permit to enter, stay and work in the Netherlands. Depending on your nationality and country of residence, obtaining the required entry visa may be subject to additional requirements, processing delays or other limitations. Please note that if you need a Schengen visa and are unable to obtain it before the start of the internship, you will be unable to take part in IMC’s internship programme. We greatly appreciate your understanding and hope to consider you for future opportunities.</p>
<p>If you have any questions regarding the above, please reach out via: <a href=""mailto:CampusEU@imc.com"">CampusEU@imc.com</a>.</p><div class=""content-conclusion""><p><strong>About Us</strong></p>
<p><em>IMC is a research-driven trading firm where quantitative modeling, machine learning, and engineering shape how modern markets are traded. A stabilizing force in markets since 1989, we provide liquidity across trading venues, delivering the best outcome in value and risk management to investors. Using our own technology and capital, we build proprietary systems and algorithms that operate across global markets. Our researchers, traders, and engineers work as a collective, combining rapid experimentation, advanced infrastructure, and real-time feedback to turn insight into execution and execution into advantage.</em></p>
<p>&nbsp;</p></div>",https://job-boards.eu.greenhouse.io/imc/jobs/4941380101,2026-09-24
IMC,Macro Research Analyst ,"Amsterdam, Netherlands","<p><strong>About the role</strong></p>
<p>As a Macro Analyst at IMC in Amsterdam, you will build the quantitative tools and analysis behind the team’s macro research. Your work will focus on Python, data, maintaining the scenario record and backtesting research ideas, helping translate macro-event scenarios into inputs for the European equity index volatility curve.</p>
<p>Working closely with traders, senior analysts and the Lead Macro Analyst, you will connect your analysis to the desk’s exposure and evaluate your calls against market outcomes. Alongside building and testing, you will contribute to event coverage during European trading hours and relevant out-of-hours futures sessions.</p>
<p>As you demonstrate an edge through your work, there is scope to develop into position taking and longer-horizon research.</p>
<p><strong>Your Core Responsibilities</strong></p>
<ul>
<li>Build and own Python tools and data workflows for macro research, scenario analysis and backtesting;</li>
<li>Maintain a structured record of event scenarios, their underlying assumptions and subsequent outcomes, making the research available for testing and review;</li>
<li>Backtest research ideas, signals and models, using statistical analysis to assess their performance and identify areas for improvement;</li>
<li>Develop and update quantitative analysis for macro-event scenarios, working with traders and senior analysts to translate the results into inputs for the volatility curve;</li>
<li>Understand the desk’s exposure to the events you cover, including whether it is long or short an event, and use that context when discussing the implications of your analysis;</li>
<li>Score your own calls against actual outcomes and use the findings to improve the tools, models and scenario analysis you contribute.</li>
</ul>
<p><strong>Your Skills and Experience</strong></p>
<ul>
<li>2–4 years of experience in quantitative research or a trading-focused analytical role, ideally within a macro hedge fund pod or at a competing trading firm;</li>
<li>Hands-on Python skills, with experience preparing and analyzing data and applying statistics to research questions;</li>
<li>Experience building analytical tools and backtesting research ideas; having built signals or models used in live trading is an advantage;</li>
<li>Good understanding of macroeconomic drivers and equity index markets, including familiarity with options and volatility;</li>
<li>A disciplined approach to recording assumptions and evaluating results, with the ability to connect your analysis to trading exposure and refine your views through evidence and feedback.</li>
</ul>
<p>&nbsp;</p><div class=""content-conclusion""><p><strong>About Us</strong></p>
<p><em>IMC is a research-driven trading firm where quantitative modeling, machine learning, and engineering shape how modern markets are traded. A stabilizing force in markets since 1989, we provide liquidity across trading venues, delivering the best outcome in value and risk management to investors. Using our own technology and capital, we build proprietary systems and algorithms that operate across global markets. Our researchers, traders, and engineers work as a collective, combining rapid experimentation, advanced infrastructure, and real-time feedback to turn insight into execution and execution into advantage.</em></p>
<p>&nbsp;</p></div>",https://job-boards.eu.greenhouse.io/imc/jobs/4976760101,2026-09-24
IMC,Market Data Quality Analyst,"Sydney,  Australia","<p>At IMC, data is pivotal in shaping trading decisions across a wide range of financial products. Better data means better decision making for both the research and trading teams. We’re on a mission to ensure that we have access to quality data to enhance our ability to rapidly adapt and innovate.</p>
<p>This role is ideal for someone passionate about financial data, quantitative research, and market analysis. As a Market Data Quality Analyst, you’ll own a variety of reference data, corporate actions data and alternative data from sources such as exchanges and data vendors. You’ll then work to turn these into research and trading-ready datasets via ingestion, validation, mapping, enrichment and publication.</p>
<p><strong>Your Core Responsibilities:</strong></p>
<ul>
<li>Acquire, clean, and maintain reference data, corporate actions data and alternative data from various sources (exchanges, third-party vendors, proprietary feeds).</li>
<li>Design and own automated Python pipelines for ingestion, transformation and publication of these sources.</li>
<li>Analyse datasets using SQL, Pandas and Polars to help model, investigate issues, and document data.</li>
<li>Monitor and resolve data anomalies, missing values, and inconsistencies to ensure high data quality and develop automated testing strategies to flag such issues.</li>
<li>Work with engineers to enhance data storage, retrieval, and efficiency for research workflows.</li>
<li>Work with researchers, traders and other data users to turn data needs into well-defined, maintained datasets.</li>
</ul>
<p><strong>Your Skills and Experience:</strong></p>
<ul>
<li>5+ years in a data-focused role, preferably in a trading, quantitative finance, or financial services environment.</li>
<li>Strong Python including data processing frameworks such as Pandas or Polars.</li>
<li>Advanced SQL for analysing large datasets efficiently.</li>
<li>Genuine interest in how exchanges work – including instrument lifecycles, session structures, holiday calendars and symbology.</li>
<li>Eagerness to get into the details of a dataset, either to find quality issues or to help document data edge cases.</li>
<li>Strong communication skills and the ability to work cross-functionally with researchers, traders and engineers to build up data requirements.</li>
<li>Nice to have: visualisation tools (Streamlit, Plotly), distributed processing (Spark, Dask), CI/CD, Kubernetes.</li>
</ul><div class=""content-conclusion""><p><strong>About Us</strong></p>
<p><em>IMC is a research-driven trading firm where quantitative modeling, machine learning, and engineering shape how modern markets are traded. A stabilizing force in markets since 1989, we provide liquidity across trading venues, delivering the best outcome in value and risk management to investors. Using our own technology and capital, we build proprietary systems and algorithms that operate across global markets. Our researchers, traders, and engineers work as a collective, combining rapid experimentation, advanced infrastructure, and real-time feedback to turn insight into execution and execution into advantage.</em></p>
<p>&nbsp;</p></div>",https://job-boards.eu.greenhouse.io/imc/jobs/4855353101,2026-09-24
IMC,Market Structure Strategy Lead,"Chicago, United States; New York, United States","<p>We are seeking a dynamic and experienced professional to lead our Market Structure Strategy at IMC US, a cutting-edge quantitative trading firm. The successful candidate will play a pivotal role in deepening relationships with key market participants and enhancing our market presence, while ensuring IMC stays ahead of the structural, technological, and regulatory shifts that shape our trading environment. This role offers a unique opportunity to shape the strategic direction of the firm by influencing market structure evolution and collaborating with internal teams to ensure optimal trading and business outcomes.</p>
<p><strong>Your Core Responsibilities:&nbsp;</strong></p>
<ul>
<li>
<p data-renderer-start-pos=""2161"">Market Structure Strategy: Stay at the forefront of market structure changes across asset classes, providing insights into how regulatory, technological, and competitive developments impact the firm's trading operations and business.</p>
</li>
<li>
<p data-renderer-start-pos=""2400"">Exchange Architecture &amp; Technical Analysis: Maintain a technical understanding of exchange architecture and matching engine mechanics across relevant venues, and work with IMC experts to translate incoming changes—technological, structural, or procedural—into clear assessments of how they will impact IMC's trading operations, systems, and strategy.</p>
</li>
<li>
<p data-renderer-start-pos=""2756"">Cross-Functional Leadership: Collaborate with trading, technology, legal, and compliance teams to align business initiatives with regulatory requirements and market trends.</p>
</li>
<li>
<p data-renderer-start-pos=""2934"">Relationship Management: Build and maintain strong relationships with external stakeholders, including exchanges, brokers, clearinghouses, and liquidity providers, to optimize trading conditions and market access. In addition to managing these relationships directly, collaborate with the right internal IMC experts to bring into key conversations, fostering stronger, more technically grounded relationships across the firm.</p>
</li>
<li>
<p data-renderer-start-pos=""3365"">Competitive Analysis: Conduct ongoing analysis of emerging trends to identify opportunities for competitive differentiation and advantage.</p>
</li>
<li>
<p data-renderer-start-pos=""3509"">Regulatory Advocacy: Work closely with legal and compliance teams regarding market structure advocacy; engage with regulatory bodies and industry groups to represent the firm's interests in shaping policy developments that impact market structure.</p>
</li>
<li>
<p data-renderer-start-pos=""3762"">Business Development: Support identification of new business opportunities, including partnerships and expansion into new markets or asset classes, where they intersect with market structure strategy.</p>
</li>
</ul>
<p>&nbsp;</p>
<p><strong>Your Skills and Experience:&nbsp;</strong></p>
<ul>
<li>
<p data-renderer-start-pos=""3998"">Industry Experience: 8+ years of experience in market structure, exchange technology, or strategy roles within financial services, ideally within a quantitative trading, proprietary trading, or market-making firm. Options market experience is critical.</p>
</li>
<li>
<p data-renderer-start-pos=""4256"">Market Structure &amp; Technical Knowledge: Deep understanding of market structure across multiple asset classes (e.g., options, equities, futures, fixed income), including exchange architecture, matching engine mechanics, exchange mechanics, liquidity dynamics, and regulatory environments. Ability to quickly assess the technical and operational implications of exchange or infrastructure changes on IMC's business.</p>
</li>
<li>
<p data-renderer-start-pos=""4675"">Proven Leadership: Demonstrated ability to lead cross-functional teams and influence outcomes in complex, fast-paced environments.</p>
</li>
<li>
<p data-renderer-start-pos=""4811"">Analytical Mindset: Strong analytical and quantitative skills, with the ability to interpret data and market trends to drive decision-making.</p>
</li>
<li>
<p data-renderer-start-pos=""4958"">Organization &amp; Prioritization: Highly organized, with the ability to manage multiple concurrent workstreams and prioritize based on IMC's top strategic priorities.</p>
</li>
<li>
<p data-renderer-start-pos=""5127"">Relationship-Building: Proven track record of developing and maintaining strong relationships with key market participants, particularly in options trading. Skilled at knowing when to loop in the right internal subject-matter experts to deepen or extend those relationships.</p>
</li>
<li>
<p data-renderer-start-pos=""5407"">Regulatory Acumen: Deep understanding of global financial regulations and how they impact market structure, trading, and compliance.</p>
</li>
<li>
<p data-renderer-start-pos=""5545"">Communication Skills: Excellent communication, negotiation, and presentation skills, with the ability to articulate complex ideas clearly to both internal teams and external stakeholders.</p>
</li>
</ul><div class=""content-pay-transparency""><div class=""pay-input""><div class=""description""><p>The Base Salary range for the role is included below. Base salary is only one component of total compensation; all full-time, permanent positions are eligible for a discretionary bonus and benefits, including paid leave and insurance.&nbsp;Please visit <a href=""https://www.imc.com/us/careers/benefits"">Benefits - US | IMC Trading</a> for more comprehensive information.</p></div><div class=""title"">Salary Range</div><div class=""pay-range""><span>$250,000</span><span class=""divider"">&mdash;</span><span>$300,000 USD</span></div></div></div><div class=""content-conclusion""><p><strong>About Us</strong></p>
<p><em>IMC is a research-driven trading firm where quantitative modeling, machine learning, and engineering shape how modern markets are traded. A stabilizing force in markets since 1989, we provide liquidity across trading venues, delivering the best outcome in value and risk management to investors. Using our own technology and capital, we build proprietary systems and algorithms that operate across global markets. Our researchers, traders, and engineers work as a collective, combining rapid experimentation, advanced infrastructure, and real-time feedback to turn insight into execution and execution into advantage.</em></p>
<p>&nbsp;</p></div>",https://job-boards.eu.greenhouse.io/imc/jobs/4936373101,2026-09-24
IMC,Mid Office Associate - Digital Assets,"Zug, Switzerland","<p>As the Crypto business is growing at IMC, we need to ensure that our post-trade processes are as scalable and efficient as possible. Hence, we are looking for a Mid Office Associate to play an important role, assisting on day-to-day post-trade operations and gathering business requirements from various stakeholders and working with developers to improve processes.</p>
<p>Note that this is an onsite role in Zug, Switzerland, with very limited flexibility for working from home.</p>
<p><strong>Your Core Responsibilities:&nbsp;</strong></p>
<ul>
<li>Perform daily reconciliation of positions, trades, and cash/token balances across centralized exchanges (CeFi), decentralized protocols (DeFi), and OTC counterparties.</li>
<li>Calculate and substantiate daily P&amp;L across multiple asset types, ensuring valuation methodologies are applied consistently and correctly.</li>
<li>Investigate and resolve trade breaks, valuation discrepancies, and settlement issues, identifying root causes.</li>
<li>Build and maintain Python-based tools and notebooks to automate recurring reconciliation, reporting, and analysis workflows.</li>
<li>Query and manage data across internal databases to support reconciliation, reporting, and ad hoc analysis.</li>
<li>Synthesize complex, ambiguous situations, including breaks spanning multiple venues, counterparties, or asset types, into clear, streamlined deliverables for traders and senior management.</li>
<li>Partner with technology teams to scope and prioritize enhancements to reconciliation and valuation systems, and to communicate complex operational issues in a clear, actionable way.</li>
<li>Gather requirements and data from various stakeholders (Trading, Finance, Risk, Technology) to identify issues and improve Mid Office processes.</li>
</ul>
<p><strong>Your Skills and Experience:&nbsp;</strong></p>
<ul>
<li>Bachelor's degree in finance, economics, STEM, or a related quantitative field (or equivalent practical experience).</li>
<li>3+ years of experience in trading operations, middle office, product control, or a related function; crypto/digital asset experience strongly preferred.</li>
<li>Python skills, including experience with data libraries (e.g., pandas, NumPy) and building automated workflows, are a plus.</li>
<li>Solid understanding of databases and data structures; SQL experience required.</li>
<li>Familiarity with CeFi, DeFi, and OTC market structure, including exchange APIs, on-chain data, and bilateral settlement, is a strong plus.</li>
<li>Experience with P&amp;L calculation, trade reconciliation, and valuation concepts across asset types.</li>
<li>Exceptional attention to detail and a high bar for data accuracy.</li>
<li>Excellent written and verbal communication skills, with the ability to explain issues clearly to both technical and non-technical stakeholders.</li>
<li>Owner mentality: takes ownership of tasks and projects, with a drive to understand the business beyond own role to add value to the overall business.</li>
</ul>
<p>&nbsp;</p><div class=""content-conclusion""><p><strong>About Us</strong></p>
<p><em>IMC is a research-driven trading firm where quantitative modeling, machine learning, and engineering shape how modern markets are traded. A stabilizing force in markets since 1989, we provide liquidity across trading venues, delivering the best outcome in value and risk management to investors. Using our own technology and capital, we build proprietary systems and algorithms that operate across global markets. Our researchers, traders, and engineers work as a collective, combining rapid experimentation, advanced infrastructure, and real-time feedback to turn insight into execution and execution into advantage.</em></p>
<p>&nbsp;</p></div>",https://job-boards.eu.greenhouse.io/imc/jobs/4969043101,2026-09-24
IMC,Network Engineer,"Hong Kong, Hong Kong","<p data-renderer-start-pos=""1"" data-local-id=""ca9991d3c0eb"">As a Network Engineer at IMC, you will be joining a dynamic team of highly motivated professionals who strive to be the best at what they do by continuously learning, innovating, and improving. This role will have a major impact on the business and you will be expected to know and understand our business in order to contribute to the organization’s core strategies by constantly looking for areas to improve and develop.&nbsp;</p>
<p data-renderer-start-pos=""426"" data-local-id=""752e0bcdf2b4"">IMC’s Network Engineers are responsible for designing, implementing, and supporting all low-latency connectivity to trading venues, DC, Enterprise and Backbone networks. They work closely with our Software and Systems Engineers, other teams and external parties to provide best in class infrastructure solutions supporting our trading business.</p>
<p data-renderer-start-pos=""426"" data-local-id=""752e0bcdf2b4""><strong>Your Core Responsibilities:&nbsp;</strong></p>
<ul>
<li data-renderer-start-pos=""803"" data-local-id=""5c0aae489c16"">Design, implement and support the APAC's networking infrastructure. Key areas of expertise include Networking Fundamentals, Low-latency networking, Unicast and Multicast routing, BGP, PIM SM, PTP, concepts of QoS, NAT and protocol tuning.</li>
<li data-renderer-start-pos=""803"" data-local-id=""5c0aae489c16"">Monitor, guard and analyze the proper functioning of our network infrastructure. Take adaptive, retentive and corrective measures and perform structural maintenance.</li>
<li data-renderer-start-pos=""803"" data-local-id=""5c0aae489c16"">Proactively improve our infrastructure by contributing scripts and code to our automation efforts (e.g. Bash, Python).</li>
<li data-renderer-start-pos=""803"" data-local-id=""5c0aae489c16"">Accurately create and maintain documentation detailing the implemented networking solutions, relevant procedures, and operational guidelines.</li>
<li data-renderer-start-pos=""803"" data-local-id=""5c0aae489c16"">Responsibility for our IT security related platforms. Key areas include Enterprise Firewalls, VPNs, Security policies.</li>
<li data-renderer-start-pos=""803"" data-local-id=""5c0aae489c16"">Work flexible hours. We are proud of the uptime of the trading environment, so every now and then you will be working outside of regular business hours to apply critical changes. This could be from your desk, your couch at home or also inside of one of our datacenters in APAC.</li>
<li data-renderer-start-pos=""803"" data-local-id=""5c0aae489c16"">Liaise with external vendors, exchanges and providers to explore new technology solutions, implement new services or troubleshoot problems.</li>
</ul>
<p><strong>Your Skills and Experience:&nbsp;</strong></p>
<ul>
<li data-renderer-start-pos=""2060"" data-local-id=""eafc0e160647"">We are looking for a senior Network Engineer, who is passionate about all aspects of networking and gets a thrill out of designing, implementing and supporting high-performance networks.</li>
<li data-renderer-start-pos=""2060"" data-local-id=""eafc0e160647"">You are someone with 5+ years experience who is a highly capable engineer with an appetite for accuracy, and are not afraid to go beyond the standard text-book concepts of networking.</li>
<li data-renderer-start-pos=""2060"" data-local-id=""eafc0e160647"">You thrive on working with your peers and cross-functional teams and are able to motivate and encourage your colleagues around you.</li>
<li data-renderer-start-pos=""2060"" data-local-id=""eafc0e160647"">Ability to clearly communicate - both verbally and written - technical concepts and challenges to both technical and non-technical stakeholders is a must.</li>
</ul><div class=""content-conclusion""><p><strong>About Us</strong></p>
<p><em>IMC is a research-driven trading firm where quantitative modeling, machine learning, and engineering shape how modern markets are traded. A stabilizing force in markets since 1989, we provide liquidity across trading venues, delivering the best outcome in value and risk management to investors. Using our own technology and capital, we build proprietary systems and algorithms that operate across global markets. Our researchers, traders, and engineers work as a collective, combining rapid experimentation, advanced infrastructure, and real-time feedback to turn insight into execution and execution into advantage.</em></p>
<p>&nbsp;</p></div>",https://job-boards.eu.greenhouse.io/imc/jobs/4698599101,2026-09-24
IMC,Office Assistant – 2 dagen per Week (Dinsdagen en Woensdagen),"Amsterdam, Netherlands","<p>IMC is op zoek naar een Office Assistant ter ondersteuning van al onze medewerkers van het kantoor in Amsterdam. In deze afwisselende rol ben jij het eerste aanspreekpunt en fungeer je als gastvrouw/gastheer voor zowel externe als interne bezoekers. Daarnaast ben je medeverantwoordelijk voor een breed scala aan activiteiten en evenementen. In deze veelzijdige baan ben je samen met je collega’s verantwoordelijk voor het soepel laten verlopen van de receptie. We zijn op zoek naar een proactieve kandidaat die gastvrijheid hoog in het vaandel heeft staan. Een energieke teamspeler die goed georganiseerd, loyaal, flexibel en sociaal is.</p>
<p><strong>Jouw Verantwoordelijkheden:</strong></p>
<ul>
<li>Optreden als gastvrouw/gastheer voor zowel interne als externe bezoekers</li>
<li>Afhandelen van telefoon- en e-mailverkeer in zowel het Nederlands als het Engels</li>
<li>Afhandelen van inkomende en uitgaande (expres) post/ koeriers</li>
<li>Contactpersoon zijn voor verschillende leveranciers, waaronder koeriersdiensten</li>
<li>Assisteren van de Office Manager bij evenementen op kantoor</li>
<li>Beheren van de voorraad kantoorbenodigdheden</li>
<li>Coördineren van de boeking van vergaderruimtes, en deze, evenals de receptiebalie in goede staat houden</li>
<li>Verschillende administratieve taken zoals het beheren van krantenabonnementen, plannen van stoelmassages, etc.</li>
</ul>
<p><strong>Jouw Vaardigheden en Ervaring:</strong></p>
<ul>
<li>Minimaal MBO-werk- en denkniveau, bij voorkeur in een relevante richting</li>
<li>1+ jaar werkervaring in een soortgelijke rol (Receptionist/ Office Assistant/ Gastvrouw/Gastheer/ Secretaresse/ Grondstewardess) in een internationale omgeving</li>
<li>Goede beheersing van het Nederlands en Engels (spreken en schrijven)</li>
<li>Ervaring met Microsoft Office-toepassingen</li>
<li>Sterke sociale vaardigheden</li>
<li>Goede organisatorische vaardigheden</li>
</ul>
<p><strong>Wat je ervoor terugkrijgt:</strong></p>
<ul>
<li>Een goed salaris</li>
<li>Uitstekende secundaire arbeidsvoorwaarden waaronder premievrij pensioen, opleidingsmogelijkheden, gratis ontbijt en lunch</li>
<li>De kans om te werken in één van de mooiste kantoorgebouwen in Amsterdam.</li>
<li>Hele leuke collega’s</li>
</ul>
<p>Je komt te werken in een dynamische internationale omgeving met een open collegiale cultuur waar iedere dag weer anders is.</p>
<p><strong>Over Ons</strong></p>
<p>IMC is een toonaangevend beurshandelshuis, wereldwijd bekend om onze zijn geavanceerde technologie. In de afgelopen 35 jaar zijn we een stabiliserende factor geweest op de financiële markten. Vanuit onze kantoren in de VS, Europa en Azië-Pacific werken onze getalenteerde medewerkers aan het creëren en uitvoeren van geavanceerde handelsstrategieën.</p>
<p>&nbsp;</p><div class=""content-conclusion""><p><strong>About Us</strong></p>
<p><em>IMC is a research-driven trading firm where quantitative modeling, machine learning, and engineering shape how modern markets are traded. A stabilizing force in markets since 1989, we provide liquidity across trading venues, delivering the best outcome in value and risk management to investors. Using our own technology and capital, we build proprietary systems and algorithms that operate across global markets. Our researchers, traders, and engineers work as a collective, combining rapid experimentation, advanced infrastructure, and real-time feedback to turn insight into execution and execution into advantage.</em></p>
<p>&nbsp;</p></div>",https://job-boards.eu.greenhouse.io/imc/jobs/4924482101,2026-09-24
IMC,Operational Risk Manager,"Amsterdam, Netherlands","<h4>About the role</h4>
<p>We're looking for an Operational Risk Manager to join IMC's Operational Risk Management (ORM) team and lead operational risk frameworks and prudential risk across our European offices.</p>
<p>The key focus areas for this role are split between operational risk and prudential risk. Operational risk covers the Key Control Framework (KCF), Risk Control Self-Assessments (RCSA), risk surveys, risk culture, and Business Continuity Planning (BCP). Prudential risk focuses on IFR/IFD regulatory frameworks including the Internal Capital Adequacy and Risk Assessment (ICARA) process, Pillar 3 disclosures, prudential reporting, and participation in IFR-related working groups across associations (EPTA, APT) and regulators (FCA, DNB).</p>
<p>You will partner with Trading, Technology, Compliance, and other teams across the organization to ensure risk controls are appropriately embedded in systems and processes. The role reports to the European Head of Risk and is based in Amsterdam, with regular travel across our European offices (London, Zug, Aarhus). You will join a growing dedicated ORM team as the second member and collaborate with ORM colleagues globally.</p>
<h4><strong>Your Core Responsibilities:&nbsp;</strong></h4>
<ul>
<li>Own and continuously enhance the Key Control Framework, ensuring effective testing, monitoring, and assurance of critical firm-wide controls</li>
<li>Conduct annual Risk Survey, Culture assesment and Risk Control Self-Assessment process to ensure proactive and consistent identification, evaluation, and mitigation of key risks</li>
<li>Partner with Trading, Technology, Compliance and other teams to ensure risk controls are appropriately embedded in systems and processes</li>
<li>Lead Business Continuity Planning (BCP) processes and testing across European offices</li>
<li>Lead ongoing IFR/IFD prudential risk management for Amsterdam and London entities</li>
<li>Own the Internal Capital Adequacy and Risk Assessment (ICARA) process, Pillar 3 disclosures, and prudential reporting for both jurisdictions</li>
<li>Participate in IFR-related working groups across associations (EPTA, APT) and engage with regulators (FCA, DNB) on prudential risk matters</li>
</ul>
<h4><strong>Your Skills and Experience:&nbsp;</strong></h4>
<ul>
<li>At least 5+ years of relevant operational &amp; prudential risk management experience in financial services or trading environments</li>
<li>Proven experience interpreting prudential risk regulations, translating them into practical implementation, and understanding how they impact the business (IFR/IFD experience preferred)</li>
<li>Plus when direct experience with ICARA processes, Pillar 3 disclosures, and prudential reporting</li>
<li>Demonstrated experience developing and implementing Operational Risk frameworks, including RCSA and Key Control frameworks</li>
<li>Understanding of financial markets, trading operations, and associated risk exposures</li>
<li>Strong analytical skills with attention to detail and ability to work with complex regulatory requirements</li>
<li>Excellent stakeholder management and communication skills, with the ability to influence and engage credibly at all levels of the organization</li>
<li>Leadership capabilities with ability to develop and mentor team members</li>
<li>Academic background in a relevant field (finance, risk management, economics, or related disciplines)</li>
<li>Excellent verbal and written communication skills in English</li>
</ul>
<p>&nbsp;</p><div class=""content-conclusion""><p><strong>About Us</strong></p>
<p><em>IMC is a research-driven trading firm where quantitative modeling, machine learning, and engineering shape how modern markets are traded. A stabilizing force in markets since 1989, we provide liquidity across trading venues, delivering the best outcome in value and risk management to investors. Using our own technology and capital, we build proprietary systems and algorithms that operate across global markets. Our researchers, traders, and engineers work as a collective, combining rapid experimentation, advanced infrastructure, and real-time feedback to turn insight into execution and execution into advantage.</em></p>
<p>&nbsp;</p></div>",https://job-boards.eu.greenhouse.io/imc/jobs/4742849101,2026-09-24
IMC,Operational Risk Manager,"Sydney,  Australia","<p>IMC’s Risk Team works closely with our Trading and Technology teams to manage and mitigate the risks associated with IMC’s trading strategies across a wide range of products, exchanges, and technologies. The team is responsible for identifying and assessing risks, determining appropriate controls, and developing metrics and tools to monitor them. It acts as a key stakeholder in ensuring the firm’s business activities remain within its risk appetite, engaging directly with the business to review and challenge risk management actions.</p>
<p>The APAC region presents a significant opportunity, and IMC has ambitious plans to grow its presence and expand its footprint. As we pursue these opportunities, we are looking to deepen our risk expertise and strengthen our capabilities accordingly. This role offers the opportunity to be part of that journey and to play a central role in building a best-in-class operational risk function.</p>
<p><strong>Your Core Responsibilities</strong></p>
<ul>
<li>Serve as the Risk team’s primary contact for operational risk, including execution controls, incident management, policy, ad-hoc risk assessments, and post-mortems.</li>
<li>Build deep knowledge of IMC’s automated trading ecosystem across APAC markets to identify, assess, and mitigate operational risks.</li>
<li>Own the framework for automated pre- and post-trade risk checks that protect the firm from operational failures, including limit policies, sensibility reviews, and ongoing monitoring and reporting.</li>
<li>Analyse incidents, identify trends across desks and systems and drive improvements to prevent recurrence.</li>
<li>Develop and implement local operational risk frameworks aligned with global policies and industry standards.</li>
<li>Review new trading strategies before deployment, ensuring controls, monitoring, and documentation are in place.</li>
<li>Maintain and enhance the operational risk policy framework, ensuring documentation remains accurate and up to date.</li>
<li>Build and improve dashboards, reporting, and monitoring tools to strengthen risk visibility and response capabilities.</li>
</ul>
<p><strong>Your Skills and Experience</strong></p>
<ul>
<li>Bachelor’s or Master’s degree in Finance, Engineering, Computer Science, Mathematics, or a related field.</li>
<li>Approximately 5 years of experience in an operational or market risk role, ideally within a proprietary trading firm, hedge fund, or electronic market maker.</li>
<li>Direct experience with automated trading systems and a good understanding of how software and hardware failures translate into trading risk.</li>
<li>Familiarity with the APAC trading landscape, including exchange microstructure and market conventions across key markets such as Korea, Hong Kong, Japan, and China.</li>
<li>Proficiency in Python and SQL, with the ability to independently query data, build monitoring tools, and automate reporting. Comfortable using AI tools to support automation and reporting tasks.</li>
<li>Strong written and verbal communication skills, with the ability to present risk findings clearly to both technical and non-technical audiences.</li>
<li>Comfortable operating in a fast-paced, high-pressure trading environment, with the ability to prioritise effectively and act decisively.</li>
<li>Entrepreneurial, self-starter willing to take initiative. Ability to carry projects through from ideation to completion.</li>
</ul><div class=""content-conclusion""><p><strong>About Us</strong></p>
<p><em>IMC is a research-driven trading firm where quantitative modeling, machine learning, and engineering shape how modern markets are traded. A stabilizing force in markets since 1989, we provide liquidity across trading venues, delivering the best outcome in value and risk management to investors. Using our own technology and capital, we build proprietary systems and algorithms that operate across global markets. Our researchers, traders, and engineers work as a collective, combining rapid experimentation, advanced infrastructure, and real-time feedback to turn insight into execution and execution into advantage.</em></p>
<p>&nbsp;</p></div>",https://job-boards.eu.greenhouse.io/imc/jobs/4871363101,2026-09-24
IMC,Operations Trader,"Mumbai, India","<p>We're looking for an Operations Trader to join our Index Options desk. This role sits at the intersection of trading, production operations, and technology — executing and monitoring index options strategies in real time, owning the day-to-day health of the book, and digging into execution quality and system behavior when things don't go as expected. We're especially interested in people who have owned the day-to-day of their own strategies before, even if that ownership wasn't the headline of their last role.&nbsp;</p>
<p>&nbsp;</p>
<p><strong>Your Core Responsibilities:&nbsp;</strong></p>
<p><strong><em>Trade Execution &amp; Risk Monitoring</em></strong></p>
<ul>
<li>Execute and monitor index options strategies (Nifty, Bank Nifty) in real time, keeping algo activity within risk and margin limits.</li>
<li>Manage contract rolls — transitioning positions from back-month to front-month strategies — and maintain the automation that supports this.</li>
<li>Perform post-trade analysis on fills, market share, and execution quality.</li>
<li>Apply rigorous statistical methods to ensure the robustness and reliability of results</li>
</ul>
<p><strong><em>Production &amp; Operational Ownership</em></strong></p>
<ul>
<li>Own reconciliation, network connectivity checks, and other production-health tasks that keep the desk running, even when they're not the most visible part of the job.</li>
<li>Investigate execution issues end-to-end — tracing latency and timelines of how information moves between internal systems and the exchange</li>
<li>Comfortable moving between well-defined, implementation-style tasks and open-ended investigations where the question itself needs to be framed.</li>
</ul>
<p><em>&nbsp;</em><strong><em>Automation &amp; Tooling</em></strong></p>
<ul>
<li>Build and maintain automation in Python and Bash to reduce manual intervention and operational risk — e.g., auto-liquidation workflows, contract-roll automation, monitoring scripts.</li>
</ul>
<p><strong><em>Collaboration &amp; Market Awareness</em></strong></p>
<ul>
<li>Build a deep understanding of market behaviour, pricing dynamics, and structural inefficiencies</li>
<li>Partner with Quant Researchers, Developers, Risk, and Operations to troubleshoot production issues and improve execution reliability — and bring genuine curiosity about how these workflows scale in a larger team.</li>
<li>Communicate clearly and in a structured way — able to explain technical or operational issues to both trading and non-trading stakeholders.</li>
<li>Mentor and train junior team members on desk processes and tools as the team grows.</li>
</ul>
<p>&nbsp;</p>
<p><strong>Your Skills and Experience:&nbsp;</strong></p>
<ul>
<li>Prior experience in trading operations, execution, or production support at a proprietary trading firm, market maker, or similar high-frequency environment</li>
<li>Strong foundation in probability, statistics, and quantitative modelling</li>
<li>Experience working with large datasets and time-series data</li>
<li>Strong programming skills in at least one language, preferably Python</li>
<li>Curious and analytical mindset, with a focus on problem-solving and innovation</li>
<li>Demonstrated ownership of production/operational tasks — reconciliation, connectivity, monitoring — beyond what's typically listed on a resume.</li>
<li>Experience investigating execution or system performance (latency analysis, timeline tracing across systems) is a strong plus.</li>
<li>No prior options experience required — but genuine initiative to learn (e.g., familiarity with options greeks, dynamic hedging, or having worked through texts like&nbsp;Natenberg) is a strong signal.</li>
<li>Comfortable operating under pressure during live market hours, including trading halts and reconciliations.</li>
<li>Strong communicator who structures ideas clearly and engages well in technical discussions.</li>
<li>Proactive mindset — someone who automates away recurring issues rather than just resolving them each time.</li>
<li>Track record of building automation that reduced manual or operational risk (e.g., auto-liquidation, contract-roll workflows).</li>
<li>Exposure to Indian equity/index derivatives market microstructure.</li>
<li>Experience mentoring or training junior team members.</li>
</ul><div class=""content-conclusion""><p><strong>About Us</strong></p>
<p><em>IMC is a research-driven trading firm where quantitative modeling, machine learning, and engineering shape how modern markets are traded. A stabilizing force in markets since 1989, we provide liquidity across trading venues, delivering the best outcome in value and risk management to investors. Using our own technology and capital, we build proprietary systems and algorithms that operate across global markets. Our researchers, traders, and engineers work as a collective, combining rapid experimentation, advanced infrastructure, and real-time feedback to turn insight into execution and execution into advantage.</em></p>
<p>&nbsp;</p></div>",https://job-boards.eu.greenhouse.io/imc/jobs/4847623101,2026-09-24
IMC,OTC Trader - Digital Assets,"Zug, Switzerland","<p><strong>About the Role</strong></p>
<p>We are looking for a commercially driven OTC Crypto Trader to join our team in Zug. In this role, you will be directly responsible for growing the desk’s PnL and executing block trades across digital asset markets. You will be entrusted with large ticket sizes and expected to operate with professionalism, discretion, and a sharp commercial instinct.</p>
<p><strong>Key Responsibilities</strong></p>
<ul>
<li>Manage risk effectively on large ticket transactions, ensuring best execution and competitive pricing</li>
<li>Monitor markets and maintain awareness of macro and crypto-specific developments affecting trading</li>
<li>Collaborate with internal teams including technology, compliance, and operations</li>
</ul>
<p><strong>Requirements</strong></p>
<ul>
<li>Minimum 2 years of trading experience, ideally on a flow or block trading desk</li>
<li>Experience in electronic / systematic trading with a solid understanding of algorithmic execution and quantitative trading workflows</li>
<li>Commercially driven with a strong client-facing mindset</li>
<li>Crypto trading experience is a strong plus</li>
<li>Demonstrable track record of handling large notional trades with sound risk management</li>
<li>Proficiency in Python, comfortable with data analysis, scripting, and trade tooling</li>
<li>Trustworthy, reliable, and able to exercise independent judgment under pressure</li>
<li>Work nonstandard weeks i.e. cover weekends and evening shifts as required in exchange for&nbsp;off days on other weekdays</li>
</ul>
<p><strong>What We Offer</strong></p>
<ul>
<li>Exposure to a fast-growing, high-conviction crypto trading operation</li>
<li>Access to deep liquidity and a broad institutional counterparty network</li>
<li>Collaborative team environment in Zug, one of Europe’s premier crypto hubs</li>
<li>Opportunity for significant career progression as the firm scales</li>
</ul><div class=""content-conclusion""><p><strong>About Us</strong></p>
<p><em>IMC is a research-driven trading firm where quantitative modeling, machine learning, and engineering shape how modern markets are traded. A stabilizing force in markets since 1989, we provide liquidity across trading venues, delivering the best outcome in value and risk management to investors. Using our own technology and capital, we build proprietary systems and algorithms that operate across global markets. Our researchers, traders, and engineers work as a collective, combining rapid experimentation, advanced infrastructure, and real-time feedback to turn insight into execution and execution into advantage.</em></p>
<p>&nbsp;</p></div>",https://job-boards.eu.greenhouse.io/imc/jobs/4805320101,2026-09-24
IMC,OTC Trader (Digital Assets),"Sydney,  Australia","<p>&nbsp;</p>
<p>We are looking for a commercially driven OTC Crypto Trader to join our team in Sydney. In this role, you will be directly responsible for growing the desk’s PnL and executing block trades across digital asset markets. You will be entrusted with large ticket sizes and expected to operate with professionalism, discretion, and a sharp commercial instinct.</p>
<p><strong>Your core responsibilities:</strong></p>
<ul>
<li>Design and implement complex low-latency and algorithmic trading strategies across various Crypto venues and products.</li>
<li>Iterate on trading strategies to optimize execution quality and PnL.</li>
<li>Monitor execution and market risk in real time during trading sessions.</li>
<li>Work closely with counterparties, acting as a point of contact for trading-related topics (e.g. monitoring chats, handling operational issues during trading hours).</li>
<li>Collaborate with Trading, Technology, Operations, and Compliance teams to ensure smooth end-to-end trade flow.</li>
<li>Quote counterparties for voice trades during APAC hours</li>
<li>Contribute to improving tooling, analytics, and automation around OTC trading workflows.</li>
</ul>
<p><strong>Your skills and experience:</strong></p>
<ul>
<li>2-5 years of experience in quantitative trading or research (crypto experience is a plus, not a must).</li>
<li>Strong Python skills and the ability to work independently on research and production-level code.</li>
<li>Solid quantitative background in Mathematics, Statistics, Physics, Computer Science, or a related field.</li>
<li>High attention to detail, good time management, and clear communication skills.</li>
<li>Comfortable working in a fast-paced, collaborative trading environment.</li>
</ul>
<p><strong>Nice to have:</strong></p>
<ul>
<li>Prior exposure to crypto markets or digital assets.</li>
<li>Experience working directly with trading counterparties.</li>
<li>Familiarity with execution, market microstructure, or trading systems.</li>
</ul>
<p>&nbsp;</p><div class=""content-conclusion""><p><strong>About Us</strong></p>
<p><em>IMC is a research-driven trading firm where quantitative modeling, machine learning, and engineering shape how modern markets are traded. A stabilizing force in markets since 1989, we provide liquidity across trading venues, delivering the best outcome in value and risk management to investors. Using our own technology and capital, we build proprietary systems and algorithms that operate across global markets. Our researchers, traders, and engineers work as a collective, combining rapid experimentation, advanced infrastructure, and real-time feedback to turn insight into execution and execution into advantage.</em></p>
<p>&nbsp;</p></div>",https://job-boards.eu.greenhouse.io/imc/jobs/4867453101,2026-09-24
IMC,Payroll Specialist,"Amsterdam, Netherlands","<p><strong>What you'll do<br></strong>We have an exciting opportunity for a Payroll Specialist to join our team in in Amsterdam. In this role, you will be part of the Finance Team and support our Tax Manager who is responsible for the payroll of our multiple entities.<br>You will ensure the highest quality along with the smooth workflow of tasks like:</p>
<ul>
<li>Execute our Dutch payroll in ADP</li>
<li>Ensure payroll set up meets company requirements and records are aligned to guidelines</li>
<li>Maintain and reconcile payroll records and verify and administer payroll data</li>
<li>Work closely with HR Operations to ensure activities, responsibilities and hand-offs between HR and Payroll are clearly defined, efficient and consistently followed</li>
<li>Review existing payroll and HR-related processes, identify gaps or inefficiencies and drive improvements</li>
<li>Document and maintain payroll processes, procedures, controls and responsibilities, ensuring these remain current as our organisation and systems evolve</li>
<li>Support the drafting, implementation and ongoing maintenance of payroll-related policies and guidelines, in close collaboration with HR, Tax and other relevant stakeholders</li>
<li>Drive process improvement and automation, actively identifying opportunities to use AI and other technologies to reduce manual work, improve controls and increase the quality and scalability of payroll operations</li>
<li>Take ownership of selected automation initiatives from identifying the opportunity through to implementation and ongoing monitoring</li>
<li>Be responsible for processing of mutations and resolving discrepancies</li>
<li>Process pension subscriptions</li>
<li>Provide payroll feedback and data when required to support ongoing HR projects</li>
<li>Partner with HR Operations on changes to employee processes that have payroll implications and help ensure these changes are translated into clear and workable processes</li>
<li>Provide information to employees, managers and external stakeholders regarding payroll matters, benefit plans and collective agreement provisions</li>
<li>Act as a knowledgeable point of contact on payroll processes and help ensure consistent application of payroll-related policies and procedures</li>
<li>Support the continuous development of the payroll control framework, including identifying risks, strengthening controls and ensuring appropriate documentation is in place</li>
</ul>
<p>And together with the payroll manager we expect that you:</p>
<ul>
<li>Work closely with HR Operations to ensure activities, responsibilities and hand-offs between HR and Payroll are clearly defined, efficient and consistently followed</li>
<li>Review existing payroll and HR-related processes, identify gaps or inefficiencies and drive improvements</li>
<li>Document and maintain payroll processes, procedures, controls and responsibilities, ensuring these remain current as our organisation and systems evolve</li>
<li>Support the drafting, implementation and ongoing maintenance of payroll-related policies and guidelines, in close collaboration with HR, Tax and other relevant stakeholders</li>
<li>Drive process improvement and automation, actively identifying opportunities to use AI and other technologies to reduce manual work, improve controls and increase the quality and scalability of payroll operations</li>
<li>Take ownership of selected automation initiatives from identifying the opportunity through to implementation and ongoing monitoring</li>
<li>Partner with HR Operations on changes to employee processes that have payroll implications and help ensure these changes are translated into clear and workable processes</li>
</ul>
<p>Our team is small but strong, and so is our company, meaning you will be given a broad range of responsibilities from day one. We expect you to pick things up quickly and demonstrate a strong team spirit. Moreover, you enjoy working with a very diverse group of smart people in a fast-paced environment.</p>
<p>This is a role for someone who enjoys not only running payroll accurately, but also improving how things work. You should be comfortable challenging existing processes, bringing structure where needed and working across Finance and HR to develop better ways of working.</p>
<p>This position will suit an individual who is detail oriented, ‘approachable’ and eager to learn. We are looking for someone who aspires to work in an international, fast growing and informal environment.</p>
<p><strong>Qualifcations<br></strong></p>
<ul>
<li>MBO level</li>
<li>PDL certification Praktijk Diploma Loonadministratie</li>
<li>&gt;2 year of relevant working experience in an international environment</li>
<li>Confident in both English (main business language) as well as Dutch</li>
<li>Comfortable working with high standards in a dynamic and flat organization</li>
<li>Approachable, organized and service minded</li>
<li>Pragmatic through a strong eye for detail</li>
</ul>
<p><strong>What makes it fun?</strong></p>
<p>You will have ample opportunities to learn and develop yourself. You will work in a cool office with fun colleagues and an informal atmosphere. IMC encourages all associates to bring their ideas to the table and not be intimidated to question an approach or idea if there’s a better way to solve a problem. We employ a broad range of people with varying backgrounds. What they have in common is their superior technical expertise, extraordinary intellect and collaborative approach.</p>
<p><strong>What we offer<br></strong>We hire from the top 10% of the global tech community and we reward accordingly. Beyond this, we provide our employees an extensive range of training and personal development opportunities, as well as the chance to work with the latest technologies.</p>
<p>We offer a vibrant office environment, a free catered breakfast and lunch and a ready supply of fresh fruit, snacks and drinks. Our office is a great place to work from, but so is your home. That’s why we moved to a flexible hybrid model that allows for both. IMCers are given tools to do their job in comfort, no matter where they work from.</p>
<p>While we work hard, we also have a lot of fun. As part of the IMC family, you’ll get to enjoy our annual company trip and numerous social events throughout the year, as well as Friday drinks at our in-house bar. There will also be regular opportunities to give back to society through our charity foundations.</p><div class=""content-conclusion""><p><strong>About Us</strong></p>
<p><em>IMC is a research-driven trading firm where quantitative modeling, machine learning, and engineering shape how modern markets are traded. A stabilizing force in markets since 1989, we provide liquidity across trading venues, delivering the best outcome in value and risk management to investors. Using our own technology and capital, we build proprietary systems and algorithms that operate across global markets. Our researchers, traders, and engineers work as a collective, combining rapid experimentation, advanced infrastructure, and real-time feedback to turn insight into execution and execution into advantage.</em></p>
<p>&nbsp;</p></div>",https://job-boards.eu.greenhouse.io/imc/jobs/4966597101,2026-09-24
IMC,Performance Engineer,"Sydney,  Australia","<p></p>
<p>As a Performance Engineer at IMC, you will play a pivotal role in analysing, optimising, and tuning our systems' interaction with exchange systems holistically. Working closely with traders and engineers, you'll be tasked with uncovering performance improvements across the trading stack. This role combines technical ingenuity with creative problem-solving to outsmart competition in one of the most demanding technical landscapes.</p>
<p>&nbsp;</p>
<p><strong>Your Core Responsibilities:&nbsp;</strong></p>
<ul>
<li><strong>Black Box Reverse Engineering and Analysis</strong>: Analyse and understand the behaviour of complex, live systems — such as exchange connectivity and market data feeds — using black-box techniques, with no source code access. Design and run statistical experiments against real data to explain emergent real-world phenomena and identify performance bottlenecks and optimisation opportunities. This is investigative work aimed at systems you can observe but not disassemble, not static binary or malware analysis.</li>
<li><strong>Experimentation &amp; Prototyping:</strong> Design, implement, and build working prototypes to test ideas and technologies quickly — not specifications for others to build from.</li>
<li><strong>Collaboration &amp; Communication:</strong> Liaise effectively with traders, software and hardware engineers, and infrastructure teams to share insights and implement solutions.</li>
<li><strong>System Analysis: </strong>Analyse terabytes of network data using statistical methods to identify patterns, validate hypotheses, and quantify performance improvements.</li>
</ul>
<p>&nbsp;</p>
<p><strong>Your Skills and Experience:&nbsp;</strong></p>
<p class=""font-claude-response-body break-words whitespace-normal"">Most of the following will apply — we don't expect every candidate to check every box:</p>
<ul class=""[li_&amp;]:mb-0 [li_&amp;]:mt-1 [li_&amp;]:gap-1 [&amp;:not(:last-child)_ul]:pb-1 [&amp;:not(:last-child)_ol]:pb-1 list-disc flex flex-col gap-1 pl-8 mb-3 print:block print:space-y-1"">
<li>Comfortable using statistics and data analysis to test hypotheses at scale, not just qualitative or manual investigation.</li>
<li>System-level optimisation or low-level network optimisation — ideally applied to live/external systems rather than static binaries.</li>
<li>Strong understanding of networking, computer internals, and Linux systems.</li>
<li>Exposure to low-latency hardware technologies such as Intel CPUs, FPGA, or microwave links is a strong plus, though not required.</li>
<li>Proven commercial experience writing and shipping production code — Python and/or C++ or Java</li>
</ul>
<p>&nbsp;</p>
<p></p><div class=""content-conclusion""><p><strong>About Us</strong></p>
<p><em>IMC is a research-driven trading firm where quantitative modeling, machine learning, and engineering shape how modern markets are traded. A stabilizing force in markets since 1989, we provide liquidity across trading venues, delivering the best outcome in value and risk management to investors. Using our own technology and capital, we build proprietary systems and algorithms that operate across global markets. Our researchers, traders, and engineers work as a collective, combining rapid experimentation, advanced infrastructure, and real-time feedback to turn insight into execution and execution into advantage.</em></p>
<p>&nbsp;</p></div>",https://job-boards.eu.greenhouse.io/imc/jobs/4871364101,2026-09-24
IMC,Performance Engineer,"Amsterdam, Netherlands","<p>Technology is at the heart of modern electronic trading. IMC is seeking highly driven individuals to apply quantitative research techniques and practical experimentation to the technology used by&nbsp;exchanges, connectivity providers, and our own systems. You will develop new strategies to outpace other market participants in the highly competitive world of ultra-low-latency trading.</p>
<p>As a Performance Engineer at IMC, you will play a pivotal role in analysing, optimising, and tuning our systems interaction with exchange systems holistically. Working closely with cross-functional teams, you’ll be tasked with uncovering performance improvements across the trading stack. This role combines technical ingenuity with creative problem-solving to outsmart competition in one of the most demanding technical landscapes.</p>
<p>Your Core Responsibilities:</p>
<ul>
<li>Black Box Reverse Engineering and Analysis: Analyse and understand the behaviour of complex systems using black-box techniques, identifying performance bottlenecks and optimisation opportunities. Designing and performing statistical experiments to explain emergent real world phenomena.</li>
<li>Quantitative research: use large datasets to understand exchange technology.</li>
<li>Experimentation &amp; Prototyping:&nbsp;Design, implement, and test innovative ideas, experiments and technologies. Develop quick internal prototypes to evaluate performance and real-world applicability.</li>
<li>Collaboration &amp; Communication:&nbsp;Liaise effectively with traders, software and hardware engineers, and infrastructure teams to share insights and implement solutions.</li>
<li>System Analysis:&nbsp;Analyse terabytes of network data to identify patterns, validate hypotheses, and optimise system performance.</li>
</ul>
<p>Your Skills and Experience:</p>
<ul>
<li>Proficient understanding of computer internals, networking and Linux (at least two out of three). Skilled in reverse engineering techniques.</li>
<li>Inquisitive mind. Think Sherlock Holmes and the case of the missing microsecond.</li>
<li>Understanding of complex, bespoke networks and networking stacks.</li>
<li>Experience with data and system analysis in Python</li>
<li>Be able to work self-sufficiently with minimal guidance after internal training</li>
<li>Capable of working autonomously while contributing to a multidisciplinary team. Always looking for ways to gain an edge.</li>
</ul><div class=""content-conclusion""><p><strong>About Us</strong></p>
<p><em>IMC is a research-driven trading firm where quantitative modeling, machine learning, and engineering shape how modern markets are traded. A stabilizing force in markets since 1989, we provide liquidity across trading venues, delivering the best outcome in value and risk management to investors. Using our own technology and capital, we build proprietary systems and algorithms that operate across global markets. Our researchers, traders, and engineers work as a collective, combining rapid experimentation, advanced infrastructure, and real-time feedback to turn insight into execution and execution into advantage.</em></p>
<p>&nbsp;</p></div>",https://job-boards.eu.greenhouse.io/imc/jobs/4547961101,2026-09-24
IMC,Power Trader (Intraday),"Aarhus, Central Denmark Region, Denmark","<p>IMC is continuing to grow its trading initiative in Aarhus, Denmark, to become a major player in the European Power and Gas markets. This expansion is built on a strong foundation of experienced external hires in Trading and internal talent in Technology. With a collaborative and entrepreneurial culture, the team offers a unique opportunity to contribute to shaping and scaling this new business.</p>
<p>The group combines deep expertise with broad trading experience and values innovation, ownership and cross-functional collaboration. As this business continues to grow, there will be increasing opportunities to take on broader responsibilities and contribute meaningfully to its success.</p>
<h2>Core Responsibilities</h2>
<ul>
<li>Monitor multiple European power markets (CWE, Eastern Europe, UK &amp; Nordics) and the relevant supply and demand factors</li>
<li>Be an active part of the trading team and participate in shift rotation (evenings and weekends) to catch market opportunities</li>
<li>Execute trades&nbsp;based on quantitative signals and/or discretionary insights&nbsp;</li>
<li>Contribute to a shared proprietary trading book</li>
<li>Ensure nominations and scheduling are carried out correctly</li>
<li>Develop into a domain expert within the relevant markets and products&nbsp;</li>
<li>Drive innovation in trading strategies&nbsp;</li>
<li>Support training of new&nbsp;joiners on the desk</li>
</ul>
<h2>Skills and Experience</h2>
<ul>
<li>Strong academic background, preferably in a quantitative field</li>
<li>2+ years of professional experience in trading intraday power in Europe, preferably at a proprietary trading desk</li>
<li>Proven track record of P&amp;L ownership&nbsp;</li>
<li>Entrepreneurial mindset with a healthy risk appetite, competitive nature, and fast decision-making capabilities</li>
<li>Strong analytical and modelling skills, preferably in Python</li>
<li>Fluency in English</li>
</ul><div class=""content-conclusion""><p><strong>About Us</strong></p>
<p><em>IMC is a research-driven trading firm where quantitative modeling, machine learning, and engineering shape how modern markets are traded. A stabilizing force in markets since 1989, we provide liquidity across trading venues, delivering the best outcome in value and risk management to investors. Using our own technology and capital, we build proprietary systems and algorithms that operate across global markets. Our researchers, traders, and engineers work as a collective, combining rapid experimentation, advanced infrastructure, and real-time feedback to turn insight into execution and execution into advantage.</em></p>
<p>&nbsp;</p></div>",https://job-boards.eu.greenhouse.io/imc/jobs/4684991101,2026-09-24
IMC,Principal Research Scientist - Machine Learning,"London, United Kingdom","<p>IMC is one of the world’s leading trading firms, combining quantitative research, technology and trading expertise to solve complex problems at scale.</p>
<p>As Machine Learning becomes increasingly important within our Systematic Equities business, we are investing in frontier research that can shape the next generation of models, infrastructure and research capabilities. With access to world-class datasets, significant compute resources and a highly collaborative environment, IMC offers a unique opportunity to see cutting-edge research translated into real-world impact.</p>
<p>We are seeking a Principal Research Scientist to help define and accelerate our long-term machine learning research agenda. Prior finance experience is not required.</p>
<h2>The Role</h2>
<p>This role is designed for an established academic researcher or research scientist who wants to remain connected to the frontier of machine learning while applying their expertise in a highly impactful environment.</p>
<p>You will work alongside quantitative researchers, engineers and research leadership to identify emerging research directions, evaluate new developments in machine learning, and help translate promising academic advances into practical applications.</p>
<p>Rather than owning individual trading strategies, you will act as a scientific leader, mentor and advisor across the research organisation. You will also represent IMC externally through participation in leading conferences and engagement with the broader machine learning community.</p>
<h2>Responsibilities</h2>
<ul>
<li>Shape the long-term machine learning research agenda within Systematic Equities.</li>
<li>Identify and translate advances from frontier ML research into practical opportunities.</li>
<li>Conduct original research and develop proof-of-concept solutions where appropriate.</li>
<li>Advise and mentor quantitative researchers on methodology, experimentation and research direction.</li>
<li>Help guide future investments in research tooling, infrastructure and compute capabilities.</li>
<li>Represent IMC within the global machine learning community through conferences such as NeurIPS, ICML and ICLR.</li>
<li>Contribute to publication efforts where appropriate and consistent with intellectual property considerations.</li>
</ul>
<h2>Skills &amp; Experience</h2>
<ul>
<li>PhD in Machine Learning, Computer Science, Statistics, Mathematics, Physics or a related quantitative discipline.</li>
<li>Outstanding academic credentials and a strong publication record in leading research venues.</li>
<li>Current or recent experience in a faculty-equivalent academic or research leadership role such as Assistant Professor, Associate Professor, Professor, Group Leader, Principal Investigator, Senior Postdoctoral Researcher, or Senior Research Scientist.</li>
<li>Deep expertise in modern machine learning and strong awareness of emerging research trends.</li>
<li>Experience influencing research direction, mentoring researchers, or leading research initiatives.</li>
<li>Strong programming skills and experience with modern machine learning frameworks.</li>
<li>Excellent communication skills and the ability to collaborate across disciplines.</li>
</ul>
<h2>What We Offer</h2>
<ul>
<li>The opportunity to influence the future of machine learning at one of the world’s leading trading firms.</li>
<li>Access to exceptional datasets, infrastructure and large-scale compute resources.</li>
<li>Continued engagement with the academic community through conferences, collaborations and publication opportunities.</li>
<li>A collaborative environment where research can move rapidly from idea to impact.</li>
<li>Competitive compensation that reflects both scientific excellence and commercial impact.</li>
</ul><div class=""content-conclusion""><p><strong>About Us</strong></p>
<p><em>IMC is a research-driven trading firm where quantitative modeling, machine learning, and engineering shape how modern markets are traded. A stabilizing force in markets since 1989, we provide liquidity across trading venues, delivering the best outcome in value and risk management to investors. Using our own technology and capital, we build proprietary systems and algorithms that operate across global markets. Our researchers, traders, and engineers work as a collective, combining rapid experimentation, advanced infrastructure, and real-time feedback to turn insight into execution and execution into advantage.</em></p>
<p>&nbsp;</p></div>",https://job-boards.eu.greenhouse.io/imc/jobs/4903862101,2026-09-24
IMC,Prosperity 2026 - Role Interest Form,"Chicago, United States","<p>We'd love to learn more about you and ensure any outreach we send is relevant to your interests and background. Please take a moment to fill out our quick role interest form by Friday, June 12.</p><div class=""content-conclusion""><p><strong>About Us</strong></p>
<p><em>IMC is a research-driven trading firm where quantitative modeling, machine learning, and engineering shape how modern markets are traded. A stabilizing force in markets since 1989, we provide liquidity across trading venues, delivering the best outcome in value and risk management to investors. Using our own technology and capital, we build proprietary systems and algorithms that operate across global markets. Our researchers, traders, and engineers work as a collective, combining rapid experimentation, advanced infrastructure, and real-time feedback to turn insight into execution and execution into advantage.</em></p>
<p>&nbsp;</p></div>",https://job-boards.eu.greenhouse.io/imc/jobs/4880741101,2026-09-24
IMC,Python Engineer - AI,"Sydney,  Australia","<p>&nbsp;</p>
<div id=""post-list"">
<div class=""post-list-holder-by-time"">
<div class=""post-list__table"">
<div id=""virtualizedPostListContent"" class=""post-list__content"">
<div class=""a11y__region"" data-a11y-sort-order=""1"" data-a11y-focus-child=""true"" data-a11y-order-reversed=""true"" data-a11y-loop-navigation=""false"">
<div class=""post-list-holder-by-time"">
<div class=""post-list__table"">
<div id=""postListContent"" class=""post-list__content"">
<div id=""postListScrollContainer"" class=""post-list__dynamic"">
<div class=""innerList"">
<div class=""item_measurer"">
<div class=""post-row__padding top"">
<div id=""post_haok5wuai38wme5hh6w3q1ayaw"" class=""a11y__section post other--root post--hovered"" data-testid=""postView"">
<div class=""post__content"" data-testid=""postContent"">
<div id=""haok5wuai38wme5hh6w3q1ayaw_message"" class=""post__body"">
<div class=""AutoHeight"">
<div class=""post-message post-message--collapsed"">
<div class=""post-message__text-container"">
<div id=""postMessageText_haok5wuai38wme5hh6w3q1ayaw"" class=""post-message__text"">
<p>Our Sydney Business Operations Engineering team creates scalable, business-critical applications and tools that automate and support teams across IMC. They gather requirements and feedback from a wide range of internal stakeholders and turn them into creative automation solutions built on modern engineering practices.</p>
<p>As the team grows the number of processes it runs and the range of stakeholders it supports, we are investing heavily in how we scale by using agentic coding to accelerate development, and building AI into the automation itself so that analysis which has always been manual can start with a machine-generated first pass. You would join a small team with real ownership and a direct line to the people who use what you build.</p>
<p>&nbsp;</p>
<p>Your core responsibilities:</p>
<ul>
<li>Develop, test, deploy, and maintain high-performance Python applications.</li>
<li>Build agentic workflows that perform first-pass analysis, so our business teams start from a considered position rather than a blank page</li>
<li>Design agents that work through a problem end to end — assembling the relevant data, identifying likely causes, and presenting something a subject-matter expert can interrogate</li>
<li>Take ownership of end-to-end development, from requirements gathering through to production deployment</li>
<li>Use agentic coding tools to move faster, while holding a high bar for what goes into production</li>
<li>Apply strong automated testing practices and frequent deployment to deliver incremental value&nbsp;</li>
<li>Balance trade-offs between latency, throughput, simplicity, scalability, and maintainability in a complex technology landscape.</li>
</ul>
<p>&nbsp;</p>
<p>Your skills and experience:</p>
<ul>
<li>3+ years of professional software engineering experience, with a strong focus on Python</li>
<li>You have shipped something real with LLMs or agentic tooling — an agent, a workflow, an internal tool — and can talk about where it worked, where it did not, and what you would do differently</li>
<li>Experience with automated testing and CI/CD pipelines Strong communication skills and the ability to work with cross-functional teams and non-technical stakeholders</li>
<li>Prior knowledge of financial markets or trading is not required, but curiosity and a willingness to learn are essential</li>
</ul>
</div>
</div>
</div>
</div>
<div class=""post__body-reactions-acks"">&nbsp;</div>
</div>
</div>
</div>
</div>
</div>
</div>
</div>
</div>
</div>
</div>
</div>
</div>
</div>
</div>
</div>
<div id=""post-create"" class=""post-create__container AdvancedTextEditor__ctr"" data-testid=""post-create""></div><div class=""content-conclusion""><p><strong>About Us</strong></p>
<p><em>IMC is a research-driven trading firm where quantitative modeling, machine learning, and engineering shape how modern markets are traded. A stabilizing force in markets since 1989, we provide liquidity across trading venues, delivering the best outcome in value and risk management to investors. Using our own technology and capital, we build proprietary systems and algorithms that operate across global markets. Our researchers, traders, and engineers work as a collective, combining rapid experimentation, advanced infrastructure, and real-time feedback to turn insight into execution and execution into advantage.</em></p>
<p>&nbsp;</p></div>",https://job-boards.eu.greenhouse.io/imc/jobs/4955625101,2026-09-24
IMC,Python Software Engineer,"Amsterdam, Netherlands","<p class=""p1"">At IMC, technology is not a department; it’s at the heart of everything we do. Developed in-house, our innovative software makes millions of trading decisions daily, and we win by making better and faster decisions than our competition. Our various Python Development teams create scalable business-critical applications, tools and automated tasks to equip IMC’s Amsterdam, London, Zug and Mumbai trading and business support teams.</p>
<p class=""p1"">&nbsp;</p>
<p class=""p1""><strong>Your Core Responsibilities</strong></p>
<p class=""p1"">IMC uses a wide variety of technologies. Python is widely used across our tech stack, notably to make it more accessible to our traders, researchers and analysts. As a Python Software Engineer at IMC Amsterdam, you will take part in the development of high-performance trading systems, analytical tools, signals generation, backtesting frameworks, trade management UIs or regulatory surveillance &amp; risk monitoring. Therefore your role will involve collaborating directly and closely with the business and other tech teams, from initially gathering requirements to short iteration cycles to refine the implementation, to integrate user feedback, to voice and implement your improvements and ideas.</p>
<p class=""p1"">All the software you’ll be building is for internal use only, there are no external clients/users and therefore no non-sense requests: the users of your work sit a few meters from you and you have control over the whole development cycle.&nbsp;Curiosity and interest into the trading and financial markets is a key success factor in this role, as you will be working directly on the business logic, in an environment where understanding the business context is primordial.</p>
<p class=""p1"">At IMC we believe in giving a lot of responsibilities quickly, you’ll be working on your goals with a high degree of independence, yet supported by a solid network of mentors, teammates and trading team highly motivated to make sure you are successful and share their passion for trading and technology.&nbsp;In this role, you might end up working on are a wide range of tasks - for example:</p>
<ul class=""ul1"">
<li class=""li1"">Adding a new <em>signal</em> a trader came up with to our framework.</li>
<li class=""li1"">Supporting a trading desk in building the data analytics and visualisation tools they need.</li>
<li class=""li1"">Troubleshooting, debugging or deep diving into performance analysis.</li>
<li class=""li1"">Teaching others how to use our tech in their own scripts.</li>
<li class=""li1"">Building and distributing internal python libraries.</li>
<li class=""li1"">Starting whole new full-stack projects from scratch.</li>
</ul>
<p class=""p1"">&nbsp;</p>
<p class=""p1""><strong>Your Skills and Experience</strong></p>
<ul class=""ul1"">
<li class=""li1"">We care about 4+ years of working experience as a Software Engineer.</li>
<li class=""li1"">Deep technical knowledge of Python, you understand its internal workings and know its strength and limitation. We use a range of Python libraries and frameworks (such as FastAPI (AsyncIO), APScheduler, Pandas, Polars, RQ, Pytest, Tensorflow, scipy, xgboost, scikit-learn, numpy, numba, celery).</li>
<li class=""li1"">Experience with DevOps, databases, big data or frontend frameworks is a plus. (Some examples of tools we frequently work with: Kubernetes, Helm, Docker, Gitlab CI, TypeScript, React, Redis, PostgreSQL, Mongo, Dremio, Apache Iceberg, HDFS, Kafka, Apache Arrow/Parquet).</li>
<li class=""li1"">A critical mindset and the ability to challenge ideas and solutions, to not take things for granted, validate assumptions and dig into the details to find and cover all corner cases. You’re not afraid to ask questions and to speak up.</li>
<li class=""li1"">Experience working with financial data is a must, ideally in the financial services industry. The nature of this role requires both affinity and experience to this type of data.</li>
</ul>
<p class=""p1"">Our tech stack includes an ever-evolving range of systems and technologies, and our engineers have the freedom to choose the best solution for the problem at hand. If a new technology has the potential to add value, we’ll actively invest in exploring, adopting and developing it.&nbsp;</p><div class=""content-conclusion""><p><strong>About Us</strong></p>
<p><em>IMC is a research-driven trading firm where quantitative modeling, machine learning, and engineering shape how modern markets are traded. A stabilizing force in markets since 1989, we provide liquidity across trading venues, delivering the best outcome in value and risk management to investors. Using our own technology and capital, we build proprietary systems and algorithms that operate across global markets. Our researchers, traders, and engineers work as a collective, combining rapid experimentation, advanced infrastructure, and real-time feedback to turn insight into execution and execution into advantage.</em></p>
<p>&nbsp;</p></div>",https://job-boards.eu.greenhouse.io/imc/jobs/4630983101,2026-09-24
IMC,Python Software Engineer - Digital Assets,"Zug, Switzerland","<p>IMC has a strong presence in traditional Finance and has been expanding into Crypto over the last years. Through its overseas affiliates, IMC provides liquidity and trades on many cryptocurrency exchanges and DeFi protocols. You can expect a dynamic, fast-paced environment that delivers a steady stream of challenges and opportunities, with one of the most exciting aspects of the job being our quick feedback loop in the research, development and deployment of strategies.</p>
<p>As a Python Software Engineer, you will work closely with our trading and engineering teams on a variety of applications, tools and automation projects. You’ll be placed in an environment consisting primarily of a large Python analysis ecosystem drawing data from various sources including our own trading systems. You’ll build analysis &amp; visualisation tools at the heart of the business logic, in close collaboration with the traders who use them. Your work involves both interpreting ideas, coming up with your own, and efficiently implementing these into tools that are reliable, scalable and performant.</p>
<p>Together with traders, researchers and engineers, you deliver challenging projects, while taking ownership for end-to-end product development – from requirements gathering to production. You’ll write reliable and scalable software while balancing time to production with quality and testability. Advanced automated testing and daily deployments will allow you to achieve agile and incremental benefits. Within a complex landscape of varying systems and technologies, you’ll be constantly challenged to consider trade-offs between throughput, simplicity, scalability and maintainability.</p>
<p>&nbsp;</p>
<p><strong>Your Core Responsibilities:&nbsp;</strong></p>
<ul>
<li>Collaborate closely with researchers, and engineers to deliver challenging projects.</li>
<li>Build, maintain, and enhance research frameworks and data pipelines that enable trading and quantitative research.</li>
<li>Curate, transform, and present data in clear, accessible formats for traders and researchers.</li>
<li>Take ownership of end-to-end product development, from requirements gathering to production deployment</li>
<li>Navigate a complex landscape of diverse systems and technologies, making informed trade-offs between throughput, simplicity, scalability, and maintainability</li>
</ul>
<p>&nbsp;</p>
<p><strong>Your Skills and Experience: </strong></p>
<ul>
<li>Master’s or Ph.D. in Mathematics, Physics, Statistics, Computer Science, Econometrics, or a related discipline.</li>
<li>2–3 years of professional Python development experience</li>
<li>solid computer science knowledge, has experience or capability to quickly adapt to additional languages such as Java, Scala, C++, Go, etc.</li>
<li>Hands-on experience with statistical analysis, numerical programming, data engineering, or machine learning in Python (Polars, Pandas, NumPy, SciPy, TensorFlow).</li>
<li>Proven ability to handle large datasets, architect and optimize data pipelines, and present data effectively.</li>
<li>Experience with orchestration and containerization tools like Kubernetes and Docker is a plus.</li>
<li>Solid grounding in calculus, probability, statistics, and optimization; familiarity with machine-learning techniques is beneficial.</li>
</ul>
<p>&nbsp;</p>
<p><strong>Location and Office Culture:</strong></p>
<ul>
<li>IMC office in Zug, Switzerland</li>
<li>Note that this is an onsite role, with some but limited flexibility for working from home</li>
<li>You can expect a dynamic, fast-paced environment that delivers a steady stream of challenges and opportunities</li>
<li>One of the most exciting aspects of the job is our quick feedback loop in the research, development and deployment of strategies</li>
<li>We give people lots of responsibility and the support they need to make an impact from day one</li>
<li>We promise you a flat structure and an open, collaborative culture that stimulates the sharing of ideas, knowledge and technology between our teams and offices</li>
</ul><div class=""content-conclusion""><p><strong>About Us</strong></p>
<p><em>IMC is a research-driven trading firm where quantitative modeling, machine learning, and engineering shape how modern markets are traded. A stabilizing force in markets since 1989, we provide liquidity across trading venues, delivering the best outcome in value and risk management to investors. Using our own technology and capital, we build proprietary systems and algorithms that operate across global markets. Our researchers, traders, and engineers work as a collective, combining rapid experimentation, advanced infrastructure, and real-time feedback to turn insight into execution and execution into advantage.</em></p>
<p>&nbsp;</p></div>",https://job-boards.eu.greenhouse.io/imc/jobs/4637535101,2026-09-24
IMC,Quant Developer CeFi - Digital Assets,"Zug, Switzerland","<p>&nbsp;</p>
<p>IMC has a strong presence in traditional Finance and has been expanding into crypto and DeFi over the last years. Through its overseas affiliates, IMC provides liquidity and trade<strong>s</strong> on many cryptocurrency exchanges and DeFi protocols.</p>
<p>IMC Zug is currently looking to expand its CeFi team, which builds the algorithms that support IMC's trading activities.&nbsp;As a member of the CeFi team, you will get the opportunity to work on many different projects and shape your role to your talents. Your work will vary from improving existing trading strategies and algorithms to working on completely new solutions from scratch. All, while closely collaborating with team members.</p>
<p><strong>Your Core Responsibilities:&nbsp;</strong></p>
<ul>
<li>Collaborate on developing our highly competitive trading algorithm and platform</li>
<li>Design and implement state-of-the-art, industry-leading trade execution and connectivity solutions</li>
<li>Research and analysis of exchange microstructure</li>
<li>Stay on top of updates to the exchange landscape</li>
</ul>
<p><strong>Your Skills and Experience:&nbsp;</strong></p>
<ul>
<li>Hard skill requirements:
<ul>
<li>Proficiency in applied mathematics, statistics, numerical modeling</li>
<li>Knowledge of cryptocurrency</li>
<li>Comfortable in a Linux R&amp;D environment, incl. git and related tools</li>
<li>Ability to research independently</li>
<li>Proficiency in English</li>
</ul>
</li>
<li>Nice to haves
<ul>
<li>Experience in blockchain analytics</li>
<li>In-depth knowledge of concrete blockchains on conceptual and/or programming level</li>
<li>Hands-on programming experience in a quantitative trading environment</li>
</ul>
</li>
</ul>
<p><strong>Location and Office Culture</strong></p>
<ul>
<li>IMC office in Zug, Switzerland</li>
<li>Note that this is an onsite role, with some but limited flexibility for working from home</li>
<li>You can expect a dynamic, fast-paced environment that delivers a steady stream of challenges and opportunities</li>
<li>One of the most exciting aspects of the job is our quick feedback loop in the research, development and deployment of strategies</li>
<li>We give people lots of responsibility and the support they need to make an impact from day one</li>
<li>We promise you a flat structure and an open, collaborative culture that stimulates the sharing of ideas, knowledge and technology between our teams and offices</li>
</ul>
<p>&nbsp;</p><div class=""content-conclusion""><p><strong>About Us</strong></p>
<p><em>IMC is a research-driven trading firm where quantitative modeling, machine learning, and engineering shape how modern markets are traded. A stabilizing force in markets since 1989, we provide liquidity across trading venues, delivering the best outcome in value and risk management to investors. Using our own technology and capital, we build proprietary systems and algorithms that operate across global markets. Our researchers, traders, and engineers work as a collective, combining rapid experimentation, advanced infrastructure, and real-time feedback to turn insight into execution and execution into advantage.</em></p>
<p>&nbsp;</p></div>",https://job-boards.eu.greenhouse.io/imc/jobs/4637268101,2026-09-24
IMC,Quant Developer DeFi - Digital Assets,"Zug, Switzerland","<p>IMC has a strong presence in traditional Finance and has been expanding into crypto and DeFi over the last years. Through its overseas affiliates, IMC provides liquidity and trade<strong>s</strong> on many cryptocurrency exchanges and DeFi protocols. IMC Zug is currently looking to expand its DeFi team, which builds the algorithms that support IMC's trading activities</p>
<p>The DeFi team is small and highly flexible. We need the flexibility to respond to the rapidly changing DeFi landscape. As a member of the DeFi team, you will get the opportunity to work on many different projects and shape your role to your talents. Your work will vary from improving existing trading strategies and algorithms to working on completely new solutions from scratch. All, while closely collaborating with team members.</p>
<p><strong>Your Core Responsibilities:&nbsp;</strong></p>
<ul>
<li>Collaborate on developing our highly competitive trading algorithm and platform</li>
<li>Design and implement state-of-the-art, industry-leading trade execution and connectivity solutions</li>
<li>Research and analysis of Defi protocols using on chain data and trading strategies</li>
<li>Stay on top of updates to Defi protocols</li>
</ul>
<p><strong>Your Skills and Experience:&nbsp;</strong></p>
<ul>
<li>Hard skill requirements:
<ul>
<li>Proficiency in applied mathematics, statistics, numerical modeling</li>
<li>Knowledge of cryptocurrency</li>
<li>Proficiency in one more blockchain-related programming languages such as golang, rust, solidity, move etc.</li>
<li>Comfortable in a Linux R&amp;D environment, incl. git and related tools</li>
<li>Ability to research independently</li>
<li>Proficiency in English</li>
</ul>
</li>
<li>Nice to haves
<ul>
<li>Experience in blockchain analytics, DeFi protocols, MEV</li>
<li>In-depth knowledge of concrete blockchains on conceptual and/or programming level</li>
<li>Hands-on programming experience in a quantitative trading environment</li>
<li>Deep understanding of the EVM, and/or the technical underpinnings of other blockchain ecosystems</li>
<li>Smart contract design and development</li>
<li>Experience with cryptography libraries, digital signature, hash algorithms</li>
</ul>
</li>
</ul>
<p><strong>Location and Office Culture</strong></p>
<ul>
<li>IMC office in Zug, Switzerland</li>
<li>Note that this is an onsite role, with some but limited flexibility for working from home</li>
<li>You can expect a dynamic, fast-paced environment that delivers a steady stream of challenges and opportunities</li>
<li>One of the most exciting aspects of the job is our quick feedback loop in the research, development and deployment of strategies</li>
<li>We give people lots of responsibility and the support they need to make an impact from day one</li>
<li>We promise you a flat structure and an open, collaborative culture that stimulates the sharing of ideas, knowledge and technology between our teams and offices</li>
</ul><div class=""content-conclusion""><p><strong>About Us</strong></p>
<p><em>IMC is a research-driven trading firm where quantitative modeling, machine learning, and engineering shape how modern markets are traded. A stabilizing force in markets since 1989, we provide liquidity across trading venues, delivering the best outcome in value and risk management to investors. Using our own technology and capital, we build proprietary systems and algorithms that operate across global markets. Our researchers, traders, and engineers work as a collective, combining rapid experimentation, advanced infrastructure, and real-time feedback to turn insight into execution and execution into advantage.</em></p>
<p>&nbsp;</p></div>",https://job-boards.eu.greenhouse.io/imc/jobs/4356914101,2026-09-24
IMC,Quantitative Developer - Derivatives ,"Chicago, United States","<p>We’re looking for a Quantitative Developer - Derivatives to join our Chicago office.</p>
<p>At IMC, the Pricing and Risk (PAR) team owns the firm’s core quantitative library for live derivatives pricing and risk. This library sits directly in the critical path of our HFT market making systems and serves as the real-time source of truth for valuation across all strategies. It is both foundational and constantly evolving, with extremely high expectations for performance and correctness.</p>
<p>The platform runs at scale across thousands of servers and is developed collaboratively across desks and regions. The team works closely with global counterparts to ensure consistency in how derivatives are modeled and priced across the firm.</p>
<p>Our primary focus is options and volatility modeling, alongside support for a broader set of asset classes including fixed income, ETFs, and FX.</p>
<p>This role sits at the intersection of quantitative modeling and high-performance engineering, similar to roles often titled Quant Developer or Strategist.</p>
<p><strong>Your Core Responsibilities:</strong></p>
<ul>
<li>Design and implement high-performance numerical algorithms for pricing and risk</li>
<li>Build and improve models that reflect real market behavior, balancing accuracy, stability, and latency</li>
<li>Own core components of the firm’s pricing library, from models to calculation graphs to central infrastructure</li>
<li>Work closely with quants and engineers to ensure models are robust, explainable, and production-ready</li>
<li>Contribute across the full lifecycle: research, implementation, validation, and performance optimization</li>
<li>Write clean, maintainable production code in C++ and Java</li>
</ul>
<p><strong>Your Skills and Experience:</strong></p>
<ul>
<li>5+ years of experience in a trading or financial environment working on pricing or risk systems</li>
<li>Strong understanding of derivatives pricing, especially options and volatility</li>
<li>Solid background in mathematics, physics, computer science, or a related quantitative field</li>
<li>Extensive C++ and/or Java skills, with experience building production systems</li>
<li>Experience working closely with quants, traders, or similarly technical stakeholders</li>
<li>Ability to translate quantitative models into reliable, scalable systems</li>
<li>Experience with PDE methods or other advanced numerical techniques is a strong plus</li>
<li>Familiarity with numerical analysis (stability, convergence, error propagation) is a plus</li>
</ul><div class=""content-pay-transparency""><div class=""pay-input""><div class=""description""><p>The Base Salary range for the role is included below. Base salary is only one component of total compensation; all full-time, permanent positions are eligible for a discretionary bonus and benefits, including paid leave and insurance.&nbsp;Please visit <a href=""https://www.imc.com/us/careers/benefits"">Benefits - US | IMC Trading</a> for more comprehensive information.</p></div><div class=""title"">Salary Range</div><div class=""pay-range""><span>$175,000</span><span class=""divider"">&mdash;</span><span>$250,000 USD</span></div></div></div><div class=""content-conclusion""><p><strong>About Us</strong></p>
<p><em>IMC is a research-driven trading firm where quantitative modeling, machine learning, and engineering shape how modern markets are traded. A stabilizing force in markets since 1989, we provide liquidity across trading venues, delivering the best outcome in value and risk management to investors. Using our own technology and capital, we build proprietary systems and algorithms that operate across global markets. Our researchers, traders, and engineers work as a collective, combining rapid experimentation, advanced infrastructure, and real-time feedback to turn insight into execution and execution into advantage.</em></p>
<p>&nbsp;</p></div>",https://job-boards.eu.greenhouse.io/imc/jobs/4656957101,2026-09-24
IMC,Quantitative Developer - Python,"Chicago, United States","<p>IMC is looking for a Quantitative Developer to own the full path from research to production. This role blends research and engineering, with tight feedback loops from ideation to live trading. You will build the systems that turn quantitative insights into measurable edge, with direct visibility into how your work creates impact.</p>
<p><strong>Your Core Responsibilities:</strong></p>
<ul>
<li>Build and maintain systems that span research and production, enabling rapid iteration from idea to production</li>
<li>Design high-fidelity simulation and backtesting infrastructure that models latency, microstructure, and real-world constraints</li>
<li>Define, compute, and curate features across instruments, regimes, and time horizons</li>
<li>Own feature and signal pipelines, ensuring clean, consistent delivery from research to execution</li>
<li>Contribute to strategy optimization,&nbsp;balancing expected performance with real-world constraints</li>
<li>Debug issues end-to-end across research and execution</li>
</ul>
<p><strong>Your Skills and Experience:</strong></p>
<ul>
<li>3-7 years of experience in quantitative software development, preferably at a trading firm or systematic fund</li>
<li>Strong production experience in Python, including data analysis workflows (pandas, polars, or similar)</li>
<li>Strong grounding in probability, statistics, and time series analysis; familiarity with backtesting and simulation frameworks</li>
<li>Solid understanding of ML concepts as applied to systematic strategies, from research through production</li>
<li>Experience with low-latency systems is valuable</li>
<li>Ability to work fluidly across research and engineering teams</li>
</ul><div class=""content-pay-transparency""><div class=""pay-input""><div class=""description""><p>The Base Salary range for the role is included below. Base salary is only one component of total compensation; all full-time, permanent positions are eligible for a discretionary bonus and benefits, including paid leave and insurance.&nbsp;Please visit <a href=""https://www.imc.com/us/careers/benefits"">Benefits - US | IMC Trading</a> for more comprehensive information.</p></div><div class=""title"">Salary Range</div><div class=""pay-range""><span>$200,000</span><span class=""divider"">&mdash;</span><span>$225,000 USD</span></div></div></div><div class=""content-conclusion""><p><strong>About Us</strong></p>
<p><em>IMC is a research-driven trading firm where quantitative modeling, machine learning, and engineering shape how modern markets are traded. A stabilizing force in markets since 1989, we provide liquidity across trading venues, delivering the best outcome in value and risk management to investors. Using our own technology and capital, we build proprietary systems and algorithms that operate across global markets. Our researchers, traders, and engineers work as a collective, combining rapid experimentation, advanced infrastructure, and real-time feedback to turn insight into execution and execution into advantage.</em></p>
<p>&nbsp;</p></div>",https://job-boards.eu.greenhouse.io/imc/jobs/4874399101,2026-09-24
IMC,Quantitative Researcher,"Mumbai, India","<p>IMC is looking for an experienced Quantitative Researcher to develop trading signals and predictive models for our Options business. If you enjoy solving complex problems, working with large datasets, and building models that drive trading performance, this role could be a great fit.</p>
<p>You will focus on researching and developing statistically robust signals and models to better understand and predict options market behaviour. Your work will directly inform trading strategies and have a measurable impact on performance. You will also help shape the research direction by exploring new approaches and improving existing methodologies.</p>
<p>IMC has strong advantages across market access, technology, and execution, and you will work in a collaborative environment alongside traders and engineers to translate research into production.</p>
<p>&nbsp;</p>
<p><strong>Your Core Responsibilities:&nbsp;</strong></p>
<ul>
<li>Develop and test alpha signals and predictive models for Indian options markets&nbsp;</li>
<li>Perform large-scale data analysis to uncover patterns and trading opportunities</li>
<li>Apply rigorous statistical methods to ensure robustness and reliability of results</li>
<li>Build a deep understanding of market behaviour, pricing dynamics, and structural inefficiencies</li>
<li>Collaborate with traders and engineers to translate research into production strategies</li>
<li>Continuously improve models and identify new areas of research</li>
</ul>
<p>&nbsp;</p>
<p><strong>Your Skills and Experience:&nbsp;</strong></p>
<ul>
<li>
<div>3+ years of experience in quantitative research in NSE/BSE, ideally within derivatives or options</div>
</li>
<li>Strong foundation in probability, statistics, and quantitative modelling</li>
<li>Proven track record of developing impactful trading signals or models</li>
<li>Experience working with large datasets and time-series data</li>
<li>Strong programming skills in at least one language (Python preferred)</li>
<li>Curious, analytical mindset with a focus on problem-solving and innovation</li>
</ul><div class=""content-conclusion""><p><strong>About Us</strong></p>
<p><em>IMC is a research-driven trading firm where quantitative modeling, machine learning, and engineering shape how modern markets are traded. A stabilizing force in markets since 1989, we provide liquidity across trading venues, delivering the best outcome in value and risk management to investors. Using our own technology and capital, we build proprietary systems and algorithms that operate across global markets. Our researchers, traders, and engineers work as a collective, combining rapid experimentation, advanced infrastructure, and real-time feedback to turn insight into execution and execution into advantage.</em></p>
<p>&nbsp;</p></div>",https://job-boards.eu.greenhouse.io/imc/jobs/4983672101,2026-09-24
IMC,Quantitative Researcher - Data Curation,"Chicago, United States","<p>We are seeking a highly analytical and detail-oriented <strong>Quantitative Researcher</strong> to join our dynamic research team. The ideal candidate will have deep experience curating and analyzing a broad range of trading-related data sources—including traditional market data, fundamental datasets, and other vendor-supplied information. This role will contribute to the development of innovative trading strategies, support data-driven decision-making, and collaborate closely with trading, technology, and data acquisition teams.</p>
<p><strong>Your Core Responsibilities:</strong></p>
<ul>
<li>Curate, cleanse, and validate large volumes of market data, focusing on US equity and equity options</li>
<li>Integrate, preprocess, and evaluate fundamental &amp; alternative data sources</li>
<li>Work closely with data acquisition &amp; global data team to assess data quality</li>
<li>Build and maintain robust data pipelines for research and live trading environments</li>
<li>Perform data analysis ad statistical modeling to identify patterns and inefficiencies in the market</li>
<li>Ensure the accuracy, completeness, and timeliness of datasets used in quantitative modeling.</li>
<li>Document research processes, data provenance, and results with high standards of clarity and reproducibility</li>
<li>Collaborate with software engineers and traders to translate research into production-grade models and tools</li>
<li>Conduct quantitative research and analysis to support and enhance trading strategies<strong>&nbsp;</strong></li>
</ul>
<p><strong>Your Skills and Experience:</strong></p>
<ul>
<li>3+ years of experience in a quantitative research or data-focused role in financial markets, ideally in a systematic trading environment</li>
<li>Proven experience working with a diverse range of trading and financial data</li>
<li>Must have previous knowledge of options markets and experience working with options data</li>
<li>Hands-on experience integrating and analyzing non-market data sources is a plus</li>
<li>Strong understanding of data vendor landscape</li>
<li>Advanced proficiency in Python</li>
<li>Experience with databases (SQL) and handling large datasets efficiently</li>
<li>Familiarity with real-time data systems and tick-level data processing</li>
<li>Familiarity with statistical and machine learning techniques</li>
<li>Exceptional attention to detail and a systematic approach to problem-solving</li>
<li>Strong written and verbal communication skills</li>
</ul>
<p><span style=""color: rgb(221, 234, 255);"">#LI-DNP</span></p><div class=""content-pay-transparency""><div class=""pay-input""><div class=""description""><p>The Base Salary range for the role is included below. Base salary is only one component of total compensation; all full-time, permanent positions are eligible for a discretionary bonus and benefits, including paid leave and insurance.&nbsp;Please visit <a href=""https://www.imc.com/us/careers/benefits"">Benefits - US | IMC Trading</a> for more comprehensive information.</p></div><div class=""title"">Salary Range</div><div class=""pay-range""><span>$250,000</span><span class=""divider"">&mdash;</span><span>$300,000 USD</span></div></div></div><div class=""content-conclusion""><p><strong>About Us</strong></p>
<p><em>IMC is a research-driven trading firm where quantitative modeling, machine learning, and engineering shape how modern markets are traded. A stabilizing force in markets since 1989, we provide liquidity across trading venues, delivering the best outcome in value and risk management to investors. Using our own technology and capital, we build proprietary systems and algorithms that operate across global markets. Our researchers, traders, and engineers work as a collective, combining rapid experimentation, advanced infrastructure, and real-time feedback to turn insight into execution and execution into advantage.</em></p>
<p>&nbsp;</p></div>",https://job-boards.eu.greenhouse.io/imc/jobs/4660792101,2026-09-24
IMC,Quantitative Researcher - Digital Assets,"Zug, Switzerland","<p>IMC has a strong presence in traditional Finance and has been expanding into Crypto over the last years. Through its overseas affiliates, IMC provides liquidity and trades on many cryptocurrency exchanges and DeFi protocols. IMC Zug is currently looking to expand its Research team, which builds the algorithms that support IMC's trading activities. You can expect a dynamic, fast-paced environment that delivers a steady stream of challenges and opportunities, with one of the most exciting aspects of the job being our quick feedback loop in the research, development and deployment of strategies.</p>
<p><strong>Your Core Responsibilities:</strong></p>
<ul>
<li>Research within a team of highly experienced Researchers in the low latency, PnL-focused trading space.</li>
<li>Work with a cutting-edge data and software stack.</li>
<li>Work with our high performance computing platform.</li>
<li>Extensive flexibility in exploring PnL-generating opportunities within your research area</li>
</ul>
<p><strong>Your Skills and Experience: </strong></p>
<ul>
<li>Experience in researching and developing fully-automated low latency crypto trading strategies. Candidates without experience in fully-automated trading strategies shall not be considered for this role.</li>
<li>Background in Statistics, Mathematics, Physics, Computer Science or a related technical field.</li>
<li>Team player.</li>
<li>Strong development skills in Python. Familiarity with C++ is a plus.</li>
<li>Outstanding analytical skills with the ability to learn quickly.</li>
</ul>
<p><strong>Location and Office Culture</strong></p>
<p>We give people lots of responsibility and the support they need to make an impact from day one and we promise you a flat structure and an open, collaborative culture that stimulates the sharing of ideas, knowledge and technology between our teams and offices.</p>
<p>Note that this is an onsite role in Zug, Switzerland, with very limited flexibility for working from home</p><div class=""content-conclusion""><p><strong>About Us</strong></p>
<p><em>IMC is a research-driven trading firm where quantitative modeling, machine learning, and engineering shape how modern markets are traded. A stabilizing force in markets since 1989, we provide liquidity across trading venues, delivering the best outcome in value and risk management to investors. Using our own technology and capital, we build proprietary systems and algorithms that operate across global markets. Our researchers, traders, and engineers work as a collective, combining rapid experimentation, advanced infrastructure, and real-time feedback to turn insight into execution and execution into advantage.</em></p>
<p>&nbsp;</p></div>",https://job-boards.eu.greenhouse.io/imc/jobs/4637523101,2026-09-24
IMC,Quantitative Researcher - Equities,"London, United Kingdom","<p>IMC is looking for experienced quantitative researchers to develop high to mid frequency delta one trading strategies and predictive models for Equities markets. If you’re excited about helping to push the boundaries of what we can do with Machine Learning in trading, unlocking the significant edges we have in execution, and collaborating to become the best trading firm worldwide, this may be the role for you.</p>
<p>We have longstanding and significant edges across market access, global reach, Options understanding and low latency. The rapid growth we’ve already seen in Machine Learning has unlocked these edges, and some of the most interesting and impactful problems are now being tackled.</p>
<p>IMC competes and wins as a team, with open idea sharing and collaboration across disciplines, desks and offices.</p>
<p><strong>Your Core Responsibilities: </strong></p>
<ul>
<li>Conduct large-scale data analysis to generate statistically robust predictions of market behavior, which guide all trading decisions and drive high-impact improvements across global offices.</li>
<li>Work as part of an established and expanding research team, collaborating closely with traders, software and hardware developers globally to enhance our models and drive measurable improvements in production performance.</li>
<li>Contribute to defining the strategic direction of research and tooling initiatives.</li>
<li>Leverage creativity and expertise to quickly produce high-quality, testable ideas.</li>
<li>Apply a disciplined and systematic approach to ensure results are robust and thoroughly validated.</li>
<li>Build a deep understanding of market dynamics and potential optimization areas, working closely with operational traders to implement improvements.</li>
</ul>
<p><strong>Your Skills and Experience: </strong></p>
<ul>
<li>Graduate &amp; Postgraduate studies from a leading University; majoring in Machine Learning, Statistics, or STEM related subjects.</li>
<li>3+ years’ experience as a Quantitative Researcher, with specific experience in the high to mid-frequency delta one space, ideally within Equities markets.</li>
<li>A proven track record of developing value-adding and orthogonal features across multiple families.</li>
<li>Practical experience extracting value from a range of sources (both public feed and alternative data).</li>
<li>Strong programming skills in at least one language (python preferred).</li>
<li>Solid understanding of statistics.</li>
<li>Significant practical experience with at least one mainstream ML approach is required, whilst familiarity with a variety of machine learning approaches and the risks of overfitting is preferred.</li>
<li>Exceptional interpersonal and communication skills, combined with a proven capacity to collaborate across disciplines and work autonomously to achieve goals.</li>
</ul><div class=""content-conclusion""><p><strong>About Us</strong></p>
<p><em>IMC is a research-driven trading firm where quantitative modeling, machine learning, and engineering shape how modern markets are traded. A stabilizing force in markets since 1989, we provide liquidity across trading venues, delivering the best outcome in value and risk management to investors. Using our own technology and capital, we build proprietary systems and algorithms that operate across global markets. Our researchers, traders, and engineers work as a collective, combining rapid experimentation, advanced infrastructure, and real-time feedback to turn insight into execution and execution into advantage.</em></p>
<p>&nbsp;</p></div>",https://job-boards.eu.greenhouse.io/imc/jobs/4588833101,2026-09-24
IMC,Quantitative Researcher – Equities,"New York, United States","<div class=""WNDG WADG WPDG"">
<p class=""WAEG wd-cbe8aba3-6135-4d54-891f-3464876b29eb"">IMC is looking for experienced quantitative researchers to develop high-frequency, low-latency equity trading strategies and predictive models.&nbsp; Candidates will join an effort of combining IMC’s extensive options expertise with signals in the underlying equity market.&nbsp; Candidates will be responsible for performing large scale data analysis to derive unique predictions of equity market behavior that will then be leveraged by IMC’s best-in-class technology to act on those predictions across both options and equities markets.&nbsp;</p>
</div>
<div id=""56$309310-input"" class=""WBEG"" data-automation-id=""decorationWrapper"">
<div class=""WFHJ WGHJ"">
<div id=""56$309310-input--uid4078-input"" class=""WJP- WMP- WDS- WES- WIN- WLP- WIAB WKP-"" data-automation-id=""richTextEditor"" data-no-h=""true"" data-metadata-id=""56$309310"" data-uxi-widget-editable=""false"" data-uxi-form-item-child-list-index=""2"">
<div class=""GWTCKEditor-Disabled"">
<p>Once on board, candidates will join a growing team that will be essential to all aspects of IMC’s trading.&nbsp; They will contribute not only to signal generation but also work w/ developers in design and implementation of a robust framework that allows for new ideas to be researched, tested, and put into production in a timely manner.&nbsp;</p>
<p><strong>Your Core Responsibilities:&nbsp;</strong></p>
<ul>
<li>Understand the current suite of models and algorithms to make any short-term improvements while building a foundation to further leverage these models</li>
<li>Find innovative ways to monetize existing algorithms through specific deep-dives and broad data analysis</li>
<li>Rapidly research, test, and prototype new algorithmic ideas, preferably with Python</li>
<li>Once validated, see through the high quality implementation of ideas to full-scale production trading</li>
</ul>
<p><strong>Your Skills and Experience:&nbsp;</strong></p>
<ul>
<li>3+ years experience as a quantitative researcher with specific experience in the equity option or equities space</li>
<li>Experience with equity signal generation and predictive modelling. [required]</li>
<li>Relevant tertiary qualifications (graduate or post graduate), with strong academic results, preference in mathematics, science, financial engineering or computer science</li>
<li>Experience working on a market making system, preferably in a more automated environment [preferred]</li>
</ul>
<p><span style=""color: rgb(221, 234, 255);"">#LI-DNP</span></p>
</div>
</div>
</div>
</div><div class=""content-pay-transparency""><div class=""pay-input""><div class=""description""><p>The Base Salary range for the role is included below. Base salary is only one component of total compensation; all full-time, permanent positions are eligible for a discretionary bonus and benefits, including paid leave and insurance.&nbsp;Please visit <a href=""https://www.imc.com/us/careers/benefits"">Benefits - US | IMC Trading</a> for more comprehensive information.</p></div><div class=""title"">Salary Range</div><div class=""pay-range""><span>$250,000</span><span class=""divider"">&mdash;</span><span>$300,000 USD</span></div></div></div><div class=""content-conclusion""><p><strong>About Us</strong></p>
<p><em>IMC is a research-driven trading firm where quantitative modeling, machine learning, and engineering shape how modern markets are traded. A stabilizing force in markets since 1989, we provide liquidity across trading venues, delivering the best outcome in value and risk management to investors. Using our own technology and capital, we build proprietary systems and algorithms that operate across global markets. Our researchers, traders, and engineers work as a collective, combining rapid experimentation, advanced infrastructure, and real-time feedback to turn insight into execution and execution into advantage.</em></p>
<p>&nbsp;</p></div>",https://job-boards.eu.greenhouse.io/imc/jobs/4382558101,2026-09-24
IMC,Quantitative Researcher - Equities/ Futures ,"Hong Kong, Hong Kong","<p>IMC is looking for experienced quant researchers to develop high frequency delta one trading strategies and predictive models for the APAC markets. If you’re excited about helping to push the boundaries of what we can do with Machine Learning in trading, unlocking the significant edges we have in execution, and collaborating to become the best trading firm worldwide, this may be the role for you.</p>
<p>You will be responsible for performing large scale data analysis to derive statistically profitable predictions of market behavior. These predictions are used to inform all of our trading, and improvements have a high and visible impact across the office. You will also help to shape the direction we take across research and tooling. We have longstanding and significant edges across market access, global reach, Options understanding and low latency. The rapid growth we’ve already seen in Machine Learning has unlocked these edges, and some of the most interesting and impactful problems are now being tackled.</p>
<p>You will work as part of an established and growing research team, collaborating closely with traders, software and hardware developers to find improvements to our models and see them impact our production results. IMC competes and wins as a team, with open idea sharing and collaboration across disciplines, desks and offices.</p>
<p><strong>Your Core Responsibilities:&nbsp;</strong></p>
<ul>
<li>Combine creativity and experience to rapidly generate high quality, testable ideas</li>
<li>Use a rigorous and structured process to ensure your results are reliable and well tested</li>
<li>Refine and leverage a strong grasp of market dynamics and microstructure, to create powerful features</li>
<li>Have a solid understanding of statistics, a variety of machine learning approaches, and the risks of overfitting</li>
</ul>
<p><strong>Your Skills and Experience:&nbsp;</strong></p>
<ul>
<li>3+ years experience as a Quantitative Researcher or Trader, with specific experience in high frequency Equities or Futures, and a proven track record</li>
<li>Graduate &amp; Postgraduate study from a top university, majoring in machine learning, statistics, or STEM subjects</li>
<li>Strong programming skills in at least one language (python preferred)</li>
<li>Significant practical experience with at least one mainstream ML approach</li>
</ul><div class=""content-conclusion""><p><strong>About Us</strong></p>
<p><em>IMC is a research-driven trading firm where quantitative modeling, machine learning, and engineering shape how modern markets are traded. A stabilizing force in markets since 1989, we provide liquidity across trading venues, delivering the best outcome in value and risk management to investors. Using our own technology and capital, we build proprietary systems and algorithms that operate across global markets. Our researchers, traders, and engineers work as a collective, combining rapid experimentation, advanced infrastructure, and real-time feedback to turn insight into execution and execution into advantage.</em></p>
<p>&nbsp;</p></div>",https://job-boards.eu.greenhouse.io/imc/jobs/4754254101,2026-09-24
IMC,Quantitative Researcher – Futures,"Chicago, United States; New York, United States","<p>IMC is looking for experienced quantitative researchers to develop systematic futures trading strategies. Candidates will join a well-resourced effort combining IMC’s extensive options trading expertise with systematic strategies in the underlying futures market. Candidates will be responsible for performing large scale data analysis, utilizing modern machine learning techniques to derive forecasts that will be combined with IMC’s best-in-class technology platform for execution in futures markets.</p>
<p>Once on board, candidates will join a growing team that will be essential to all aspects of IMC’s trading.&nbsp; They will contribute not only to signal generation but also work w/ developers in design and implementation of a robust research framework that allows for new ideas to be researched, tested, and put into production in a timely manner.&nbsp;</p>
<p><strong>Your Core Responsibilities:</strong></p>
<ul>
<li>Conduct alpha / signal / feature research targeted at intraday futures trading strategies — from hypothesis generation through rigorous data analysis.</li>
<li>Quickly prototype, backtest, and evaluate new trading ideas, using large-scale and high-frequency market data.</li>
<li>Collaborate with developers, traders, and fellow researchers to design and implement a robust research-to-production pipeline. Once validated, see ideas through to full-scale deployment.</li>
<li>Monitor and refine existing strategies, continuously evaluating performance, risk, and edge decay — and iterating to maintain or improve profitability.</li>
<li>Explore and integrate new data sources, alternative data sets, and market microstructure signals to expand the research toolbox.</li>
<li>Contribute to defining the strategic direction of research initiatives, including tooling, data infrastructure, and methodology improvements.</li>
</ul>
<p><strong>Your Skills &amp; Experience:</strong></p>
<ul>
<li>Advanced degree (MSc, PhD, or equivalent) in a quantitative or technical discipline (Mathematics, Statistics, Physics, Computer Science, Financial Engineering, or similar).</li>
<li>Several years (5+ Years) of quantitative research experience, preferably in systematic trading, futures, HFT, or related high-frequency / high-throughput environments.</li>
<li>Demonstrable track record of generating predictive signals in futures / derivatives / systematic trading.</li>
<li>Excellent programming skills (e.g., Python, C++, or other relevant languages), and comfort working with large datasets and real-time data feeds.</li>
<li>Strong statistical background, with experience in statistical modeling, time-series analysis, machine learning / ML-based approaches, and understanding of overfitting risk.</li>
<li>Deep interest in market dynamics, high-frequency trading, and understanding of microstructure, order flow, and volatility — with an ability to translate that into actionable research.</li>
<li>Strong analytical thinking, problem-solving skills, and a practical “business orientation”: able to assess strategy viability, robustness, and real-world performance.</li>
<li>Excellent communication and collaboration skills — able to work effectively across teams (developers, traders, researchers).</li>
</ul>
<p>&nbsp;</p><div class=""content-pay-transparency""><div class=""pay-input""><div class=""description""><p>The Base Salary range for the role is included below. Base salary is only one component of total compensation; all full-time, permanent positions are eligible for a discretionary bonus and benefits, including paid leave and insurance.&nbsp;Please visit <a href=""https://www.imc.com/us/careers/benefits"">Benefits - US | IMC Trading</a> for more comprehensive information.</p></div><div class=""title"">Salary Range</div><div class=""pay-range""><span>$250,000</span><span class=""divider"">&mdash;</span><span>$300,000 USD</span></div></div></div><div class=""content-conclusion""><p><strong>About Us</strong></p>
<p><em>IMC is a research-driven trading firm where quantitative modeling, machine learning, and engineering shape how modern markets are traded. A stabilizing force in markets since 1989, we provide liquidity across trading venues, delivering the best outcome in value and risk management to investors. Using our own technology and capital, we build proprietary systems and algorithms that operate across global markets. Our researchers, traders, and engineers work as a collective, combining rapid experimentation, advanced infrastructure, and real-time feedback to turn insight into execution and execution into advantage.</em></p>
<p>&nbsp;</p></div>",https://job-boards.eu.greenhouse.io/imc/jobs/4740859101,2026-09-24
IMC,Quantitative Researcher - HFT,"Hong Kong, Hong Kong; Sydney,  Australia","<p>IMC is looking for experienced quant researchers to develop high frequency delta one trading strategies and predictive models for the APAC markets. If you’re excited about helping to push the boundaries of what we can do with Machine Learning in trading, unlocking the significant edges we have in execution, and collaborating to become the best trading firm worldwide, this may be the role for you.</p>
<p>You will be responsible for performing large scale data analysis to derive statistically profitable predictions of market behaviour. These predictions are used to inform all of our trading, and improvements have a high and visible impact across the office. You will also help to shape the direction we take across research and tooling. We have longstanding and significant edges across market access, global reach, Options understanding and low latency. The rapid growth we’ve already seen in Machine Learning has unlocked these edges, and some of the most interesting and impactful problems are now being tackled.</p>
<p>You will work as part of an established and growing research team, collaborating closely with traders, software and hardware developers to find improvements to our models and see them impact our production results. IMC competes and wins as a team, with open idea sharing and collaboration across disciplines, desks and offices.</p>
<p><strong>Your Core Responsibilities:&nbsp;</strong></p>
<ul>
<li>Combine creativity and experience to rapidly generate high quality, testable alpha signals</li>
<li>Refine and leverage deep understanding of market microstructure and order book dynamics, to create powerful features</li>
<li>Apply statistical and machine learning techniques with strong discipline around robustness and overfitting</li>
<li>Collaborate closely with trading and engineering teams to translate research into production strategies</li>
</ul>
<p><strong>Your Skills and Experience:&nbsp;</strong></p>
<ul>
<li>3+ years of experience in high-frequency equities or futures alpha research, ideally with prior track record in at least one of the Asia markets</li>
<li>Strong foundation in probability and statistics, and significant practical experience with at least one mainstream ML approach</li>
<li>Experience working with large, high-frequency trading datasets</li>
<li>Excellent programming skills in at least one language (Python preferred)</li>
<li>Practical mindset with a focus on deployable, real-world edge</li>
</ul><div class=""content-conclusion""><p><strong>About Us</strong></p>
<p><em>IMC is a research-driven trading firm where quantitative modeling, machine learning, and engineering shape how modern markets are traded. A stabilizing force in markets since 1989, we provide liquidity across trading venues, delivering the best outcome in value and risk management to investors. Using our own technology and capital, we build proprietary systems and algorithms that operate across global markets. Our researchers, traders, and engineers work as a collective, combining rapid experimentation, advanced infrastructure, and real-time feedback to turn insight into execution and execution into advantage.</em></p>
<p>&nbsp;</p></div>",https://job-boards.eu.greenhouse.io/imc/jobs/4785803101,2026-09-24
IMC,Quantitative Researcher - HFT Commodity Futures,"Hong Kong, Hong Kong; Sydney,  Australia","<p>IMC is looking for experienced quant researchers to develop high frequency delta one trading strategies and predictive models for the China Commodity Futures &amp; Options market. If you’re excited about helping to push the boundaries of what we can do with Machine Learning in trading, unlocking the significant edges we have in execution, and collaborating to become the best trading firm worldwide, this may be the role for you.</p>
<p>You will be responsible for performing large scale data analysis to derive statistically profitable predictions of market behaviour. These predictions are used to inform all of our trading, and improvements have a high and visible impact across the office. You will also help to shape the direction we take across research and tooling. We have longstanding and significant edges across market access, global reach, Options understanding and low latency. The rapid growth we’ve already seen in Machine Learning has unlocked these edges, and some of the most interesting and impactful problems are now being tackled.</p>
<p>You will work as part of an established and growing research team, collaborating closely with traders, software and hardware developers to find improvements to our models and see them impact our production results. IMC competes and wins as a team, with open idea sharing and collaboration across disciplines, desks and offices.</p>
<p><strong>Your Core Responsibilities:&nbsp;</strong></p>
<ul>
<li>Combine creativity and experience to rapidly generate high quality, testable alpha signals</li>
<li>Refine and leverage deep understanding of market microstructure and order book dynamics in China &amp; global Commodity Futures, to create powerful features</li>
<li>Apply statistical and machine learning techniques with strong discipline around robustness and overfitting</li>
<li>Collaborate closely with trading and engineering teams to translate research into production strategies</li>
</ul>
<p><strong>Your Skills and Experience:&nbsp;</strong></p>
<ul>
<li>3+ years of experience in high-frequency alpha research for China Commodity Futures, with strong track record</li>
<li>Strong foundation in probability and statistics, and significant practical experience with at least one mainstream ML approach</li>
<li>Experience working with large, high-frequency trading datasets</li>
<li>Excellent programming skills in at least one language (Python preferred)</li>
<li>Practical mindset with a focus on deployable, real-world edge</li>
</ul><div class=""content-conclusion""><p><strong>About Us</strong></p>
<p><em>IMC is a research-driven trading firm where quantitative modeling, machine learning, and engineering shape how modern markets are traded. A stabilizing force in markets since 1989, we provide liquidity across trading venues, delivering the best outcome in value and risk management to investors. Using our own technology and capital, we build proprietary systems and algorithms that operate across global markets. Our researchers, traders, and engineers work as a collective, combining rapid experimentation, advanced infrastructure, and real-time feedback to turn insight into execution and execution into advantage.</em></p>
<p>&nbsp;</p></div>",https://job-boards.eu.greenhouse.io/imc/jobs/4785808101,2026-09-24
IMC,Quantitative Researcher - Options,"Chicago, United States","<p>IMC Trading is seeking a Senior Quantitative Researcher to join the options quant team. You will join the team as a senior member with the expectation of leading projects and mentoring juniors. Skills and responsibilities listed below.</p>
<p><strong>Your Core Responsibilities: </strong></p>
<ul>
<li>Collaborate with the trading and quantitative research team to evaluate existing algorithms</li>
<li>Combine knowledge of systems, mathematical techniques and trading to identify the best places to improve our trading system</li>
<li>Rapidly research, test, and prototype new algorithmic ideas, preferably with Python.</li>
<li>See through the high-quality implementation of ideas to full-scale production trading.</li>
<li>Mentor graduate quantitative researchers</li>
</ul>
<p><strong>Your Skills and Experience: </strong></p>
<ul>
<li>Ms or PhD in a highly quantitative field</li>
<li>At least 5 years in financial services or a quantitative environment</li>
<li>Experience in project or people management</li>
<li>Strong programming skills, Python, Java or C++ preferred</li>
<li>Proven success in quantitative modelling and algorithm development</li>
<li>You have experience with options pricing</li>
</ul>
<p>&nbsp;</p>
<p><span style=""color: rgb(221, 234, 255);"">#LI-DNP</span></p><div class=""content-pay-transparency""><div class=""pay-input""><div class=""description""><p>The Base Salary range for the role is included below. Base salary is only one component of total compensation; all full-time, permanent positions are eligible for a discretionary bonus and benefits, including paid leave and insurance.&nbsp;Please visit <a href=""https://www.imc.com/us/careers/benefits"">Benefits - US | IMC Trading</a> for more comprehensive information.</p></div><div class=""title"">Salary Range</div><div class=""pay-range""><span>$250,000</span><span class=""divider"">&mdash;</span><span>$300,000 USD</span></div></div></div><div class=""content-conclusion""><p><strong>About Us</strong></p>
<p><em>IMC is a research-driven trading firm where quantitative modeling, machine learning, and engineering shape how modern markets are traded. A stabilizing force in markets since 1989, we provide liquidity across trading venues, delivering the best outcome in value and risk management to investors. Using our own technology and capital, we build proprietary systems and algorithms that operate across global markets. Our researchers, traders, and engineers work as a collective, combining rapid experimentation, advanced infrastructure, and real-time feedback to turn insight into execution and execution into advantage.</em></p>
<p>&nbsp;</p></div>",https://job-boards.eu.greenhouse.io/imc/jobs/4286816101,2026-09-24
IMC,Quantitative Research Intern 2027,"Hong Kong, Hong Kong","<p>IMC is a leading global trading firm that combines technology, advanced quantitative research, and cutting-edge machine learning techniques to trade a broad range of products globally. With a strong focus on innovation, we leverage quantitative models, high-performance computing, and a deep understanding of the markets to drive our trading decisions.</p>
<p>As a Quantitative Research Intern, you’ll work at the intersection of data science, financial markets, and algorithmic trading, solving real-world challenges that drive our trading strategies. This internship program offers a unique opportunity to gain hands-on experience in quantitative research, supported by structured learning, real-world project work, and direct mentorship from senior IMC employees.</p>
<h3><strong>WHAT YOU’LL DO:</strong></h3>
<ul>
<li>Participate in an intensive training program covering trading concepts, theory, statistical modelling, and machine learning techniques.</li>
<li>Tackle a meaningful research challenge — whether it’s designing new predictive models, optimising existing strategies, or leveraging alternative data to extract actionable insights.</li>
<li>Explore large financial and market datasets, identify patterns, and develop quantitative models that contribute to our trading decisions.</li>
<li>Work closely with traders, researchers, and engineers in a fast-paced, intellectually stimulating environment.</li>
<li>Present your findings through reports and presentations, gaining exposure to both technical and non-technical audiences.</li>
</ul>
<h3><strong>WHAT YOU’LL LEARN</strong><strong>:</strong></h3>
<ul>
<li>A deep understanding of finance, trading, market structure, data, and quantitative research methodologies.</li>
<li>Hands-on experience with data science techniques and programming in Python.</li>
<li>Exposure to real-time problem-solving in a quantitative trading environment.</li>
<li>The ability to present research findings and work collaboratively with cross-disciplinary teams.</li>
</ul>
<h3><strong>YOUR SKILLS AND EXPERIENCE:&nbsp;</strong></h3>
<ul>
<li>Currently pursuing a bachelor’s, master’s, or PhD in a highly quantitative field, such as Mathematics, Statistics, Computer Science, Physics, Engineering, or a related discipline.</li>
<li class=""_13fp8yk6c dzswju0 dzswju2"">Commenced your penultimate year of study.</li>
<li>Strong analytical and problem-solving skills, with a keen interest in applying mathematical and statistical techniques to real-world challenges.</li>
<li>Proficient in programming, preferably in Python, or other relevant languages like C++, Java, MATLAB, or R.</li>
<li>Curious and driven, with a passion for learning, adapting, and innovating in a fast-paced trading environment.</li>
<li>Excellent communication skills, with the ability to distil complex concepts into clear, actionable insights.&nbsp;</li>
<li>Must be able to start the internship in May/June 2027.</li>
</ul><div class=""content-conclusion""><p><strong>About Us</strong></p>
<p><em>IMC is a research-driven trading firm where quantitative modeling, machine learning, and engineering shape how modern markets are traded. A stabilizing force in markets since 1989, we provide liquidity across trading venues, delivering the best outcome in value and risk management to investors. Using our own technology and capital, we build proprietary systems and algorithms that operate across global markets. Our researchers, traders, and engineers work as a collective, combining rapid experimentation, advanced infrastructure, and real-time feedback to turn insight into execution and execution into advantage.</em></p>
<p>&nbsp;</p></div>",https://job-boards.eu.greenhouse.io/imc/jobs/4941208101,2026-09-24
IMC,Quantitative Research Intern (BS/MS) - Summer 2027,"Chicago, United States","<p>Our 10-week internship is your chance to experience life as a Quant Researcher at IMC. You will work alongside your mentor to explore new research ideas and build custom analysis tools that may be deployed into production. Throughout the summer, there will be opportunities to enhance your knowledge of options theory, market making, algorithm complexity and trades analysis. We provide a highly competitive compensation package with accommodations included. The bar for talent at IMC is high and interns who meet our performance expectations will have the opportunity to secure a full time Graduate Quant Researcher position at the end of the program.&nbsp; Where you go from here is up to you!</p>
<p><strong>Your Core Responsibilities:</strong></p>
<ul>
<li>Team up with Quant Researchers to work on real projects that have potential to impact our business</li>
<li>Enhance your understanding of options theory through classroom-based instruction</li>
<li>Develop your research skills with support and feedback from a dedicated mentor and intern lead</li>
<li>Build valuable connections in an environment that recognizes and rewards problem solving, innovation and teamwork</li>
<li>Engage in professional development sessions aimed at helping you envision your future at IMC</li>
<li>Attend a full-schedule of events and social activities to get to know your cohort and current employees</li>
</ul>
<p><strong>Your Skills &amp; Experience:</strong></p>
<ul>
<li>Current university student graduating between September 2027 – July 2028 that is pursuing a Bachelor’s or Master’s degree in Mathematics, Engineering, Statistics, Physics, Computer Science, or another highly quantitative field</li>
<li>Superior numerical, analytical, and critical thinking skills</li>
<li>Has a passion for research and solving complex problems</li>
<li>A creative thinker who is driven, resilient, and eager to develop trading intuition</li>
<li>Experience in a programming language (Python, C, C++) is highly desired</li>
<li>Must be able to start internship in-person on June 7, 2027</li>
</ul>
<p>You may submit one application per role each year.&nbsp; We strongly encourage you to focus on applying to a single role that best matches your skills and interests.&nbsp; Though you may apply to multiple roles, please note that each application will be evaluated based on the specific criteria established for that particular role. If you have already applied for this position during the current recruitment season and were not selected, you may reapply when the next recruitment season begins in 2027.</p>
<p>The Base Salary range for the role is included below. Base salary is only one component of total compensation; all full-time, permanent positions are eligible for a discretionary bonus and benefits, including paid leave and insurance. Please visit <a href=""https://www.imc.com/us/careers/benefits"">Benefits - US | IMC Trading</a> for more comprehensive information.</p>
<p>Base Salary: $250,000</p><div class=""content-conclusion""><p><strong>About Us</strong></p>
<p><em>IMC is a research-driven trading firm where quantitative modeling, machine learning, and engineering shape how modern markets are traded. A stabilizing force in markets since 1989, we provide liquidity across trading venues, delivering the best outcome in value and risk management to investors. Using our own technology and capital, we build proprietary systems and algorithms that operate across global markets. Our researchers, traders, and engineers work as a collective, combining rapid experimentation, advanced infrastructure, and real-time feedback to turn insight into execution and execution into advantage.</em></p>
<p>&nbsp;</p></div>",https://job-boards.eu.greenhouse.io/imc/jobs/4907399101,2026-09-24
IMC,Quantitative Research Intern (PhD) - Summer 2027,"Chicago, United States","<p>Our 10-week internship is your chance to experience life as a Quant Researcher at IMC. You will work alongside your mentor to explore new research ideas and build custom analysis tools that may be deployed into production. Throughout the summer, there will be opportunities to enhance your knowledge of options theory, market making, algorithm complexity and trades analysis. We provide a highly competitive compensation package with accommodations included. The bar for talent at IMC is high and interns who meet our performance expectations will have the opportunity to secure a full time Graduate Quant Researcher position at the end of the program.&nbsp; Where you go from here is up to you!</p>
<p><strong>Your Core Responsibilities:</strong></p>
<ul>
<li>Team up with Quant Researchers to work on real projects that have potential to impact our business</li>
<li>Enhance your understanding of options theory through classroom-based instruction</li>
<li>Develop your research skills with support and feedback from a dedicated mentor and intern lead</li>
<li>Build valuable connections in an environment that recognizes and rewards problem solving, innovation and teamwork</li>
<li>Engage in professional development sessions aimed at helping you envision your future at IMC</li>
<li>Attend a full-schedule of events and social activities to get to know your cohort and current employees</li>
</ul>
<p><strong>Your Skills and Experience:</strong></p>
<ul>
<li>Current university student graduating between September 2027 – July 2028 that is pursuing a PhD degree in Mathematics, Engineering, Statistics, Physics, Computer Science, or another highly quantitative field</li>
<li>Superior numerical, analytical, and critical thinking skills</li>
<li>Has a passion for research and solving complex problems</li>
<li>A creative thinker who is driven, resilient, and eager to develop trading intuition</li>
<li>Experience in a programming language (Python, C, C++) is highly desired</li>
<li>Must be able to start internship in-person on June 7, 2027</li>
</ul>
<p>You may submit one application per role each year.&nbsp; We strongly encourage you to focus on applying to a single role that best matches your skills and interests.&nbsp; Though you may apply to multiple roles, please note that each application will be evaluated based on the specific criteria established for that particular role.If you have already applied for this position during the current recruitment season and were not selected, you may reapply when the next recruitment season begins in 2027.</p>
<p>The Base Salary range for the role is included below. Base salary is only one component of total compensation; all full-time, permanent positions are eligible for a discretionary bonus and benefits, including paid leave and insurance. Please visit <a href=""https://www.imc.com/us/careers/benefits"">Benefits - US | IMC Trading</a> for more comprehensive information.</p>
<p>Base Salary: $250,000</p><div class=""content-conclusion""><p><strong>About Us</strong></p>
<p><em>IMC is a research-driven trading firm where quantitative modeling, machine learning, and engineering shape how modern markets are traded. A stabilizing force in markets since 1989, we provide liquidity across trading venues, delivering the best outcome in value and risk management to investors. Using our own technology and capital, we build proprietary systems and algorithms that operate across global markets. Our researchers, traders, and engineers work as a collective, combining rapid experimentation, advanced infrastructure, and real-time feedback to turn insight into execution and execution into advantage.</em></p>
<p>&nbsp;</p></div>",https://job-boards.eu.greenhouse.io/imc/jobs/4907400101,2026-09-24
IMC,Quantitative Trader,"Mumbai, India","<p>IMC is looking for an experienced Quantitative Trader to run and grow our Options trading book. If you have a strong track record managing an options book, a sharp instinct for real-time decision-making, and a disciplined approach to risk, this role could be a great fit.</p>
<p>You will take ownership of trading decisions and performance of the Options book, using signals, models, and tools developed in collaboration with our research and engineering teams. You will be responsible for pricing, hedging, and managing risk in real time, operating in a fast-paced environment where trading outcomes are immediate and measurable.</p>
<p>At IMC, trading performance is highly visible and directly tied to impact. You will play a key role in driving P&amp;L and shaping how we compete in options market making.</p>
<p>You will work in a collaborative environment alongside traders, researchers, and engineers, with open idea sharing across teams, desks, and global offices.</p>
<p>&nbsp;</p>
<p><strong>Your Core Responsibilities:&nbsp;</strong></p>
<ul>
<li>Own and manage the Options trading book, with direct responsibility for P&amp;L and risk</li>
<li>Make real-time trading decisions based on market conditions, volatility, and order flow</li>
<li>Dynamically adjust pricing, hedging, and positioning to optimise performance</li>
<li>Use signals, models, and trading tools to inform execution and decision-making</li>
<li>Provide feedback to researchers and engineers to improve model performance and execution quality</li>
<li>Identify trading opportunities and respond quickly to changing market conditions</li>
<li>Mentor junior traders and contribute to the development of the desk</li>
</ul>
<p>&nbsp;</p>
<p><strong>Your Skills and Experience:&nbsp;</strong></p>
<ul>
<li>3+ years of experience managing an options book at a trading firm in NSE/BSE, market maker, or financial institution</li>
<li>Proven track record of profitability and disciplined risk management</li>
<li>Strong understanding of options theory, including Greeks, volatility, and pricing dynamics</li>
<li>Ability to make fast, high-quality decisions under pressure</li>
<li>Strong intuition for market behaviour, liquidity, and trading dynamics</li>
<li>Quantitative mindset, with the ability to effectively use and interpret models and signal</li>
</ul><div class=""content-conclusion""><p><strong>About Us</strong></p>
<p><em>IMC is a research-driven trading firm where quantitative modeling, machine learning, and engineering shape how modern markets are traded. A stabilizing force in markets since 1989, we provide liquidity across trading venues, delivering the best outcome in value and risk management to investors. Using our own technology and capital, we build proprietary systems and algorithms that operate across global markets. Our researchers, traders, and engineers work as a collective, combining rapid experimentation, advanced infrastructure, and real-time feedback to turn insight into execution and execution into advantage.</em></p>
<p>&nbsp;</p></div>",https://job-boards.eu.greenhouse.io/imc/jobs/4983696101,2026-09-24
IMC,Quantitative Trader – Equities (Live Trading),"Hong Kong, Hong Kong","<p>IMC is seeking an experienced Quantitative Trader to focus on live trading operations and performance analysis for high to mid-frequency, delta-one equity strategies in APAC markets. Based in Hong Kong, this role sits close to production trading and is responsible for maximizing PnL through real-time monitoring, execution optimization, and rapid feedback loops between trading, research, and engineering.</p>
<p>This is a hands-on trading role with strong ownership of day-to-day strategy behaviour in live markets, requiring sound judgment under pressure and deep understanding of market microstructure.</p>
<p><strong>Your Core Responsibilities:</strong></p>
<ul>
<li>Operate and oversee live high- to mid-frequency equity trading strategies across APAC markets</li>
<li>Monitor intraday performance, risk, and execution quality; identify and act on anomalies in real time</li>
<li>Analyse fills, slippage, adverse selection, and market impact to continuously improve execution outcomes</li>
<li>Work closely with quant researchers to translate research ideas into robust, production-ready trading behaviour</li>
<li>Partner with engineers to diagnose production issues, improve system stability, and enhance trading infrastructure</li>
<li>Contribute to post-trade analysis, performance attribution, and feedback into strategy iteration</li>
<li>Ensure strategies operate within defined risk limits and respond appropriately to changing market conditions</li>
</ul>
<p><strong>Your Skills and Experience:&nbsp;</strong></p>
<ul>
<li>Degree in a quantitative field (Mathematics, Physics, Computer Science, Engineering, Economics, or similar)</li>
<li>3+ years of experience in systematic equity trading, with direct exposure to live trading environments</li>
<li>Strong understanding of market microstructure, order books, and execution dynamics in APAC markets</li>
<li>Proven experience analysing execution quality, market impact, and intraday performance drivers</li>
<li>Strong programming and data analysis skills (Python/C++ strongly preferred)</li>
<li>Ability to make sound decisions under pressure and manage multiple live priorities simultaneously</li>
<li>Excellent communication skills and a collaborative, team-oriented mindset</li>
</ul><div class=""content-conclusion""><p><strong>About Us</strong></p>
<p><em>IMC is a research-driven trading firm where quantitative modeling, machine learning, and engineering shape how modern markets are traded. A stabilizing force in markets since 1989, we provide liquidity across trading venues, delivering the best outcome in value and risk management to investors. Using our own technology and capital, we build proprietary systems and algorithms that operate across global markets. Our researchers, traders, and engineers work as a collective, combining rapid experimentation, advanced infrastructure, and real-time feedback to turn insight into execution and execution into advantage.</em></p>
<p>&nbsp;</p></div>",https://job-boards.eu.greenhouse.io/imc/jobs/4787640101,2026-09-24
IMC,Quantitative Trader – Equities (Strategy Monetization),"Hong Kong, Hong Kong; Sydney,  Australia","<p>IMC is hiring a&nbsp;Quantitative Trader to focus on monetization research and back testing for high- to mid-frequency delta-one equity strategies. This role emphasizes research depth, systematic evaluation, and capital efficiency, partnering closely with quant researchers and engineers to turn signals into scalable, profitable trading strategies.</p>
<p>Based in Sydney, this role is ideal for candidates who excel at research-driven trading problems, large-scale data analysis, and rigorous performance validation. For exceptional candidates from top global trading firms, Hong Kong location may be considered.</p>
<p><strong>Core Responsibilities</strong></p>
<ul>
<li>Research and evaluate new trading signals and strategy ideas with a focus on monetization potential</li>
<li>Design and run large-scale back tests to assess PnL, risk, capacity, and robustness</li>
<li>Analyse transaction costs, market impact, and execution assumptions within back testing frameworks</li>
<li>Optimize portfolio construction, capital allocation, and risk controls across strategies</li>
<li>Work with engineers to improve back testing infrastructure, data quality, and research tooling</li>
<li>Partner with live traders to ensure research assumptions align with real-world execution behaviour</li>
<li>Drive strategies from research validation through production readiness</li>
</ul>
<p><strong>Skills &amp; Experience</strong></p>
<ul>
<li>Degree in a quantitative field (Mathematics, Physics, Computer Science, Engineering, Economics, or similar)</li>
<li>3+ years of experience in quantitative trading or monetization research, preferably in equities</li>
<li>Strong experience with back testing frameworks, large datasets, and systematic performance evaluation</li>
<li>Deep understanding of market microstructure, transaction costs, and scalability constraints</li>
<li>Strong programming skills (Python/C++ strongly preferred); ability to write clean, research-grade code</li>
<li>Rigorous, detail-oriented mindset with strong statistical intuition</li>
<li>Experience at leading systematic or proprietary trading firms is a strong plus</li>
</ul><div class=""content-conclusion""><p><strong>About Us</strong></p>
<p><em>IMC is a research-driven trading firm where quantitative modeling, machine learning, and engineering shape how modern markets are traded. A stabilizing force in markets since 1989, we provide liquidity across trading venues, delivering the best outcome in value and risk management to investors. Using our own technology and capital, we build proprietary systems and algorithms that operate across global markets. Our researchers, traders, and engineers work as a collective, combining rapid experimentation, advanced infrastructure, and real-time feedback to turn insight into execution and execution into advantage.</em></p>
<p>&nbsp;</p></div>",https://job-boards.eu.greenhouse.io/imc/jobs/4787639101,2026-09-24
IMC,Quantitative Trader Intern,"Amsterdam, Netherlands","<p>Our summer internship programme in Amsterdam is your chance to experience life as a trader at IMC. As a Trader Intern, you will delve into the proprietary trading landscape during the first week of engaging and challenging classroom-based learning. You will have the opportunity hone your skills and apply what you’ve learned with a meaningful project and weekly trading challenges. Throughout the summer, you will receive comprehensive support from dedicated internship trainers, and mentors to guide you in your work and professional development. In our collaborative office environment, you will build a valuable network of IMC traders, researchers, analysts, and engineers. You will benefit from a highly competitive compensation package, fully-furnished corporate accommodation, catered meals, and experience IMC’s collaborative culture as if you’re already a full-time employee. Where you go from here is up to you!</p>
<p><strong>YOUR CORE RESPONSIBILTIES </strong></p>
<ul>
<li>Generate new trading strategies</li>
<li>Iterate current trading strategies</li>
<li>Work on tooling, functionality, and/or visibility for specific use cases</li>
<li>Hone your trading skills by working on a relevant project, shadowing different trading desks, and participating in competitive simulated trading sessions</li>
<li>Attend workshops, presentations, trainings, and social activities alongside the full internship cohort</li>
</ul>
<p><strong>YOUR SKILLS AND EXPERIENCES </strong></p>
<ul>
<li>In your penultimate year of study in mathematics, physics, econometrics, or a related quantitative field graduating in 2028</li>
<li>Experience in a programming language is a plus (e.g. Python, Matlab, or R)</li>
<li>You thrive working in an environment where creativity, teamwork, and innovation are recognised and rewarded</li>
<li>You want to make an impact on meaningful and challenging projects</li>
<li>Outstanding analytical skills</li>
<li>Genuine interest in financial markets (no prior knowledge or experience is required)</li>
<li>Must be able to start the internship on June 28, 2027</li>
</ul>
<p>Please note:&nbsp;If you have already applied for this position during the current recruitment season and were not selected, you may reapply when the next recruitment season begins in Summer 2027. We encourage you to focus on enhancing your skillset before reapplying.</p>
<p>To be able to take part in IMC’s internship programme, you will need to obtain the required visa and/or permit to enter, stay and work in the Netherlands. Depending on your nationality and country of residence, obtaining the required entry visa may be subject to additional requirements, processing delays or other limitations. Please note that if you need a Schengen visa and are unable to obtain it before the start of the internship, you will be unable to take part in IMC’s internship programme. We greatly appreciate your understanding and hope to consider you for future opportunities.</p>
<p>If you have any questions regarding the above, please reach out via: <a href=""mailto:CampusEU@imc.com"">CampusEU@imc.com</a>.</p><div class=""content-conclusion""><p><strong>About Us</strong></p>
<p><em>IMC is a research-driven trading firm where quantitative modeling, machine learning, and engineering shape how modern markets are traded. A stabilizing force in markets since 1989, we provide liquidity across trading venues, delivering the best outcome in value and risk management to investors. Using our own technology and capital, we build proprietary systems and algorithms that operate across global markets. Our researchers, traders, and engineers work as a collective, combining rapid experimentation, advanced infrastructure, and real-time feedback to turn insight into execution and execution into advantage.</em></p>
<p>&nbsp;</p></div>",https://job-boards.eu.greenhouse.io/imc/jobs/4936262101,2026-09-24
IMC,Quantitative Trader Intern 2027,"Hong Kong, Hong Kong","<p>IMC is a fast, dynamic environment where you’re trusted to make decisions from day one. We trade a wide range of financial instruments in many different ways. This means we look for different types of traders, from the quantitative minds who enjoy the mathematical side of trading to those who want more of the fast-paced, hands-on style of trading and have a higher appetite for risk.</p>
<p>Our quantitative traders all share one thing in common — they are at their best when solving complex problems. Their insights into global events, market shifts, and pricing ensure that we always trade in the right place, at the right time.</p>
<p>Our 10-week trading internship is your chance to experience life as a trader at IMC. You’ll have all the support you need to succeed: a mixture of hands-on and classroom training and a mentor overseeing your work and professional development. Where you go from here is up to you — the majority of our interns secure a graduate position at the end of the programme.</p>
<h3><strong>WHAT YOU’LL DO:</strong></h3>
<p>From day one, you are immersed in real projects, complex problem-solving, and opportunities to learn from some of the industry’s strongest Traders and Engineers.</p>
<ul>
<li>See what it is like to be a Quantitative Trader at IMC; develop your trading skills and systematic trading strategies.</li>
<li>Work collaboratively in an environment where creativity, teamwork, and innovation are recognised and rewarded.</li>
<li>Be supported by a mentor who will oversee your progress and professional development.</li>
<li>Have the opportunity to secure a full-time role with IMC once you graduate.</li>
</ul>
<h3><strong>YOUR SKILLS AND EXPERIENCE:&nbsp;</strong></h3>
<ul>
<li>An academic background in Science, Engineering, Mathematics, Statistics, Actuarial Studies, Finance, or Economics, with a minimum Distinction average or equivalent.</li>
<li>Commenced your penultimate year of study.</li>
<li>Strong analytical skills and a desire to solve complicated problems.</li>
<li>The ability to make decisions under uncertainty and remain focused under pressure.</li>
<li>A genuine passion for financial markets (no prior knowledge or experience is required).</li>
<li>The ability to commence in May/June 2027.</li>
</ul><div class=""content-conclusion""><p><strong>About Us</strong></p>
<p><em>IMC is a research-driven trading firm where quantitative modeling, machine learning, and engineering shape how modern markets are traded. A stabilizing force in markets since 1989, we provide liquidity across trading venues, delivering the best outcome in value and risk management to investors. Using our own technology and capital, we build proprietary systems and algorithms that operate across global markets. Our researchers, traders, and engineers work as a collective, combining rapid experimentation, advanced infrastructure, and real-time feedback to turn insight into execution and execution into advantage.</em></p>
<p>&nbsp;</p></div>",https://job-boards.eu.greenhouse.io/imc/jobs/4941205101,2026-09-24
IMC,Quantitative Trader Intern - Summer 2027,"Chicago, United States","<p>Our 10-week trading internship is your chance to experience life as a trader at IMC through engaging and challenging training and project work. Throughout the summer, you will receive comprehensive support from dedicated trainers and a mentor to guide you in your work and professional development. We provide a highly competitive compensation package with accommodations included. The bar for talent at IMC is high and interns who meet our performance expectations will have the opportunity to secure a full-time Graduate Trader position at the end of the program. Where you go from here is up to you!</p>
<p><strong>Your Core Responsibilities:</strong></p>
<ul>
<li>Participate in classroom-based training covering options theory, core principles of financial markets and trading simulations</li>
<li>Team up with traders and technologists to work on real projects that have potential to impact our business</li>
<li>Develop skills throughout the summer with support and feedback from a dedicated mentor and intern lead</li>
<li>Build valuable connections in an environment that recognizes and rewards problem solving, innovation and teamwork</li>
<li>Engage in professional development sessions aimed at helping you envision your future at IMC</li>
<li>Attend a full schedule of events and social activities to get to know your cohort and current employees</li>
</ul>
<p><strong>Your Skills &amp; Experience:</strong></p>
<ul>
<li>Current university student graduating between September 2027 and July 2028 that is pursuing a degree in a quantitative field of study (e.g. Mathematics, Physics, Computer Science, or Economics)</li>
<li>Strong analytical skills</li>
<li>Desire to learn and solve complex problems</li>
<li>Thrives and is able to make decisions in a fast-paced environment</li>
<li>Not afraid to ask questions, take responsibility and learn from experience</li>
<li>A team player with a proactive mindset</li>
<li>Interest in Financial Markets; previous knowledge is NOT required</li>
<li>Experience in a programming language is a plus (e.g. Python, Matlab or R)</li>
<li>Must be able to start the internship on June 7, 2027</li>
</ul>
<p>You may submit one application per role each year.&nbsp; We strongly encourage you to focus on applying to a single role that best matches your skills and interests.&nbsp; Though you may apply to multiple roles, please note that each application will be evaluated based on the specific criteria established for that particular role. If you have already applied for this position during the current recruitment season and were not selected, you may reapply when the next recruitment season begins in 2027.</p>
<p>The Base Salary range for the role is included below. Base salary is only one component of total compensation; all full-time, permanent positions are eligible for a discretionary bonus and benefits, including paid leave and insurance. Please visit <a href=""https://www.imc.com/us/careers/benefits"">Benefits - US | IMC Trading</a> for more comprehensive information.</p>
<p>Base Salary: $250,000</p><div class=""content-conclusion""><p><strong>About Us</strong></p>
<p><em>IMC is a research-driven trading firm where quantitative modeling, machine learning, and engineering shape how modern markets are traded. A stabilizing force in markets since 1989, we provide liquidity across trading venues, delivering the best outcome in value and risk management to investors. Using our own technology and capital, we build proprietary systems and algorithms that operate across global markets. Our researchers, traders, and engineers work as a collective, combining rapid experimentation, advanced infrastructure, and real-time feedback to turn insight into execution and execution into advantage.</em></p>
<p>&nbsp;</p></div>",https://job-boards.eu.greenhouse.io/imc/jobs/4823923101,2026-09-24
IMC,Quantitative Trading Strategist - Equity Options,"Chicago, United States","<p>IMC is seeking experienced quantitative professionals to join our US Equity Options market-making business. We are a leading scaled liquidity provider in US equity options, operating a large-scale systematic trading platform spanning thousands of underlyings. Our platform integrates quantitative research, trading strategy development, and production engineering within a collaborative, non-siloed environment across trading, research, and development teams. </p>
<p>This role focuses on improving how automated trading decisions are designed, evaluated, and deployed in live markets. You will work at the intersection of quantitative research, execution, and risk management to enhance pricing quality, execution performance, and overall system robustness. Improvements influence the broader platform rather than a single seat, providing meaningful ownership and impact from day one. Compensation is competitive and aligned with individual contribution.</p>
<p><strong>Your Core Responsibilities:&nbsp;</strong></p>
<ul>
<li>Develop and refine quantitative models that improve pricing, execution, and risk management.</li>
<li>Analyze large-scale market and trading datasets to identify structural improvements.</li>
<li>Design, test, and deploy strategy enhancements into production systems.</li>
<li>Collaborate closely with traders, researchers, and engineers to iterate on live trading logic.</li>
<li>Contribute to scalable solutions that impact a broad universe of equity options products.</li>
<li>Drive research from idea generation through backtesting, implementation, and real-time monitoring.</li>
</ul>
<p><strong>Your Skills and Experience:&nbsp;</strong></p>
<ul>
<li>3+ years of experience in quantitative research, systematic trading, or market microstructure-focused roles.</li>
<li>Experience working with exchange-traded products, ideally equity options.</li>
<li>Strong understanding of market structure and trading system behavior.</li>
<li>Demonstrated ability to conduct rigorous analysis on large, real-world datasets.</li>
<li>Strong programming skills (Python required; C++ or similar preferred).</li>
<li>Experience integrating research into production trading systems.</li>
<li>Background in statistics, probability, time series analysis, or optimization is strongly preferred.</li>
</ul>
<div class=""description"">
<div class=""body"">
<p>The Base Salary for the role is included below. Base salary is only one component of total compensation; all full-time, permanent positions are eligible for a discretionary bonus and benefits, including paid leave and insurance. Please visit&nbsp;<a href=""https://www.imc.com/us/careers/benefits"">Benefits - US | IMC Trading</a>&nbsp;for more comprehensive information.</p>
</div>
</div>
<p class=""body body--medium""><strong>Salary </strong></p>
<p class=""body body--medium"">$250,000</p><div class=""content-conclusion""><p><strong>About Us</strong></p>
<p><em>IMC is a research-driven trading firm where quantitative modeling, machine learning, and engineering shape how modern markets are traded. A stabilizing force in markets since 1989, we provide liquidity across trading venues, delivering the best outcome in value and risk management to investors. Using our own technology and capital, we build proprietary systems and algorithms that operate across global markets. Our researchers, traders, and engineers work as a collective, combining rapid experimentation, advanced infrastructure, and real-time feedback to turn insight into execution and execution into advantage.</em></p>
<p>&nbsp;</p></div>",https://job-boards.eu.greenhouse.io/imc/jobs/4792587101,2026-09-24
IMC,Quant Performance Engineer,"Chicago, United States","<p>Technology is at the heart of modern electronic trading. IMC is seeking highly driven graduates to apply quantitative techniques and practical experimentation to the technology used by exchanges, connectivity providers, and our own systems. You will develop new strategies to outpace other market participants in the highly competitive world of ultra-low-latency trading.</p>
<p><strong>Your Core Responsibilities:&nbsp;</strong></p>
<ul>
<li>Perform quantitative research with large datasets to understand exchange technology.</li>
<li>Design novel strategies to optimize IMC’s liquidity taking and quoting strategies for exchange microstructure.</li>
<li>Develop ETL pipelines and algorithms in Python to optimize IMC’s ultra-low-latency trading strategies</li>
<li>Explore novel uses of frontier LLMs to accelerate data and research tasks</li>
<li>Reverse-engineer and stress-test network and systems programming technologies in order to understand them better than the manufacturers.</li>
<li>Collaborate closely with Traders and with the Hardware and Software Engineers who will implement your ideas.</li>
</ul>
<p><strong>Your Skills and Experience:&nbsp;</strong></p>
<ul>
<li>Current university student graduating between September 2026 – July 2027 that is pursuing a degree in Computer Science, Engineering, or a related technology field.</li>
<li>Proficiency in at least one programming language is required.</li>
<li>Exceptional quantitative ability and analytical skills.</li>
<li>Highly motivated to compete—and win—in one of the world’s most competitive markets.</li>
<li>Experience with statistical modeling, machine learning, or network technology is a plus.</li>
<li>Strong communication and collaboration skills, with a desire to work cross-functionally across trading and engineering teams.</li>
<li>Interest in the Financial Markets; previous knowledge is NOT required</li>
<li>Must be available for full-time employment starting in February or August 2027</li>
</ul>
<p>You may submit one application per role each year.&nbsp; We strongly encourage you to focus on applying to a single role that best matches your skills and interests.&nbsp; Though you may apply to multiple roles, please note that each application will be evaluated based on the specific criteria established for that particular role. If you have already applied for this position during the current recruitment season and were not selected, you may reapply when the next recruitment season begins in summer 2027.</p>
<p>The Base Salary range for the role is included below. Base salary is only one component of total compensation; all full-time, permanent positions are eligible for a discretionary bonus and benefits, including paid leave and insurance. Please visit&nbsp;<a href=""https://www.imc.com/us/careers/benefits"">Benefits - US | IMC Trading</a>&nbsp;for more comprehensive information.</p>
<p>Base Salary: $200,000</p>
<p class=""xelementtoproof""><span style=""font-size: 8pt;""><span style=""color: rgb(221, 234, 255);"">#LI-DNP</span></span></p>
<p>&nbsp;</p><div class=""content-conclusion""><p><strong>About Us</strong></p>
<p><em>IMC is a research-driven trading firm where quantitative modeling, machine learning, and engineering shape how modern markets are traded. A stabilizing force in markets since 1989, we provide liquidity across trading venues, delivering the best outcome in value and risk management to investors. Using our own technology and capital, we build proprietary systems and algorithms that operate across global markets. Our researchers, traders, and engineers work as a collective, combining rapid experimentation, advanced infrastructure, and real-time feedback to turn insight into execution and execution into advantage.</em></p>
<p>&nbsp;</p></div>",https://job-boards.eu.greenhouse.io/imc/jobs/4823836101,2026-09-24
IMC,Quant Performance Engineer Intern - Summer 2027,"Chicago, United States","<p>Technology is at the heart of modern electronic trading. IMC is seeking highly driven interns to apply quantitative techniques and practical experimentation to the technology used by exchanges, connectivity providers, and our own systems.</p>
<p><strong>Your Core Responsibilities:&nbsp;</strong></p>
<ul>
<li>Perform quantitative research with large datasets to understand exchange technology.</li>
<li>Design novel strategies to optimize IMC’s liquidity taking and quoting strategies for exchange microstructure.</li>
<li>Develop ETL pipelines and algorithms in Python to optimize IMC’s ultra-low-latency trading strategies</li>
<li>Explore novel uses of frontier LLMs to accelerate data and research tasks</li>
<li>Reverse-engineer and stress-test network and systems programming technologies in order to understand them better than the manufacturers.</li>
<li>Collaborate closely with Traders and with the Hardware and Software Engineers who will implement your ideas.</li>
</ul>
<p><strong>Your Skills and Experience:&nbsp;</strong></p>
<ul>
<li>Current university student graduating between September 2027 - July 2028 that is pursuing a degree in Computer Science, Engineering, or a related technology field.</li>
<li>Proficiency in at least one programming language is required.</li>
<li>Exceptional quantitative ability and analytical skills.</li>
<li>Highly motivated to compete—and win—in one of the world’s most competitive markets.</li>
<li>Experience with statistical modeling, machine learning, or network technology is a plus.</li>
<li>Strong communication and collaboration skills, with a desire to work cross-functionally across trading and engineering teams.</li>
<li>Interest in the Financial Markets; previous knowledge is NOT required</li>
<li>Must be able to start internship on June 7, 2027</li>
</ul>
<p>You may submit one application per role each year.&nbsp; We strongly encourage you to focus on applying to a single role that best matches your skills and interests.&nbsp; Though you may apply to multiple roles, please note that each application will be evaluated based on the specific criteria established for that particular role. If you have already applied for this position during the current recruitment season and were not selected, you may reapply when the next recruitment season begins in 2027.</p>
<p>The Base Salary range for the role is included below. Base salary is only one component of total compensation; all full-time, permanent positions are eligible for a discretionary bonus and benefits, including paid leave and insurance. Please visit&nbsp;<a href=""https://www.imc.com/us/careers/benefits"">Benefits - US | IMC Trading</a>&nbsp;for more comprehensive information.</p>
<p>Base Salary: $200,000</p>
<p><span style=""font-size: 8pt;""><span style=""color: rgb(221, 234, 255);"">#LI-DNP</span></span></p><div class=""content-conclusion""><p><strong>About Us</strong></p>
<p><em>IMC is a research-driven trading firm where quantitative modeling, machine learning, and engineering shape how modern markets are traded. A stabilizing force in markets since 1989, we provide liquidity across trading venues, delivering the best outcome in value and risk management to investors. Using our own technology and capital, we build proprietary systems and algorithms that operate across global markets. Our researchers, traders, and engineers work as a collective, combining rapid experimentation, advanced infrastructure, and real-time feedback to turn insight into execution and execution into advantage.</em></p>
<p>&nbsp;</p></div>",https://job-boards.eu.greenhouse.io/imc/jobs/4842595101,2026-09-24
IMC,Recruitment Coordinator,"Sydney,  Australia","<p>The Recruitment Coordinator is an integral member of the APAC Experienced Recruitment Team, and the core driver of the candidate experience. As a recruitment coordinator, you will be responsible for ensuring an excellent end-to-end candidate experience while being hands on in the day-to-day operations of all interview coordination. You will need to handle a varied workload, effectively prioritize and deliver with polish. This role is integral to the overall success of the team.</p>
<p>&nbsp;</p>
<h3><strong>Your core responsibilities:</strong></h3>
<ul>
<li>Place the candidate experience journey at the forefront of all decision making</li>
<li>Handle heavy interview scheduling in a fast-paced environment across multiple time zones</li>
<li>Explore and leverage AI tools to enhance coordination workflows, improve efficiency, and elevate the candidate experience</li>
<li>Schedule and coordinate phone screens, assessments, onsite interviews, technical interviews, and debrief meetings with recruiters, managers and interview teams</li>
<li>Provide high touch care and act as primary contact for candidates throughout their entire experience; own the candidate experience end-to-end, from first contact to offer</li>
<li>Identify workflow inefficiencies and collaborate cross-functionally to improve processes that deliver high-quality results</li>
<li>Process and own offer letter stage and documentation</li>
<li>Understand key stakeholders’ objectives, have insight to the business and have confidence holding senior level conversations</li>
<li>Collaborate with the team to identify, test, and champion AI-driven process improvements within the recruitment function</li>
<li>Other duties to support the success of the talent acquisition team as needed</li>
</ul>
<p>&nbsp;</p>
<h3><strong>Your Skills and Experience:</strong></h3>
<ul>
<li>Experience managing complex scheduling, coordination, logistics, or administrative workflows in a fast-paced environment</li>
<li>Ability to stay highly organised, prioritise effectively, and manage multiple moving pieces simultaneously</li>
<li>Strong attention to detail and a high standard of delivery and follow-through</li>
<li>Excellent communication skills with the confidence to interact professionally with candidates, senior stakeholders, and interviewers</li>
<li>A proactive, solutions-focused mindset with the ability to anticipate problems and keep things moving</li>
<li>Comfort working with confidential or sensitive information with discretion and professionalism</li>
<li>Genuine interest in creating an exceptional candidate or stakeholder experience</li>
<li>Curiosity and openness toward AI tools, automation, and finding smarter ways of working</li>
<li>Adaptability, learning agility, and comfort navigating ambiguity in a dynamic environment</li>
<li>Experience in recruitment coordination, executive assistance, operations, team administration, customer-facing coordination, or similar highly organised support roles is valued but not essential</li>
<li>Experience using scheduling, ATS, CRM, or workflow tools (Greenhouse experience is a plus, but not required)</li>
</ul><div class=""content-conclusion""><p><strong>About Us</strong></p>
<p><em>IMC is a research-driven trading firm where quantitative modeling, machine learning, and engineering shape how modern markets are traded. A stabilizing force in markets since 1989, we provide liquidity across trading venues, delivering the best outcome in value and risk management to investors. Using our own technology and capital, we build proprietary systems and algorithms that operate across global markets. Our researchers, traders, and engineers work as a collective, combining rapid experimentation, advanced infrastructure, and real-time feedback to turn insight into execution and execution into advantage.</em></p>
<p>&nbsp;</p></div>",https://job-boards.eu.greenhouse.io/imc/jobs/4865384101,2026-09-24
IMC,Representative Director,"Sydney,  Australia","<p></p>
<p class=""isSelectedEnd"">IMC is seeking a Representative Director to hold statutory office for its Korean entity and to lead the operation of the business in Seoul.</p>
<p class=""isSelectedEnd"">The role carries the statutory duties of a Representative Director under the Commercial Act, together with the regulatory obligations attaching to the firm’s licence and to its allocation under the Responsibilities Map regime. It also carries day-to-day accountability for how the Seoul business is run: its controls, its governance, its regulatory relationships and its operational standards.</p>
<p class=""isSelectedEnd"">IMC Korea appoints two joint Representative Directors. The second appointee is the firm’s Head of Asia Pacific, based in Sydney. Joint appointment means execution requires both signatures. The structure is deliberate and will remain in place. The successful candidate will hold substantial authority and will exercise it alongside a counterpart rather than independently.</p>
<p>This is not a trading role and it does not carry trading profit and loss responsibility.</p>
<p></p>
<p><strong>Your Core Responsibilities:&nbsp;</strong></p>
<p><strong></strong></p>
<ul>
<li class=""isSelectedEnd""><strong>Statutory office.</strong> Discharge the duties of a Representative Director under the Commercial Act, including duties owed to the company, and the reporting and filing obligations arising from the appointment. Serve on and chair the board of IMC Korea Securities Co., Ltd.</li>
<li class=""isSelectedEnd""><strong>Regulatory accountability.</strong> Assume the responsibilities allocated to the Representative Director under the Responsibilities Map following a defined handover period, and maintain the standards of governance and control those responsibilities require.</li>
<li class=""isSelectedEnd""><strong>Regulatory relationships.</strong> Lead the firm’s engagement with the Financial Services Commission, the Financial Supervisory Service and the Korea Exchange. Manage inspections, reviews and supervisory correspondence, and ensure the firm identifies and raises matters before they become issues.</li>
<li class=""isSelectedEnd""><strong>Business oversight.</strong> Oversee the operation of the Seoul business and the effectiveness of local control functions across compliance, risk, legal, finance, HR and technology. These functions are organised globally and regionally. The Representative Director is accountable for ensuring the frameworks they provide operate effectively in Korea and meet Korean regulatory requirements.</li>
<li class=""isSelectedEnd""><strong>Governance.</strong> Manage board and shareholder matters, corporate policies, licence conditions and local statutory obligations for the entity.</li>
<li class=""isSelectedEnd""><strong>Escalation.</strong> Act as the senior point of decision in Seoul for operational, regulatory and reputational matters, and ensure timely escalation to regional and global leadership.</li>
<li class=""isSelectedEnd""><strong>People Leadership.</strong> Lead the Seoul team and manage local staff matters, including performance, development and employment obligations arising under Korean law.</li>
</ul>
<p><strong></strong></p>
<p><strong>Your Skills and Experience:&nbsp;</strong></p>
<p><strong></strong></p>
<ul>
<li class=""isSelectedEnd""><strong>Regulatory standing.</strong> Experience as a Representative Director, registered executive or equivalent licensed officer at a financial institution in Korea, or as an adviser to institutions holding those appointments. Candidates must satisfy the eligibility requirements applicable to the appointment.</li>
<li class=""isSelectedEnd""><strong>Professional background.</strong> A legal or regulatory background is well suited to this role. Relevant experience includes general counsel, head of compliance, chief operating officer or equivalent senior positions at a securities firm, or at a foreign financial institution operating in Korea.</li>
<li class=""isSelectedEnd""><strong>Market knowledge.</strong> A sound understanding of financial markets and of market making in particular, including its function on an exchange and the operational and regulatory risks it carries. Direct trading experience is not required.</li>
<li class=""isSelectedEnd""><strong>International experience.</strong> Demonstrated capability operating within an international firm and across a global matrix. Senior colleagues in trading, technology and the control functions are based in Amsterdam, Chicago, Sydney and Hong Kong. The role requires the credibility and initiative to work with them directly.</li>
<li class=""isSelectedEnd""><strong>Language.</strong> Full professional fluency in Korean and English, written and spoken. The role requires precise communication with Korean regulators and with a global firm headquartered in the Netherlands.</li>
<li class=""isSelectedEnd""><strong>Judgement and accountability.</strong> Comfort holding personal statutory liability, and the judgement to exercise authority soundly under a joint signing structure.</li>
</ul>
<p><strong></strong></p>
<p>&nbsp;</p><div class=""content-conclusion""><p><strong>About Us</strong></p>
<p><em>IMC is a research-driven trading firm where quantitative modeling, machine learning, and engineering shape how modern markets are traded. A stabilizing force in markets since 1989, we provide liquidity across trading venues, delivering the best outcome in value and risk management to investors. Using our own technology and capital, we build proprietary systems and algorithms that operate across global markets. Our researchers, traders, and engineers work as a collective, combining rapid experimentation, advanced infrastructure, and real-time feedback to turn insight into execution and execution into advantage.</em></p>
<p>&nbsp;</p></div>",https://job-boards.eu.greenhouse.io/imc/jobs/4961681101,2026-09-24
IMC,Research Analyst (Indian Equities),"Mumbai, India","<p>IMC is a leading global market maker, using algorithmic trading and advanced technology to buy and sell securities on multiple trading venues worldwide. We provide liquidity to the financial markets, driving efficiencies for buyers and sellers.&nbsp;Founded in 1989, we are an ambitious, innovative company and identified early on the importance technology would play in the fast-paced evolution of trading. This entrepreneurial spirit still drives us today and can be found in all of our offices around the world.</p>
<p><strong>Your Core Responsibilities:&nbsp;</strong></p>
<ul>
<li>Monitor Indian corporate/macro news, sentiment, material catalysts and translate into tradable actions</li>
<li>Provide daily reports and commentary on themes relevant to our trading strategies</li>
<li>Maintain constant expertise of Indian market structure, companies, economy and politics</li>
<li>Collaborate with traders on strategies across market-making and position taking</li>
<li>Assess impact of various corporate actions and upcoming events on pricing</li>
<li>Communicate with other IMC Analysts across EU, US, Asia on trading research and strategies</li>
</ul>
<p><strong>Your Skills and Experience:&nbsp;</strong></p>
<ul>
<li>Bachelor’s or higher degree in Economics/Finance/Business OR STEM from a Top University. CFA would be a plus</li>
<li>2 - 5 years of experience in Indian equities. Team handling experience is preferred</li>
<li>Experience with Excel and Bloomberg is necessary</li>
<li>Strong written, analytical, and financial research skills supported by natural curiosity</li>
<li>Indian Macro/ Indian X-Asset exposure a plus</li>
<li>Ability to multitask and perform under pressure in a fast paced, dynamic environment</li>
<li>Skills to contribute and communicate in a team environment are essential</li>
<li>Exposure to Python and Options knowledge including understanding of the Greeks is a plus</li>
</ul>
<p>&nbsp;</p><div class=""content-conclusion""><p><strong>About Us</strong></p>
<p><em>IMC is a research-driven trading firm where quantitative modeling, machine learning, and engineering shape how modern markets are traded. A stabilizing force in markets since 1989, we provide liquidity across trading venues, delivering the best outcome in value and risk management to investors. Using our own technology and capital, we build proprietary systems and algorithms that operate across global markets. Our researchers, traders, and engineers work as a collective, combining rapid experimentation, advanced infrastructure, and real-time feedback to turn insight into execution and execution into advantage.</em></p>
<p>&nbsp;</p></div>",https://job-boards.eu.greenhouse.io/imc/jobs/4872624101,2026-09-24
IMC,Senior Campus Recruiter - Technology,"Sydney,  Australia","<p>&nbsp;</p>
<p data-renderer-start-pos=""39"" data-local-id=""19abd0cf3483"">We're looking for a Tech-focused Campus Recruiter to help define <span data-highlighted=""true"" data-vc=""highlighted-text""><span data-testid=""definition-highlighter"">IMC</span></span>'s technology graduate and intern recruitment strategy across Australia and New Zealand. In this role you'll build deep fluency in software engineering, machine learning and AI, partnering with technology leadership to stay ahead of the skills we'll be hiring for next - and playing a critical part in sustaining our competitive edge in a fast-moving trading industry.</p>
<p data-renderer-start-pos=""477"" data-local-id=""b5ee4e720d85"">Because you'll have dedicated events and marketing support, we're open to candidates from either a campus or experienced-hire background. What matters more is your ability to build credibility with technology leadership and run a sharply targeted search. Unlike most traditional Campus roles, you will be focusing on areas like transforming our interview process end to end, or creating a faculty engagement strategy to hire the top 1% of talent.</p>
<p data-renderer-start-pos=""926"" data-local-id=""07eb7cbef2fd"">&nbsp;</p>
<p data-renderer-start-pos=""926"" data-local-id=""07eb7cbef2fd"">Your Core Responsibilities:</p>
<ul data-local-id=""835c7c15-229b-4980-b858-289e95703a7f"" data-indent-level=""1"">
<li>
<p data-renderer-start-pos=""957"" data-local-id=""b6397dffc644"">Partner with our Campus Events Lead and Marketing team to build <span data-highlighted=""true"" data-vc=""highlighted-text"">IMC</span>'s technology campus recruitment strategy across Australia and New Zealand, alongside our existing campus approach for Traders and Quant Researchers.</p>
</li>
<li>
<p data-renderer-start-pos=""1177"" data-local-id=""80834712bcae"">Build trusted relationships with technology leadership internally, acting as their partner on graduate hiring and workforce planning, and helping the business anticipate the skills and profiles we'll need as it grows.</p>
</li>
<li>
<p data-renderer-start-pos=""1398"" data-local-id=""c91fdea13b0b"">Own end-to-end recruitment for technology graduate and intern positions - from initial engagement through assessment to offer - ensuring a swift process and outstanding candidate experience.</p>
</li>
<li>
<p data-renderer-start-pos=""1592"" data-local-id=""96f48fc29709"">Develop deep relationships across engineering and computer science faculties and student societies at target universities to build our reputation and showcase our culture.</p>
</li>
<li>
<p data-renderer-start-pos=""1767"" data-local-id=""c96c0fbeeede"">Use data to sharpen how we target, assess and convert talent, and test new channels to reach students we're not yet reaching.</p>
</li>
<li>
<p data-renderer-start-pos=""1896"" data-local-id=""bf4160ca6ded"">Collaborate globally and partner closely with the recruitment teams in Amsterdam and Chicago to share ideas and best practice.</p>
</li>
</ul>
<p data-renderer-start-pos=""2026"" data-local-id=""76de5d738bbf"">&nbsp;</p>
<p data-renderer-start-pos=""2026"" data-local-id=""76de5d738bbf"">Your Skills and Experience:</p>
<ul data-local-id=""d769ea5ab50b"" data-indent-level=""1"">
<li>
<p data-renderer-start-pos=""2057"" data-local-id=""bb2cb63ffddd"">5+ years of recruiting experience in a fast-paced and dynamic industry (technology, financial services, start-up, etc.)</p>
</li>
<li>
<p data-renderer-start-pos=""2180"" data-local-id=""8fcbc20eab41"">Has built at scale: a track record that could demonstrate entering a new market, rebuilding an interview process, a system implementation or creating a strategy from scratch.</p>
</li>
<li>
<p data-renderer-start-pos=""2358"" data-local-id=""274c7e13e508"">Experience recruiting for technology roles, with the appetite to build deeper expertise in software engineering, machine learning and AI.</p>
</li>
<li>
<p data-renderer-start-pos=""2499"" data-local-id=""749f3f415df1"">Experience working with organisations known for their forward-thinking talent practices and a high bar for talent.</p>
</li>
<li>
<p data-renderer-start-pos=""2617"" data-local-id=""87513d64ad07"">Collaboration: able to build strong working relationships and influence wider teams to deliver against multiple stakeholder requirements</p>
</li>
<li>
<p data-renderer-start-pos=""2757"" data-local-id=""a9a5d6b9bd24"">Strong self-motivation and the ability to set (and reset) priorities as they shift.</p>
</li>
<li>
<p data-renderer-start-pos=""2844"" data-local-id=""4f947fc12719"">Willingness to travel, and the resilience to handle an intense peak season.</p>
</li>
</ul>
<p>&nbsp;</p><div class=""content-conclusion""><p><strong>About Us</strong></p>
<p><em>IMC is a research-driven trading firm where quantitative modeling, machine learning, and engineering shape how modern markets are traded. A stabilizing force in markets since 1989, we provide liquidity across trading venues, delivering the best outcome in value and risk management to investors. Using our own technology and capital, we build proprietary systems and algorithms that operate across global markets. Our researchers, traders, and engineers work as a collective, combining rapid experimentation, advanced infrastructure, and real-time feedback to turn insight into execution and execution into advantage.</em></p>
<p>&nbsp;</p></div>",https://job-boards.eu.greenhouse.io/imc/jobs/4972555101,2026-09-24
IMC,Senior Compliance Officer – Surveillance,"Hong Kong, Hong Kong; Sydney,  Australia","<p>IMC's APAC Compliance team works closely with our Trading and Technology teams to manage the regulatory risks arising from trading activity across multiple jurisdictions. As IMC expands its systematic equities business in APAC, this role will help build the surveillance coverage, controls and technical analysis needed to support that growth.</p>
<p>As Senior Compliance Officer - Surveillance, you will be a senior individual contributor with broad ownership of APAC trade surveillance. You will remain hands-on across surveillance strategy, alert design, data analysis and investigations, covering equities, derivatives and commodities across multiple markets. Working closely with Trading, Technology, Compliance and Legal, you will develop controls that are practical, technically robust and defensible under regulatory scrutiny.</p>
<p><strong>Your Core Responsibilities:</strong></p>
<p>Your responsibilities will include, but not be limited to:</p>
<ul>
<li>Developing the APAC trade surveillance roadmap, with an initial focus on supporting the systematic equities expansion across new markets, products and trading strategies</li>
<li>Identifying market-abuse risks and translating new regulations, exchange updates and changes in trading activity into effective surveillance controls</li>
<li>Applying a structured investigation framework to alerts, including documenting the analysis, evidence and rationale for closure or escalation so decisions can be clearly defended</li>
<li>Designing surveillance alerts from first principles, including the scenario logic, data inputs, calculations, thresholds, exclusions, testing approach and expected outputs</li>
<li>Writing clear functional specifications and working with software developers to implement, validate and enhance alerts, data feeds and internal surveillance tooling</li>
<li>Using Python, SQL or equivalent tools to interrogate order, trade and market data; prototype analyses; test hypotheses; and assess alert performance</li>
<li>Reviewing model logic and vendor-provided surveillance, challenging systems such as OneTick or SMARTS, and developing bespoke controls where standard coverage is insufficient</li>
<li>Managing and prioritising alert queues, including high-volume scenarios, while maintaining investigation quality and improving false-positive rates without weakening risk coverage</li>
<li>Working directly with traders to understand strategies and market microstructure, assess potential misconduct and constructively challenge trading activity where required</li>
<li>Supporting responses to regulatory and exchange inquiries with clear, evidence-based analysis of trading activity</li>
</ul>
<p><strong>Your skills and experience:</strong></p>
<ul>
<li>Significant hands-on trade surveillance experience, preferably within a proprietary trading firm, market maker, HFT or systematic trading environment</li>
<li>Demonstrated experience designing surveillance alerts or controls from scratch, rather than solely operating or calibrating vendor-provided scenarios</li>
<li>Strong practical capability in Python, SQL or equivalent tools, including writing scripts and working independently with large order, trade and market datasets</li>
<li>Ability to interrogate alert and model logic, validate outputs, identify data-quality issues and challenge technology teams or surveillance vendors with an independent view</li>
<li>A clear and defensible investigation methodology, with experience distinguishing false positives from matters requiring deeper investigation or escalation</li>
<li>Strong equities knowledge and a practical understanding of trading strategies, order-book behaviour and market microstructure; front-office, trading or sales-trading exposure is valuable</li>
<li>Strong understanding of market-abuse typologies, including spoofing, layering, ramping, marking the close, wash trading and insider trading indicators</li>
<li>Knowledge of relevant APAC regulatory and exchange requirements, such as CSRC program trading rules, the SFC Code of Conduct or ASIC Market Integrity Rules</li>
<li>Experience across APAC markets, including any combination of Australia, Hong Kong, China, Japan, Korea or Singapore; experience with OneTick, SMARTS, Nice Actimize or equivalent is useful but is not a substitute for independent control design</li>
<li>Ability to communicate technical surveillance logic clearly to developers and explain and defend investigation decisions to traders, senior stakeholders, exchanges and regulators</li>
</ul><div class=""content-conclusion""><p><strong>About Us</strong></p>
<p><em>IMC is a research-driven trading firm where quantitative modeling, machine learning, and engineering shape how modern markets are traded. A stabilizing force in markets since 1989, we provide liquidity across trading venues, delivering the best outcome in value and risk management to investors. Using our own technology and capital, we build proprietary systems and algorithms that operate across global markets. Our researchers, traders, and engineers work as a collective, combining rapid experimentation, advanced infrastructure, and real-time feedback to turn insight into execution and execution into advantage.</em></p>
<p>&nbsp;</p></div>",https://job-boards.eu.greenhouse.io/imc/jobs/4866287101,2026-09-24
IMC,Senior Equity Options Volatility Trader,"Chicago, United States","<p>Our US Equity Options business has become one of the leading liquidity-providers in the marketplace.&nbsp;We’ve already created partnerships and business models to facilitate our expansion and we continue to improve our options pricing, particularly in the volatility space. IMC is highly collaborative between traders, quants, and developers so the scope of responsibility involves working with others to identify and describe mispricings, interact with the market, and push forward visibility improvements</p>
<p><strong>Your Core Responsibilities:&nbsp;</strong></p>
<ul>
<li>Maximize revenue by both finding, and then capitalizing on short term mispricing, as well as managing larger positions</li>
<li>Work closely with our best-in-class research and quant teams to analyze your results and improve your approach</li>
<li>Take lots of responsibility and ownership early to drive strategies forward and be successful</li>
</ul>
<p><strong>Your Skills and Experience:&nbsp;</strong></p>
<ul>
<li>Experienced equity options trader with at least 2 years’ experience</li>
<li>Entrepreneurial mindset with a healthy risk appetite, are competitive by nature, and are a fast decision maker</li>
<li>Ability to identify patterns and describe them analytically. Preference for relevant tertiary qualifications (graduate or post graduate), with strong academic results</li>
<li>Passionate about understanding volatility dynamics and willing to immediately act on your opinions to capture market opportunities.</li>
<li>In tune with the fundamental drivers of stocks we trade and can work effectively with a research analyst team to make decisions</li>
</ul>
<p><span style=""color: rgb(221, 234, 255);"">#LI-DNP</span></p>
<p>&nbsp;</p><div class=""content-pay-transparency""><div class=""pay-input""><div class=""description""><p>The Base Salary range for the role is included below. Base salary is only one component of total compensation; all full-time, permanent positions are eligible for a discretionary bonus and benefits, including paid leave and insurance.&nbsp;Please visit <a href=""https://www.imc.com/us/careers/benefits"">Benefits - US | IMC Trading</a> for more comprehensive information.</p></div><div class=""title"">Salary Range</div><div class=""pay-range""><span>$175,000</span><span class=""divider"">&mdash;</span><span>$250,000 USD</span></div></div></div><div class=""content-conclusion""><p><strong>About Us</strong></p>
<p><em>IMC is a research-driven trading firm where quantitative modeling, machine learning, and engineering shape how modern markets are traded. A stabilizing force in markets since 1989, we provide liquidity across trading venues, delivering the best outcome in value and risk management to investors. Using our own technology and capital, we build proprietary systems and algorithms that operate across global markets. Our researchers, traders, and engineers work as a collective, combining rapid experimentation, advanced infrastructure, and real-time feedback to turn insight into execution and execution into advantage.</em></p>
<p>&nbsp;</p></div>",https://job-boards.eu.greenhouse.io/imc/jobs/4300493101,2026-09-24
IMC, Senior Internal Auditor,"Sydney,  Australia","<p>As a Global Internal Auditor at IMC, you’ll work across global teams to evaluate and enhance the effectiveness of our processes, programs, and systems. You’ll take ownership of end-to-end audits, providing assurance that internal controls are well-designed and operating effectively. This role offers the opportunity to act as a trusted advisor to the business, driving improvements and helping shape IMC’s control environment. Over time, you’ll have the freedom to expand your responsibilities and influence, using your insights to make a meaningful impact in a fast-paced, technology-driven environment.</p>
<p><strong>Your core responsibilities</strong></p>
<ul>
<li>Lead and execute end-to-end business, operational, and technology audits across global business units.</li>
<li>Assess the design and operating effectiveness of internal controls, processes, applications, infrastructure, and technology-enabled systems.</li>
<li>Evaluate technology risks and controls in areas such as IT general controls, cybersecurity, identity and access management, change management, data governance, cloud environments, resilience, and third-party technology.</li>
<li>Provide clear, actionable recommendations to enhance operational efficiency and risk management</li>
<li>Partner with stakeholders across all levels and regions to deliver practical audit outcomes</li>
<li>Prepare and present high-quality audit reports and findings in clear, concise language</li>
<li>Support continuous improvement by identifying opportunities for innovation and process enhancement</li>
<li>Travel internationally (approximately 25%) to conduct audits and collaborate with global teams</li>
</ul>
<p><strong>Your skills and experience</strong></p>
<ul>
<li>University degree in Economics, Accounting, Finance, Information Systems, Computer Science, or a related discipline.</li>
<li>At least 5–7 years of relevant internal audit, technology audit, risk, or assurance experience.</li>
<li>Demonstrated experience leading and executing both business and technology-focused audits.</li>
<li>Strong understanding of technology risks and controls, including IT general controls, application controls, cybersecurity, data management, change management, and access management.</li>
<li>Familiarity with relevant frameworks and standards, such as COBIT, NIST, ISO 27001, ITIL, or equivalent, is advantageous.</li>
<li>Professional qualifications such as CIA, CISA, CPA, CA, or another relevant certification are preferred.</li>
<li>Experience within financial services, trading, fintech, or another highly technology-driven environment is advantageous.</li>
<li>Proven ability to drive change, deliver results, and engage effectively with diverse business and technical stakeholders.</li>
<li>Strong analytical, problem-solving, and written and verbal communication skills in English.</li>
<li>Highly adaptable, proactive, and capable of managing multiple priorities in a dynamic global environment.</li>
<li>Strong analytical, problem-solving, and communication skills in English.</li>
<li>Highly adaptable, proactive, and able to manage multiple priorities in a dynamic environment.</li>
</ul><div class=""content-conclusion""><p><strong>About Us</strong></p>
<p><em>IMC is a research-driven trading firm where quantitative modeling, machine learning, and engineering shape how modern markets are traded. A stabilizing force in markets since 1989, we provide liquidity across trading venues, delivering the best outcome in value and risk management to investors. Using our own technology and capital, we build proprietary systems and algorithms that operate across global markets. Our researchers, traders, and engineers work as a collective, combining rapid experimentation, advanced infrastructure, and real-time feedback to turn insight into execution and execution into advantage.</em></p>
<p>&nbsp;</p></div>",https://job-boards.eu.greenhouse.io/imc/jobs/4900567101,2026-09-24
IMC,Senior Macro Analyst,"Amsterdam, Netherlands","<p><strong>About the role</strong></p>
<p>As a Senior Macro Analyst at IMC in Amsterdam, you will take ownership of quantitative macro research and trading ideas across European equity index volatility and related markets. Working closely with traders and the Lead Macro Analyst, you will develop and test event scenarios that feed into the volatility curve.</p>
<p>This is a hands-on role combining macro research, Python-based tooling and trading analysis. You will connect your research to the desk’s exposure, assess whether it is long or short an event, and score your own calls against market outcomes to improve future decisions.</p>
<p>As you demonstrate an edge through your research, there is scope to expand into position taking and longer-horizon research.</p>
<p><strong>Your Core Responsibilities</strong></p>
<ul>
<li>Develop quantitative scenarios around economic releases, central bank decisions and other market-moving events, translating the results into inputs for the European equity index volatility curve;</li>
<li>Build and own Python-based research tools, datasets and models that support event analysis and trading decisions;</li>
<li>Generate and test macro-driven trading ideas, using data and statistics to evaluate the evidence for a trading edge;</li>
<li>Work closely with traders to assess opportunities and risks in the context of the desk’s existing exposure, including whether it is long or short an event;</li>
<li>Record and score your own scenarios and calls against market outcomes, using the findings to challenge assumptions and refine your research;</li>
<li>Respond to new information and unexpected events, updating scenarios and trading implications during European trading hours and relevant out-of-hours futures sessions.</li>
</ul>
<p><strong>Your Skills and Experience</strong></p>
<ul>
<li>5+ years of experience in quantitative macro research or a trading-focused quantitative role, ideally within a macro hedge fund pod or at a competing trading firm;</li>
<li>Strong Python, data analysis and statistics skills, with hands-on experience building and owning research tools and models;</li>
<li>Strong understanding of European equity index markets, options and volatility, and how macroeconomic and geopolitical events affect them;</li>
<li>Experience developing and testing signals or models, ideally including those you have built that have been used in live trading;</li>
<li>Independent research judgment, an understanding of desk exposure, and the ability to explain the evidence behind your views and objectively evaluate your own calls.</li>
</ul><div class=""content-conclusion""><p><strong>About Us</strong></p>
<p><em>IMC is a research-driven trading firm where quantitative modeling, machine learning, and engineering shape how modern markets are traded. A stabilizing force in markets since 1989, we provide liquidity across trading venues, delivering the best outcome in value and risk management to investors. Using our own technology and capital, we build proprietary systems and algorithms that operate across global markets. Our researchers, traders, and engineers work as a collective, combining rapid experimentation, advanced infrastructure, and real-time feedback to turn insight into execution and execution into advantage.</em></p>
<p>&nbsp;</p></div>",https://job-boards.eu.greenhouse.io/imc/jobs/4700191101,2026-09-24
IMC,Senior Manager Compensation,"London, United Kingdom","<p>IMC is seeking a&nbsp;<strong>Senior Compensation Manager</strong> to join our global Compensation team and play a key role in supporting the firm’s continued growth across Europe. Reporting to the Head of Compensation, this role will have regional responsibility for compensation across Europe and will lead critical initiatives spanning job architecture, pay structures, benchmarking, and annual compensation processes. The role will sit within a global team and will be responsible for global strategic projects and processes.</p>
<p>As a strategic partner, you will collaborate with business leaders, HR, and cross-functional teams to design and deliver compensation programs that are market-competitive, internally equitable, and aligned with IMC’s global rewards philosophy and local regulatory requirements.</p>
<p><strong>Key Responsibilities</strong></p>
<ul>
<li>Lead core workstreams in the annual compensation cycle (e.g., merit, bonus, promotions), providing guidance and support to compensation planners across Europe</li>
<li>Own and maintain <strong>job architecture, leveling frameworks, and salary structures</strong>, ensuring alignment with market data and internal equity</li>
<li>Conduct and lead <strong>pay equity analyses</strong>, ensuring fair and consistent pay practices across the region and driving remediation where needed</li>
<li>Establish and reinforce <strong>governance frameworks</strong> for compensation decisions, partnering with Legal and HR to ensure compliance with European regulations and evolving pay transparency requirements</li>
<li>Serve as a trusted advisor to HR Business Partners and business leaders, translating compensation data into clear insights and recommendations to inform decision-making</li>
<li>Build and deliver <strong>data-driven insights, reporting, and dashboards</strong> to identify trends, risks, and opportunities across the European workforce</li>
<li>Partner closely with HR, Finance, and HRIS (Workday) teams to enhance compensation processes, tools, and analytics</li>
<li>Lead benchmarking analyses and survey participation to ensure competitive market positioning across multiple European markets</li>
<li>Drive <strong>communication and change management efforts</strong> related to compensation programs, including developing guidance and training materials for HR and business stakeholders</li>
<li>Identify opportunities to streamline and improve compensation processes, tools, and stakeholder experience</li>
</ul>
<p><strong>Skills &amp; Experience</strong></p>
<ul>
<li>10+ years of progressive experience in compensation or total rewards</li>
<li>Strong expertise in <strong>job evaluation, job architecture, and salary structure design and management</strong></li>
<li>Demonstrated experience conducting <strong>pay equity analyses</strong> and supporting compensation governance and compliance frameworks</li>
<li>Experience managing compensation across <strong>multiple European countries</strong>, with understanding of regional regulations and market practices</li>
<li>Advanced analytical skills with strong proficiency in Microsoft Excel; experience building dashboards or visualisations is a plus</li>
<li>Ability to interpret complex data and translate it into clear, actionable insights for business leaders</li>
<li>Experience partnering with HR, Finance, and cross-functional stakeholders in a global environment</li>
<li>Strong communication skills, with the ability to influence and educate stakeholders at multiple levels</li>
<li>Proven ability to lead change, improve processes, and enhance how compensation programs are delivered and understood</li>
<li>Experience with Workday Compensation and/or other compensation tools (e.g., PayFactors, Salary.com)</li>
</ul><div class=""content-conclusion""><p><strong>About Us</strong></p>
<p><em>IMC is a research-driven trading firm where quantitative modeling, machine learning, and engineering shape how modern markets are traded. A stabilizing force in markets since 1989, we provide liquidity across trading venues, delivering the best outcome in value and risk management to investors. Using our own technology and capital, we build proprietary systems and algorithms that operate across global markets. Our researchers, traders, and engineers work as a collective, combining rapid experimentation, advanced infrastructure, and real-time feedback to turn insight into execution and execution into advantage.</em></p>
<p>&nbsp;</p></div>",https://job-boards.eu.greenhouse.io/imc/jobs/4921603101,2026-09-24
IMC,Senior Sourcing Lead - Global Hardware,"Chicago, United States","<p><span style=""font-family: helvetica, arial, sans-serif; font-size: 12pt;"">We are seeking a Senior Sourcing Lead – Hardware to join our Global Procurement team, reporting to the Global Strategic Sourcing Lead. This role will serve as the strategic owner of our global hardware category — spanning GPU and accelerated compute, servers, networking, storage hardware, and enterprise equipment — with a primary focus on building and managing executive-level partnerships with our most strategic hardware vendors, relationships representing $300M–$500M+ in annual spend.</span></p>
<p><span style=""font-family: helvetica, arial, sans-serif; font-size: 12pt;"">This is not a transactional sourcing role. Success is measured by allocation access, supply assurance, roadmap alignment, and long-term commercial advantage in one of the most constrained and fastest-moving hardware markets in the world. You will operate as the commercial counterpart to our infrastructure engineering leadership as we scale high-performance compute for both trading infrastructure and large-scale AI research clusters.</span></p>
<p><span style=""font-family: helvetica, arial, sans-serif; font-size: 12pt;"">This role requires deep domain expertise in technology hardware procurement and market dynamics: GPU and accelerated compute platforms, server architectures, high-performance networking, component supply chains, allocation and lead-time dynamics, and OEM/ODM/channel commercial models.</span></p>
<h2><span style=""font-family: helvetica, arial, sans-serif; font-size: 12pt;"">Your Core Responsibilities:&nbsp;</span></h2>
<ul>
<li style=""font-family: helvetica, arial, sans-serif; font-size: 12pt;""><span style=""font-family: helvetica, arial, sans-serif; font-size: 12pt;"">Own and execute the global hardware category strategy — GPU/accelerated compute, servers, networking, storage hardware, and enterprise equipment — across trading infrastructure and large-scale research compute environments</span></li>
<li style=""font-family: helvetica, arial, sans-serif; font-size: 12pt;""><span style=""font-family: helvetica, arial, sans-serif; font-size: 12pt;"">Build and own executive-level relationships with strategic hardware vendors representing $300M–$500M+ in annual spend, including executive sponsorship programs, quarterly business reviews, roadmap and allocation alignment, and long-term partnership frameworks</span></li>
<li style=""font-family: helvetica, arial, sans-serif; font-size: 12pt;""><span style=""font-family: helvetica, arial, sans-serif; font-size: 12pt;"">Lead negotiations for high-value and complex OEM and master supply agreements — pricing programs, volume commitments, allocation guarantees, warranty and support terms — ensuring best-in-class commercial outcomes and risk mitigation</span></li>
<li style=""font-family: helvetica, arial, sans-serif; font-size: 12pt;""><span style=""font-family: helvetica, arial, sans-serif; font-size: 12pt;"">Own GPU and long-lead component supply assurance: manage allocation strategy, capacity reservations, and lead-time risk for multi-hundred-million-dollar compute buildouts</span></li>
<li style=""font-family: helvetica, arial, sans-serif; font-size: 12pt;""><span style=""font-family: helvetica, arial, sans-serif; font-size: 12pt;"">Aggregate hardware demand across regions (US, EU, APAC) to maximize volume leverage, drive standardization of specifications and reference architectures, and maintain the approved vendor list</span></li>
<li style=""font-family: helvetica, arial, sans-serif; font-size: 12pt;""><span style=""font-family: helvetica, arial, sans-serif; font-size: 12pt;"">Drive measurable cost optimization across third-party hardware spend — normalized cost-per-core, cost-per-GPU-hour, and TCO modeling — while balancing supply chain resilience, lead-time risk, and refresh cycle planning</span></li>
<li style=""font-family: helvetica, arial, sans-serif; font-size: 12pt;""><span style=""font-family: helvetica, arial, sans-serif; font-size: 12pt;"">Partner directly with infrastructure engineering, capacity planning, and finance leaders on hardware roadmaps, build-vs-buy trade-offs, and investment business cases up to executive leadership</span></li>
<li style=""font-family: helvetica, arial, sans-serif; font-size: 12pt;""><span style=""font-family: helvetica, arial, sans-serif; font-size: 12pt;"">Monitor hardware market trends, component supply dynamics, allocation risks, and supplier performance to proactively identify opportunities and mitigate constraints before they impact delivery</span></li>
<li style=""font-family: helvetica, arial, sans-serif; font-size: 12pt;""><span style=""font-family: helvetica, arial, sans-serif; font-size: 12pt;"">Provide coaching and guidance to sourcing managers and buyers on hardware category execution, embedding best practices across the global team</span></li>
<li style=""font-family: helvetica, arial, sans-serif; font-size: 12pt;""><span style=""font-family: helvetica, arial, sans-serif; font-size: 12pt;"">Represent Procurement as a trusted advisor to infrastructure engineering and business leadership on all hardware investment decisions</span></li>
</ul>
<h2><span style=""font-family: helvetica, arial, sans-serif; font-size: 12pt;"">Your Skills &amp; Experience:&nbsp;</span></h2>
<ul>
<li style=""font-family: helvetica, arial, sans-serif; font-size: 12pt;""><span style=""font-family: helvetica, arial, sans-serif; font-size: 12pt;"">8+ years of strategic sourcing, vendor management, or supply chain experience in technology hardware, with direct ownership of vendor relationships at $100M+ annual scale</span></li>
<li style=""font-family: helvetica, arial, sans-serif; font-size: 12pt;""><span style=""font-family: helvetica, arial, sans-serif; font-size: 12pt;"">Demonstrated experience negotiating with and managing tier-one OEMs and silicon providers (NVIDIA, Dell, Lenovo, Supermicro, AMD, Arista, or comparable), ideally including GPU or accelerated compute procurement under allocation constraints</span></li>
<li style=""font-family: helvetica, arial, sans-serif; font-size: 12pt;""><span style=""font-family: helvetica, arial, sans-serif; font-size: 12pt;"">Deep understanding of server, GPU, and networking architectures sufficient to engage credibly with engineering leadership and translate technical requirements into commercial strategy</span></li>
<li style=""font-family: helvetica, arial, sans-serif; font-size: 12pt;""><span style=""font-family: helvetica, arial, sans-serif; font-size: 12pt;"">Experience in HyperScale, HPC/AI infrastructure, semiconductor, or low-latency trading environments strongly preferred</span></li>
<li style=""font-family: helvetica, arial, sans-serif; font-size: 12pt;""><span style=""font-family: helvetica, arial, sans-serif; font-size: 12pt;"">Executive presence and proven ability to build durable, senior-level vendor relationships that deliver preferential access, pricing, and support</span></li>
<li style=""font-family: helvetica, arial, sans-serif; font-size: 12pt;""><span style=""font-family: helvetica, arial, sans-serif; font-size: 12pt;"">Strong financial and analytical skills: TCO modeling, multi-year CapEx planning, and data-driven negotiation preparation</span></li>
<li style=""font-family: helvetica, arial, sans-serif; font-size: 12pt;""><span style=""font-family: helvetica, arial, sans-serif; font-size: 12pt;"">Experience operating globally across US, EU, and APAC supply chains and legal entities</span></li>
</ul>
<p><span style=""font-family: helvetica, arial, sans-serif; font-size: 12pt;""><em>Please note that immigration sponsorship is not offered for this specific opening.</em></span></p><div class=""content-pay-transparency""><div class=""pay-input""><div class=""description""><p>The Base Salary range for the role is included below. Base salary is only one component of total compensation; all full-time, permanent positions are eligible for a discretionary bonus and benefits, including paid leave and insurance.&nbsp;Please visit <a href=""https://www.imc.com/us/careers/benefits"">Benefits - US | IMC Trading</a> for more comprehensive information.</p></div><div class=""title"">Salary Range</div><div class=""pay-range""><span>$150,000</span><span class=""divider"">&mdash;</span><span>$200,000 USD</span></div></div></div><div class=""content-conclusion""><p><strong>About Us</strong></p>
<p><em>IMC is a research-driven trading firm where quantitative modeling, machine learning, and engineering shape how modern markets are traded. A stabilizing force in markets since 1989, we provide liquidity across trading venues, delivering the best outcome in value and risk management to investors. Using our own technology and capital, we build proprietary systems and algorithms that operate across global markets. Our researchers, traders, and engineers work as a collective, combining rapid experimentation, advanced infrastructure, and real-time feedback to turn insight into execution and execution into advantage.</em></p>
<p>&nbsp;</p></div>",https://job-boards.eu.greenhouse.io/imc/jobs/4977093101,2026-09-24
IMC,Senior Sourcing Lead - Global Storage & SaaS,"Chicago, United States","<p><span style=""font-family: arial, helvetica, sans-serif; font-size: 12pt;"">We are seeking a Senior Sourcing Lead – Storage &amp; SaaS to join our Global Procurement team, reporting to the Global Strategic Sourcing Lead. This role will serve as the strategic owner of two global categories: storage infrastructure — spanning software-defined storage platforms and supporting large-scale research and trading data environments — and the global SaaS portfolio, including enterprise software, developer tooling, and a rapidly growing set of AI application vendors.</span></p>
<p><span style=""font-family: arial, helvetica, sans-serif; font-size: 12pt;"">This role sits at the intersection of infrastructure economics and software commercial strategy. On the SaaS side, success means governing a global portfolio of 70+ vendors — renewals, consolidation, license optimization, and the fast-moving commercial models of AI-native software.</span></p>
<p><span style=""font-family: arial, helvetica, sans-serif; font-size: 12pt;"">This role requires deep domain expertise across storage commercial models — software-defined storage licensing— and SaaS commercial models — subscription, seat-based, consumption-based, and token/usage-based licensing, enterprise renewals, and license optimization.</span></p>
<h2><span style=""font-family: arial, helvetica, sans-serif; font-size: 12pt;"">Your Core Responsibilities:</span></h2>
<ul>
<li><span style=""font-family: arial, helvetica, sans-serif; font-size: 12pt;"">Own and execute the global storage category strategy: software-defined storage platforms, and associated support and services, across all storage tiers</span></li>
<li style=""font-family: arial, helvetica, sans-serif; font-size: 12pt;""><span style=""font-family: arial, helvetica, sans-serif; font-size: 12pt;"">Own and execute the global SaaS category strategy: manage the renewals pipeline, drive license and seat optimization, lead vendor consolidation and rationalization, and govern commercial terms across the software estate — including AI application and developer tooling vendors</span></li>
<li style=""font-family: arial, helvetica, sans-serif; font-size: 12pt;""><span style=""font-family: arial, helvetica, sans-serif; font-size: 12pt;"">Lead negotiations for high-value agreements: storage software rate cards and multi-year license structures, media and OEM supply agreements, and enterprise SaaS contracts and renewals, ensuring best-in-class commercial outcomes and risk mitigation</span></li>
<li style=""font-family: arial, helvetica, sans-serif; font-size: 12pt;""><span style=""font-family: arial, helvetica, sans-serif; font-size: 12pt;"">Drive FinOps-style governance across consumption- and usage-based software spend, ensuring commitments, discounts, and actual usage stay aligned and renewals are negotiated from a position of data</span></li>
<li style=""font-family: arial, helvetica, sans-serif; font-size: 12pt;""><span style=""font-family: arial, helvetica, sans-serif; font-size: 12pt;"">Build and strengthen key vendor relationships across storage software providers, drive and media manufacturers, storage OEMs, and strategic SaaS and AI software providers to maximize long-term value and innovation</span></li>
<li style=""font-family: arial, helvetica, sans-serif; font-size: 12pt;""><span style=""font-family: arial, helvetica, sans-serif; font-size: 12pt;"">Partner directly with storage engineering, infrastructure, information security, and finance teams on tiering architecture decisions, capacity planning, vendor risk, and investment business cases</span></li>
<li style=""font-family: arial, helvetica, sans-serif; font-size: 12pt;""><span style=""font-family: arial, helvetica, sans-serif; font-size: 12pt;"">Monitor market trends to proactively identify savings and risk</span></li>
<li style=""font-family: arial, helvetica, sans-serif; font-size: 12pt;""><span style=""font-family: arial, helvetica, sans-serif; font-size: 12pt;"">Provide coaching and guidance to sourcing managers and buyers on storage and SaaS category execution, embedding best practices across the global team</span></li>
<li style=""font-family: arial, helvetica, sans-serif; font-size: 12pt;""><span style=""font-family: arial, helvetica, sans-serif; font-size: 12pt;"">Represent Procurement as a trusted advisor to engineering and business leadership on all storage and software investment decisions</span></li>
</ul>
<h2><span style=""font-family: arial, helvetica, sans-serif; font-size: 12pt;"">Your Skills &amp; Experience:&nbsp;</span></h2>
<ul>
<li style=""font-family: arial, helvetica, sans-serif; font-size: 12pt;""><span style=""font-family: arial, helvetica, sans-serif; font-size: 12pt;"">8+ years of strategic sourcing or vendor management experience spanning infrastructure (storage, data platforms) and enterprise software categories</span></li>
<li style=""font-family: arial, helvetica, sans-serif; font-size: 12pt;""><span style=""font-family: arial, helvetica, sans-serif; font-size: 12pt;"">Direct experience procuring storage at scale — software-defined storage platforms, enterprise or hyperscale storage hardware</span></li>
<li style=""font-family: arial, helvetica, sans-serif; font-size: 12pt;""><span style=""font-family: arial, helvetica, sans-serif; font-size: 12pt;"">Proven track record managing a large SaaS portfolio: complex renewals, multi-year enterprise agreements, license optimization, and vendor consolidation programs</span></li>
<li style=""font-family: arial, helvetica, sans-serif; font-size: 12pt;""><span style=""font-family: arial, helvetica, sans-serif; font-size: 12pt;"">Familiarity with modern AI software commercial models (token/usage-based pricing, committed spend structures, seat-plus-consumption hybrids) strongly preferred</span></li>
<li style=""font-family: arial, helvetica, sans-serif; font-size: 12pt;""><span style=""font-family: arial, helvetica, sans-serif; font-size: 12pt;"">Experience running or commercially leading technical POCs and structured vendor evaluations alongside engineering teams</span></li>
<li style=""font-family: arial, helvetica, sans-serif; font-size: 12pt;""><span style=""font-family: arial, helvetica, sans-serif; font-size: 12pt;"">Strong analytical and financial modeling skills; comfort building normalized cost frameworks and defending them to engineering and finance leadership</span></li>
</ul>
<p><span style=""font-family: arial, helvetica, sans-serif; font-size: 12pt;""><em>Please note that immigration sponsorship is not offered for this specific opening.</em></span></p><div class=""content-pay-transparency""><div class=""pay-input""><div class=""description""><p>The Base Salary range for the role is included below. Base salary is only one component of total compensation; all full-time, permanent positions are eligible for a discretionary bonus and benefits, including paid leave and insurance.&nbsp;Please visit <a href=""https://www.imc.com/us/careers/benefits"">Benefits - US | IMC Trading</a> for more comprehensive information.</p></div><div class=""title"">Salary Range</div><div class=""pay-range""><span>$140,000</span><span class=""divider"">&mdash;</span><span>$180,000 USD</span></div></div></div><div class=""content-conclusion""><p><strong>About Us</strong></p>
<p><em>IMC is a research-driven trading firm where quantitative modeling, machine learning, and engineering shape how modern markets are traded. A stabilizing force in markets since 1989, we provide liquidity across trading venues, delivering the best outcome in value and risk management to investors. Using our own technology and capital, we build proprietary systems and algorithms that operate across global markets. Our researchers, traders, and engineers work as a collective, combining rapid experimentation, advanced infrastructure, and real-time feedback to turn insight into execution and execution into advantage.</em></p>
<p>&nbsp;</p></div>",https://job-boards.eu.greenhouse.io/imc/jobs/4977250101,2026-09-24
IMC,Site Reliability Engineer - Data Engineering,"Sydney,  Australia","<p class=""_13fp8yk6c dzswju0 dzswju2""></p>
<p data-local-id=""128d98d1b4d6"" data-prosemirror-content-type=""node"" data-prosemirror-node-name=""paragraph"" data-prosemirror-node-block=""true"" data-pm-slice=""1 1 []"">Join our dynamic and high-impact Data Engineering team, where you'll be responsible for our large-scale data collection, storage, access and query platforms. The work includes the safe and reliable operation of the platform, as well as projects to evolve and expand the capabilities. This is a critical role in the organisation as the data platform drives a huge range of trader analysis, simulation, reporting and insights.&nbsp;</p>
<p data-local-id=""5f6028600f9b"" data-prosemirror-content-type=""node"" data-prosemirror-node-name=""paragraph"" data-prosemirror-node-block=""true"" data-pm-slice=""1 1 []"">You will join a growing team of four in Sydney which is part of the larger APAC Data Team, and will collaborate with counterparts in Chicago, Mumbai and Amsterdam.</p>
<p data-local-id=""128d98d1b4d6"" data-prosemirror-content-type=""node"" data-prosemirror-node-name=""paragraph"" data-prosemirror-node-block=""true"" data-pm-slice=""1 1 []""></p>
<p class=""_13fp8yk6c dzswju0 dzswju2""><strong class=""_13fp8yk6c dzswju0"">Your Core Responsibilities:</strong></p>
<ul>
<li class=""_13fp8yk6c dzswju0 dzswju2"">Manage and monitor distributed systems, storage infrastructure, and data processing platforms, including Kafka, HDFS, Dremio, and in-house data pipelines.</li>
<li class=""_13fp8yk6c dzswju0 dzswju2"">Drive heavy focus on systems automation and CI/CD to enable rapid deployment of hardware and software solutions.</li>
<li class=""_13fp8yk6c dzswju0 dzswju2"">Collaborate closely with systems and network engineers, traders, and developers to support and troubleshoot their queries.</li>
<li class=""_13fp8yk6c dzswju0 dzswju2"">Stay up to date with the latest technology trends in the industry; propose, evaluate, and implement innovative solutions.</li>
</ul>
<p class=""_13fp8yk6c dzswju0 dzswju2""><strong class=""_13fp8yk6c dzswju0"">Your Skills and Experience:</strong></p>
<ul>
<li class=""_13fp8yk6c dzswju0 dzswju2"">2+ years of experience in managing large-scale multi-petabyte data infrastructure in a similar role.</li>
<li class=""_13fp8yk6c dzswju0 dzswju2"">Knowledge of Linux system administration and internals, with proven ability to troubleshoot issues in Linux environments.</li>
<li class=""_13fp8yk6c dzswju0 dzswju2"">Experience in at least one of the following technologies: Kafka, HDFS, Kubernetes.</li>
<li class=""_13fp8yk6c dzswju0 dzswju2"">Working knowledge of Docker, Kubernetes, and Helm.</li>
<li class=""_13fp8yk6c dzswju0 dzswju2"">Experience with data access technologies such as Dremio and Presto.</li>
<li class=""_13fp8yk6c dzswju0 dzswju2"">Familiarity with workflow orchestration tools like Airflow and Prefect.</li>
<li class=""_13fp8yk6c dzswju0 dzswju2"">Exposure to cloud platforms such as AWS, GCP, or Azure.</li>
</ul><div class=""content-conclusion""><p><strong>About Us</strong></p>
<p><em>IMC is a research-driven trading firm where quantitative modeling, machine learning, and engineering shape how modern markets are traded. A stabilizing force in markets since 1989, we provide liquidity across trading venues, delivering the best outcome in value and risk management to investors. Using our own technology and capital, we build proprietary systems and algorithms that operate across global markets. Our researchers, traders, and engineers work as a collective, combining rapid experimentation, advanced infrastructure, and real-time feedback to turn insight into execution and execution into advantage.</em></p>
<p>&nbsp;</p></div>",https://job-boards.eu.greenhouse.io/imc/jobs/4697639101,2026-09-24
IMC,Site Reliability Engineer - Data Platform,"Amsterdam, Netherlands","<p>IMC operates on the cutting-edge use of technology to create a competitive edge over the competition. We also grow quick and have plenty of complex technical challenges. We're looking for an experienced SRE with strong background in managing distributed data systems on both bare metal Linux and Kubernetes. We want someone who can help us standardize deployments, elevate observability, and improve automation as we scale our data platform and other critical data services.</p>
<p>You will join our Data Platform team, part of our local data team that builds and runs the systems that are used by traders, quant researchers and engineering teams, for all their data needs. The Data Platform team is responsible for the foundational platform that our data frameworks and tooling is built on top of. This includes observability, scalability and supporting standardised deployments.</p>
<p><strong>Your Core Responsibilities:&nbsp;</strong></p>
<p>As an SRE within IMC you will join a sub-team that takes a central role in all the data needs and you’ll be working to:</p>
<ul>
<li>Design, implement and operate our data platforms.</li>
<li>Improve observability so we catch issues before our users do.</li>
<li>Build automation to reduce toil and allow our systems to scale</li>
<li>Support and own reliability of critical services (e.g. HDFS, Kafka and Dremio)</li>
<li>Drive long-term architectural improvements, not just fixing issues, but preventing them.</li>
</ul>
<p><strong>Your Skills and Experience:&nbsp;</strong></p>
<ul>
<li>Strong experience managing distributed data platforms (e.g. Kafka, Hadoop, Spark, Dremio); including full installation, debugging and performance tuning</li>
<li>Hands on experience deploying, configuring and orchestrating software on Linux and Kubernetes, with proven ability to troubleshoot issues in both environments</li>
<li>Strong experience with infrastructure as code (Ansible preferred) and best practices</li>
<li>Proficient programming experience in Python</li>
<li>Ability to read, write and tune SQL queries</li>
<li>Comfortable reading Java source code, tuning and debugging running JVMs.</li>
<li>Familarity with data lakehouse technologies (e.g. Iceberg or Delta Lake) as well as query engine technologies (e.g. Dremio, Presto or Trino)</li>
<li>Exposure to workflow orchestration tools like Airflow or Dagster</li>
<li>A proactive mindset: you're not just fixing issues but preventing them.</li>
<li>Comfortable working across teams, with minimal oversight.</li>
</ul>
<p><strong>Our Tech Stack:</strong></p>
<ul>
<li><em>Data Tools: </em>Hadoop (HDFS), Kafka, Dremio, Iceberg, Clickhouse, Spark, Airflow, Flink</li>
<li><em>Infrastructure </em><em>Automation:</em> Ansible, Puppet, Kubernetes (ArgoCD, Helm, Kustomize)</li>
<li><em>Observability: </em>Prometheus, Grafana, AlertManager</li>
<li><em>Scripting:</em><strong> </strong>Python, Bash, SQL</li>
<li><em>Others</em>: PCAP infrastructure</li>
</ul><div class=""content-conclusion""><p><strong>About Us</strong></p>
<p><em>IMC is a research-driven trading firm where quantitative modeling, machine learning, and engineering shape how modern markets are traded. A stabilizing force in markets since 1989, we provide liquidity across trading venues, delivering the best outcome in value and risk management to investors. Using our own technology and capital, we build proprietary systems and algorithms that operate across global markets. Our researchers, traders, and engineers work as a collective, combining rapid experimentation, advanced infrastructure, and real-time feedback to turn insight into execution and execution into advantage.</em></p>
<p>&nbsp;</p></div>",https://job-boards.eu.greenhouse.io/imc/jobs/4889019101,2026-09-24
IMC,Software Engineer – AI Powered Engineering,"Chicago, United States","<p>IMC is embedding agentic AI directly into the developer workflow for our production-critical systems. As a member of the Agentic AI engineering team, you’ll help build agents, MCP servers, and evaluation loops that make AI-generated code reliable, auditable, and fast to ship. You’ll work closely with experienced engineers and platform teams to deliver pragmatic, high-impact AI integrations at scale.</p>
<p><strong>Your Core Responsibilities:&nbsp;</strong></p>
<ul>
<li>Contribute to the platform by implementing agents, MCP servers, and supporting services that propose and apply changes to large codebases</li>
<li>Assist in developing retrieval systems that give AI agents and developers accurate, up-to-date context from large codebases and design artifacts</li>
<li>Help measure and improve AI-generated changes by building compile/test/evaluate pipelines (static analysis, style and safety checks, performance gates, code review)</li>
<li>Apply IMC’s best practices in concurrency, telemetry, configuration hygiene, and performance-sensitive code paths to ensure AI outputs are reliable and idiomatic</li>
<li>Collaborate with teammates on experiments to evaluate and improve AI-driven workflows</li>
</ul>
<p><strong>Your Skills &amp; Experience:&nbsp;</strong></p>
<ul>
<li>BS+ in Computer Science (or related) with strong fundamentals (algorithms, data structures, systems)</li>
<li>5+ year of professional software engineering experience</li>
<li>Proficiency in a high-level programming language (Java or Python preferred)</li>
<li>Experience contributing to developer-facing or production systems</li>
<li>Curiosity and eagerness to learn about AI/LLM application patterns, even if you haven’t worked closely with them yet</li>
<li>Strong communication skills; comfortable working with engineers in a fast, collaborative environment</li>
</ul>
<p><em>Please note that immigration sponsorship is not offered for this specific opening.</em></p><div class=""content-pay-transparency""><div class=""pay-input""><div class=""description""><p>The Base Salary range for the role is included below. Base salary is only one component of total compensation; all full-time, permanent positions are eligible for a discretionary bonus and benefits, including paid leave and insurance.&nbsp;Please visit <a href=""https://www.imc.com/us/careers/benefits"">Benefits - US | IMC Trading</a> for more comprehensive information.</p></div><div class=""title"">Salary Range</div><div class=""pay-range""><span>$180,000</span><span class=""divider"">&mdash;</span><span>$225,000 USD</span></div></div></div><div class=""content-conclusion""><p><strong>About Us</strong></p>
<p><em>IMC is a research-driven trading firm where quantitative modeling, machine learning, and engineering shape how modern markets are traded. A stabilizing force in markets since 1989, we provide liquidity across trading venues, delivering the best outcome in value and risk management to investors. Using our own technology and capital, we build proprietary systems and algorithms that operate across global markets. Our researchers, traders, and engineers work as a collective, combining rapid experimentation, advanced infrastructure, and real-time feedback to turn insight into execution and execution into advantage.</em></p>
<p>&nbsp;</p></div>",https://job-boards.eu.greenhouse.io/imc/jobs/4682071101,2026-09-24
IMC,Software Engineer – Application Platform,"Sydney,  Australia","<p></p>
<p>At IMC, technology is not a department; it’s at the heart of everything we do. Developed in-house, our innovative software makes millions of trading decisions daily, and we win by making better and faster decisions than our competition.</p>
<p></p>
<p data-local-id=""e19a12fa3ec8"" data-prosemirror-content-type=""node"" data-prosemirror-node-name=""paragraph"" data-prosemirror-node-block=""true"" data-pm-slice=""1 1 []"">IMC's Platform Engineering team in Sydney works closely with our global counterparts to deliver the runtime environments and services on which IMC's cutting-edge trading and business applications run. We work on a wide variety of systems and tools that utilize a combination of in-house, open source, and third-party technologies. We are currently looking to expand our Application Platform team.</p>
<p data-local-id=""ce02066f6ce0"" data-prosemirror-content-type=""node"" data-prosemirror-node-name=""paragraph"" data-prosemirror-node-block=""true"">The Application Platform team helps turn IMC software into running applications. We develop and operate scalable, self-service systems and tools to configure, distribute, deploy, upgrade, and operate trading and supporting components in data centers around the world. We use input gathered from a range of internal stakeholders to design and implement creative solutions to efficiently keep tens of thousands of services and applications running and up to date.</p>
<p></p>
<p><strong>Your Core Responsibilities:</strong></p>
<ul>
<li>Develop, test, deploy, and maintain high-performance, globally distributed Go applications.</li>
<li>Collaborate with teammates, stakeholders, and internal customers across local and global teams.</li>
<li>Partner with customers to understand their needs and design platform capabilities that help them configure, deploy, and operate software more effectively.</li>
<li>Support customers, unblock teams, and turn recurring issues into platform improvements.</li>
<li>Own the end-to-end service lifecycle, from requirements gathering and implementation to deployment, operation, and continuous improvement.</li>
<li>Help operate and support the team's systems during Sydney business hours.</li>
<li>Use automated testing and frequent deployments to deliver high-quality features quickly and iteratively.</li>
<li>Balance trade-offs between latency, throughput, simplicity, scalability, reliability, and maintainability in a complex technology landscape.</li>
</ul>
<p><strong>Your Skills and Experience:&nbsp;</strong></p>
<ul>
<li>1-3 years of professional software engineering experience and proficiency in a programming language is required (Go, Python, or Java)</li>
<li>Strong analytical skills and interest in solving complex problems programmatically</li>
<li>Experience with automated testing and CI/CD pipelines.</li>
<li>Familiarity with Docker, Kubernetes, and Linux environments.</li>
<li>Exposure to distributed computing and modern cloud-native software design.</li>
<li>Strong communication skills and the ability to work with cross-functional teams.</li>
<li>You have a DevOps mindset and are comfortable working across the entire application lifecycle, from development and testing to deployment and operations.</li>
<li>Prior knowledge of financial markets or trading is not required, but curiosity and a willingness to learn are essential.</li>
</ul>
<p></p><div class=""content-conclusion""><p><strong>About Us</strong></p>
<p><em>IMC is a research-driven trading firm where quantitative modeling, machine learning, and engineering shape how modern markets are traded. A stabilizing force in markets since 1989, we provide liquidity across trading venues, delivering the best outcome in value and risk management to investors. Using our own technology and capital, we build proprietary systems and algorithms that operate across global markets. Our researchers, traders, and engineers work as a collective, combining rapid experimentation, advanced infrastructure, and real-time feedback to turn insight into execution and execution into advantage.</em></p>
<p>&nbsp;</p></div>",https://job-boards.eu.greenhouse.io/imc/jobs/4918138101,2026-09-24
IMC,Software Engineer – BP&A,"Chicago, United States","<p>The BP&amp;A Team sits at the heart of our operations, partnering closely with finance, trading, and middle office teams. We serve as the business intelligence and analysis function for IMC to turn complex data into insights that drive real decisions. This role also connects you with colleagues across Chicago, Amsterdam, and Sydney, all part of a truly global team reporting into a Global Lead. We're looking for a Software Engineer who loves back-end development and wants to help build the tools and systems that power our business - front-end or UI/UX experience is a bonus.</p>
<p><strong>Your Core Responsibilities:&nbsp;</strong></p>
<ul>
<li>Own meaningful pieces of system development, maintenance, process improvement, and automation, plus dig into database and front-end work along the way</li>
<li>Team up with BI developers to shape best practices, and partner directly with finance, operations, and trading teams to keep the BP&amp;A ecosystem running smoothly, reporting to the local lead</li>
<li>Build tools that make things faster and smarter - boosting efficiency, streamlining data processing, and cutting load times</li>
<li>Build high-end dashboards and visualization tools for stakeholders globally</li>
<li>Work with large data sets and data pipelines that support storage, retrieval, and analysis across the finance organization</li>
</ul>
<p><strong>Your Skills and Experience:&nbsp;</strong></p>
<ul>
<li>Degree in Computer Science, Mathematics, Statistics, Econometrics, or another quantitative field</li>
<li>2–5 years software engineering experience, ready to make an immediate impact</li>
<li>Strong Python and SQL skills; React experience is a plus</li>
<li>Hands-on experience with agentic coding tools (e.g. Claude Code, Codex, Cursor)</li>
<li>Comfortable with CI/CD pipelines (e.g. GitLab CI, Jira)</li>
<li>Experience working in containerized environments (e.g. Kubernetes, Docker)</li>
<li>Cloud experience required - AWS a plus</li>
<li>Exposure to finance processes or AI/ML engineering a plus</li>
<li>The ideal candidate thrives in a dynamic, fast-moving environment and enjoys the challenge of things changing quickly; they also blend technical depth with business savvy, have sharp analytical instincts and the interpersonal skills to bring people along with them</li>
</ul>
<p><em>Please note that immigration sponsorship is not offered for this specific opening.</em></p><div class=""content-pay-transparency""><div class=""pay-input""><div class=""description""><p>The Base Salary range for the role is included below. Base salary is only one component of total compensation; all full-time, permanent positions are eligible for a discretionary bonus and benefits, including paid leave and insurance.&nbsp;Please visit <a href=""https://www.imc.com/us/careers/benefits"">Benefits - US | IMC Trading</a> for more comprehensive information.</p></div><div class=""title"">Salary Range</div><div class=""pay-range""><span>$130,000</span><span class=""divider"">&mdash;</span><span>$180,000 USD</span></div></div></div><div class=""content-conclusion""><p><strong>About Us</strong></p>
<p><em>IMC is a research-driven trading firm where quantitative modeling, machine learning, and engineering shape how modern markets are traded. A stabilizing force in markets since 1989, we provide liquidity across trading venues, delivering the best outcome in value and risk management to investors. Using our own technology and capital, we build proprietary systems and algorithms that operate across global markets. Our researchers, traders, and engineers work as a collective, combining rapid experimentation, advanced infrastructure, and real-time feedback to turn insight into execution and execution into advantage.</em></p>
<p>&nbsp;</p></div>",https://job-boards.eu.greenhouse.io/imc/jobs/4976923101,2026-09-24
IMC,Software Engineer - Development Platform,"Sydney,  Australia","<p></p>
<p>At IMC, technology is the driving force behind everything we do. Our in-house developed software executes millions of trading decisions each day, enabling us to outperform the competition by making smarter and faster choices.</p>
<p></p>
<p data-local-id=""68e1304c5f86"" data-prosemirror-content-type=""node"" data-prosemirror-node-name=""paragraph"" data-prosemirror-node-block=""true"" data-pm-slice=""1 1 []"">We're looking for an experienced software developer with strong communication skills to join our Development Platform team. The Development Platform team exists to amplify the effectiveness of trading, research, and engineering teams. Instead of directly building trading strategies, we provide the tools, infrastructure, and processes that support all software development, aiming at reducing friction and accelerating delivery.</p>
<p></p>
<p data-local-id=""39996a63d78d"" data-prosemirror-content-type=""node"" data-prosemirror-node-name=""paragraph"" data-prosemirror-node-block=""true"" data-pm-slice=""1 1 []"">The role requires building robust solutions and solving challenges up and down the tech stack. The team owns and evolves IMC's build systems and development tooling, continually tackling bottlenecks in build and development processes, whether that means an impactful one-line fix or migrating an entire codebase to Bazel. The team supports codebases in a variety of languages, including Python, C++, and Java, to improve the daily productivity of hundreds of developers across the globe.</p>
<p><strong>Your Core Responsibilities</strong></p>
<ul>
<li>Identify and implement improvements to software development workflows, from targeted, iterative refinements to sweeping architectural redesigns.</li>
<li>Scale and advance IMC's trading systems builds and development tooling to support an excellent work environment for developers.</li>
<li>Optimise compile times, improve code quality systems, and simplify software processes to improve the daily workflow of engineers</li>
<li>Troubleshoot potential issues with build infrastructure and implementing improvements.</li>
<li>Design and build infrastructure supporting the development, build, test, and release processes.</li>
<li>Partner with development teams to align platform capabilities with their evolving needs, and drive adoption of best practices in code health, development productivity, and maintainability.</li>
</ul>
<p><strong>Your Skills and Experience:&nbsp;</strong></p>
<ul>
<li>3+ years of software development experience in Python, Java, and/or C++ required.&nbsp;</li>
<li>Knowledge of stable, dependable build environments and rapid feedback cycles.&nbsp;</li>
<li>Prior experience with Bazel or other monorepo-build software required.</li>
<li>Experience implementing CI/CD pipelines with tools such as Jenkins, TeamCity and GoCD.</li>
<li>Experience with containerization technologies and tools such as Docker and Kubernetes.</li>
<li>Excellent written and verbal communication skills in interacting with stakeholders across all phases of product design, development, and delivery.</li>
</ul>
<p></p><div class=""content-conclusion""><p><strong>About Us</strong></p>
<p><em>IMC is a research-driven trading firm where quantitative modeling, machine learning, and engineering shape how modern markets are traded. A stabilizing force in markets since 1989, we provide liquidity across trading venues, delivering the best outcome in value and risk management to investors. Using our own technology and capital, we build proprietary systems and algorithms that operate across global markets. Our researchers, traders, and engineers work as a collective, combining rapid experimentation, advanced infrastructure, and real-time feedback to turn insight into execution and execution into advantage.</em></p>
<p>&nbsp;</p></div>",https://job-boards.eu.greenhouse.io/imc/jobs/4898651101,2026-09-24
IMC,"Software Engineer, Early Career","Chicago, United States","<div id=""56$309310-input"" class=""WD0F"" data-automation-id=""decorationWrapper"">
<div class=""WB-I WC-I"">
<div id=""56$309310-input--uid105-input"" class=""WA1X WD1X WK3X WL3X WPYX WC1X WE5 WB1X"" data-automation-id=""richTextEditor"" data-no-h=""true"" data-metadata-id=""56$309310"" data-uxi-widget-editable=""false"" data-uxi-form-item-child-list-index=""2"">
<div class=""GWTCKEditor-Disabled"">
<p>Having the best technology drives our business. As a Software Engineer at IMC, you will drive the development of our cutting-edge trading algorithms. You will be responsible for spotting new opportunities, solving problems and developing innovative technologies. Software development here is innovative, pragmatic and fun, even as complexity grows.</p>
<p>&nbsp;</p>
<p><strong class=""_13fp8yk6c dzswju0"">Your Core Responsibilities:&nbsp;</strong></p>
<ul>
<li>Build and maintain our trading platform and software stack</li>
<li>Bring our trading strategies and technology platform to the next level</li>
<li>Collaborate with Traders, Quant Researchers and other Engineers both locally and globally</li>
<li>Develop expertise within the entire software development lifecycle</li>
<li>Learn new technologies and programming languages in a dynamic environment</li>
</ul>
<p>&nbsp;</p>
<p><strong class=""_13fp8yk6c dzswju0"">Your Skills and Experience:&nbsp;</strong></p>
<ul>
<li>1-3 years of full-time professional work experience post-graduation</li>
<li>BA/BSc/MA/MSc in Engineering, Computer Science or related degree</li>
<li>Must have strong knowledge of algorithms and data structures</li>
<li>Proficiency in a programming language is required (Java or C++ preferred)</li>
<li>Strong analytical skills and interest in solving complex problems programmatically</li>
<li>Desire to interact and work closely with non-engineers in a dynamic environment</li>
<li>Interest in the financial markets; previous knowledge is NOT required</li>
</ul>
<p>The Base Salary range for the role is included below. Base salary is only one component of total compensation; all full-time, permanent positions are eligible for a discretionary bonus and benefits, including paid leave and insurance. Please visit <a class=""theme markdown__link"" href=""https://www.imc.com/us/careers/benefits"" target=""_blank"">Benefits - US | IMC Trading</a> for more comprehensive information.</p>
<p>Base Salary: $200,000</p>
<p>&nbsp;</p>
<p><span style=""color: rgb(221, 234, 255);"">#LI-DNP</span></p>
</div>
</div>
</div>
</div><div class=""content-conclusion""><p><strong>About Us</strong></p>
<p><em>IMC is a research-driven trading firm where quantitative modeling, machine learning, and engineering shape how modern markets are traded. A stabilizing force in markets since 1989, we provide liquidity across trading venues, delivering the best outcome in value and risk management to investors. Using our own technology and capital, we build proprietary systems and algorithms that operate across global markets. Our researchers, traders, and engineers work as a collective, combining rapid experimentation, advanced infrastructure, and real-time feedback to turn insight into execution and execution into advantage.</em></p>
<p>&nbsp;</p></div>",https://job-boards.eu.greenhouse.io/imc/jobs/4577504101,2026-09-24
IMC,Software Engineer Intern,"Amsterdam, Netherlands","<p>Our summer internship programme in Amsterdam is your chance to experience life as an engineer at IMC. As a Software Engineer Intern, you will go beyond writing code and designing technology: you’ll gain insight into algorithm complexity and data structures, get to know IMC’s unique business model, and build valuable connections with our trading and technology teams. Throughout the summer, you will work on a relevant project while receiving comprehensive support from dedicated internship trainers, and a one-on-one mentor to guide you in your work and professional development. You will benefit from a highly competitive compensation package, fully-furnished corporate accommodation, catered meals, and experience IMC’s collaborative culture as if you’re already a full-time employee. Where you go from here is up to you!</p>
<p>&nbsp;</p>
<p><strong>YOUR CORE RESPONSIBILITIES </strong></p>
<ul>
<li>Enhance your knowledge of algorithm complexity, data structures, and writing fluent code</li>
<li>Support the development of our trading platform and software stack</li>
<li>Gain experience across the entire software development lifecycle at IMC especially by collaborating with traders, researchers and hardware engineers</li>
<li>Be an integral part of your team by helping to identify, implement and validate changes to IMC’s trading algorithm and system</li>
<li>Enhance your coding skills by participating in individual and collaborative, competitive hackathons and technology challenges</li>
<li>Attend workshops, presentations, trainings, and social activities alongside the full internship cohort</li>
</ul>
<p>&nbsp;</p>
<p><strong>YOUR SKILLS AND EXPERIENCES </strong></p>
<ul>
<li>In your penultimate year of study in computer science, software engineering, or a related field graduating in 2028</li>
<li>Proficient experience in a programming language (Java or C++ preferred)</li>
<li>You thrive working in an environment where creativity, teamwork, and innovation are recognised and rewarded</li>
<li>You want to make an impact on meaningful and challenging projects</li>
<li>Outstanding analytical skills and a desire to solve complicated problems programmatically</li>
<li>Genuine interest in financial markets (no prior knowledge or experience is required)</li>
<li>Must be able to start the internship on June 28, 2027</li>
</ul>
<p>Please note:&nbsp;If you have already applied for this position during the current recruitment season and were not selected, you may reapply when the next recruitment season begins in Summer 2027. We encourage you to focus on enhancing your skillset before reapplying.&nbsp;<br><br>To be able to take part in IMC’s internship programme, you will need to obtain the required visa and/or permit to enter, stay and work in the Netherlands. Depending on your nationality and country of residence, obtaining the required entry visa may be subject to additional requirements, processing delays or other limitations. Please note that if you need a Schengen visa and are unable to obtain it before the start of the internship, you will be unable to take part in IMC’s internship programme. We greatly appreciate your understanding and hope to consider you for future opportunities.<br><br>If you have any questions regarding the above, please reach out via:&nbsp;<u><a href=""mailto:CampusEU@imc.com"">CampusEU@imc.com</a></u>.</p>
<p>&nbsp;</p>
<p>For more information on our technology interview process, please review our preparation guide <a href=""https://cdn.sanity.io/files/l1io23s3/production/cf48d9c14a5315785738597ea3dda644331bac99.pdf"">here</a>.&nbsp;</p><div class=""content-conclusion""><p><strong>About Us</strong></p>
<p><em>IMC is a research-driven trading firm where quantitative modeling, machine learning, and engineering shape how modern markets are traded. A stabilizing force in markets since 1989, we provide liquidity across trading venues, delivering the best outcome in value and risk management to investors. Using our own technology and capital, we build proprietary systems and algorithms that operate across global markets. Our researchers, traders, and engineers work as a collective, combining rapid experimentation, advanced infrastructure, and real-time feedback to turn insight into execution and execution into advantage.</em></p>
<p>&nbsp;</p></div>",https://job-boards.eu.greenhouse.io/imc/jobs/4667854101,2026-09-24
IMC,Software Engineer Intern 2027,"Hong Kong, Hong Kong","<p>At IMC, Software Engineers don’t just write code and design technology. They are responsible for spotting new opportunities, developing new technologies, and solving problems. Every day, our software makes millions of trading decisions in some of the most competitive markets across the globe, and we win by making smarter and faster decisions than our competition. Our Software Engineers deliver results and make a difference.</p>
<p>As a Software Engineer Intern at IMC, you will be supported by a mentor who will oversee your projects and professional development, while having access to pair programming and code reviews. During your internship, you will work on a real project, providing value to developers and traders.</p>
<p>This year in Hong Kong, you will join our <strong>Software Engineering – Strategy team</strong>. This team builds and supports the systems that drive our trading strategies — developing and implementing the logic that calculates pricing and risk, and building the tools and infrastructure for analysing, modelling, and trading financial products. You will be working in <strong>Java and Python</strong>, collaborating closely with engineers and traders on problems that matter to the business.</p>
<p>If your strongest language is C++, that’s not a barrier: as long as you’re a strong engineer who is comfortable working in Java or Python, we’d encourage you to apply.</p>
<h3><strong>WHAT YOU’LL DO:</strong></h3>
<ul>
<li>During the internship, you will work on solving real-world projects, write complex algorithms, and apply strong design practices and principles, with opportunities to learn from our strongest engineers and traders.</li>
<li>Work collaboratively in an environment where creativity, teamwork, and innovation are recognised and rewarded. Our flat structure fosters a culture of openness and collaboration, encouraging the sharing of ideas and knowledge.</li>
<li>Enhance your knowledge of high-frequency trading.</li>
<li>Build key relationships across our trading and technology teams.</li>
</ul>
<h3><strong>YOUR SKILLS AND EXPERIENCE:</strong></h3>
<ul>
<li>An academic background in Computer Science, Software Engineering, or Engineering, with a minimum Distinction average required; High Distinction preferred.</li>
<li>Have commenced your penultimate year of study.</li>
<li>Strong analytical skills and a passion for solving complicated problems programmatically.</li>
<li>Proficient in a programming language such as Java, Python, or C++. You should be comfortable working in Java or Python during the internship.</li>
<li>Demonstrated high impact across experiences, including scholarships, competitions, and internships.</li>
<li>Must be able to start the internship in May/June 2027.</li>
</ul><div class=""content-conclusion""><p><strong>About Us</strong></p>
<p><em>IMC is a research-driven trading firm where quantitative modeling, machine learning, and engineering shape how modern markets are traded. A stabilizing force in markets since 1989, we provide liquidity across trading venues, delivering the best outcome in value and risk management to investors. Using our own technology and capital, we build proprietary systems and algorithms that operate across global markets. Our researchers, traders, and engineers work as a collective, combining rapid experimentation, advanced infrastructure, and real-time feedback to turn insight into execution and execution into advantage.</em></p>
<p>&nbsp;</p></div>",https://job-boards.eu.greenhouse.io/imc/jobs/4941206101,2026-09-24
IMC,Software Engineer Intern - Summer 2027,"Chicago, United States","<p>Our 10-week internship is your chance to experience life as a Software Engineer at IMC. You’ll have the support you need to succeed: educational trainings and a mentor who will oversee your work and professional development. We provide a highly competitive compensation package with accommodations included. The bar for talent at IMC is high and interns who meet our performance expectations will have the opportunity to secure a graduate position at the end of the program.&nbsp; Where you go from here is up to you!</p>
<p><strong>Your Core Responsibilities:</strong></p>
<ul>
<li>Work on meaningful and challenging projects that have the potential to impact our business</li>
<li>Participate in classroom-based training covering an overview of financial markets, IMC technology and coding fundamentals</li>
<li>Build valuable connections with traders and technologists in an environment that rewards problem solving, innovation and teamwork</li>
<li>Engage in professional development sessions aimed at helping you envision your future at IMC</li>
<li>Attend a full schedule of events and social activities throughout the summer to get to know your cohort and IMCers</li>
</ul>
<p><strong>Your Skills and Experience:</strong></p>
<ul>
<li>Current university student graduating between September 2027 - July 2028 that is pursuing a Computer Science, Engineering, or a related technology degree</li>
<li>Strong knowledge of algorithms and data structures is required</li>
<li>Must have proficient experience in a programming language (Java or C++ preferred)</li>
<li>Strong analytical skills and interest in solving complex problems programmatically</li>
<li>Desire to collaborate with technical and non-technical teammates in a dynamic environment</li>
<li>Interest in the Financial Markets; previous knowledge is NOT required</li>
<li>Must be able to start internship on June 7, 2027</li>
</ul>
<p>You may submit one application per role each year.&nbsp; We strongly encourage you to focus on applying to a single role that best matches your skills and interests.&nbsp; Though you may apply to multiple roles, please note that each application will be evaluated based on the specific criteria established for that particular role. If you have already applied for this position during the current recruitment season and were not selected, you may reapply when the next recruitment season begins in 2027.</p>
<p>The Base Salary range for the role is included below. Base salary is only one component of total compensation; all full-time, permanent positions are eligible for a discretionary bonus and benefits, including paid leave and insurance. Please visit <a href=""https://www.imc.com/us/careers/benefits"">Benefits - US | IMC Trading</a> for more comprehensive information.</p>
<p>Base Salary: $200,000</p>
<p class=""xelementtoproof""><span style=""font-size: 8pt;""><span style=""color: rgb(221, 234, 255);"">#LI-DNP</span></span></p><div class=""content-conclusion""><p><strong>About Us</strong></p>
<p><em>IMC is a research-driven trading firm where quantitative modeling, machine learning, and engineering shape how modern markets are traded. A stabilizing force in markets since 1989, we provide liquidity across trading venues, delivering the best outcome in value and risk management to investors. Using our own technology and capital, we build proprietary systems and algorithms that operate across global markets. Our researchers, traders, and engineers work as a collective, combining rapid experimentation, advanced infrastructure, and real-time feedback to turn insight into execution and execution into advantage.</em></p>
<p>&nbsp;</p></div>",https://job-boards.eu.greenhouse.io/imc/jobs/4823924101,2026-09-24
IMC,Software Engineer - Java,"Mumbai, India","<p>We are seeking a driven Java engineer to join our global research platform team in Mumbai. The team builds and operates the compute and data platform that powers all of IMC's quantitative research: a large-scale Kubernetes-based research cluster, a distributed job scheduling platform used by every trading and research team, and the market-data and dataset services that feed research on it. Mumbai runs one of the platform's regional production deployments, and you'll collaborate closely with platform colleagues in Amsterdam, Chicago and Sydney.&nbsp;</p>
<p>&nbsp;</p>
<p><strong>Your Core Responsibilities:&nbsp;</strong></p>
<ul>
<li>Design, build and operate the Java backend of our distributed job scheduling platform: the job controller and state machine, scheduling integrations, resource and cost tracking, and the failure-recovery machinery that keeps research workloads running at scale</li>
<li>Develop gRPC/protobuf APIs consumed by Python, Java and C++ clients across the firm</li>
<li>Build event-driven services on Kafka for job lifecycle tracking, data lineage, and dataset orchestration</li>
<li>Work hands-on with Kubernetes at scale: pod scheduling, fair-share queueing, preemption and multi-cluster placement</li>
<li>
<div class=""ms-outlook-mobile-reference-message skipProofing"">Instrument, monitor and firefight production systems, and drive root-cause analysis of performance bottlenecks</div>
</li>
<li>
<div class=""ms-outlook-mobile-reference-message skipProofing"">Support and consult research users in the India office</div>
</li>
</ul>
<p><em>&nbsp;</em></p>
<p><strong>Your Skills and Experience:&nbsp;</strong></p>
<ul>
<li>3+ years of professional Java development experience (Java 17+, Maven/Gradle, strong grasp of concurrency and JVM performance)</li>
<li>
<div class=""ms-outlook-mobile-reference-message skipProofing"">2+ year of hands-on experience with Kubernetes and Docker (building on the K8s API is a strong plus)</div>
</li>
<li>
<div class=""ms-outlook-mobile-reference-message skipProofing"">Comfortable developing in Python; our client libraries and research users are Python-first, and you'll work on both sides of the API</div>
</li>
<li>Solid understanding of distributed systems fundamentals: state machines, retries/idempotency, event-driven architectures, consistency trade-offs</li>
<li>Experience with workload scheduling or batch/compute orchestration systems (e.g. Kubernetes schedulers, Slurm, YARN, Kueue, Ray, Airflow)</li>
<li>Experience with messaging/streaming systems such as Kafka</li>
<li>Working knowledge of NoSQL and time-series/SQL databases (e.g. MongoDB, PostgreSQL)</li>
<li>Experience with gRPC/protobuf or similar RPC frameworks is a plus</li>
<li>Strong Linux fundamentals and scripting (bash, Python)</li>
<li>Experience with monitoring stacks (Prometheus, Grafana, alerting) and comfort operating what you build</li>
<li>Demonstrated ability to troubleshoot across the stack from application code through Kubernetes to network and storage</li>
<li>Exposure to object storage (S3) or high-performance data formats (Parquet, Iceberg)</li>
</ul><div class=""content-conclusion""><p><strong>About Us</strong></p>
<p><em>IMC is a research-driven trading firm where quantitative modeling, machine learning, and engineering shape how modern markets are traded. A stabilizing force in markets since 1989, we provide liquidity across trading venues, delivering the best outcome in value and risk management to investors. Using our own technology and capital, we build proprietary systems and algorithms that operate across global markets. Our researchers, traders, and engineers work as a collective, combining rapid experimentation, advanced infrastructure, and real-time feedback to turn insight into execution and execution into advantage.</em></p>
<p>&nbsp;</p></div>",https://job-boards.eu.greenhouse.io/imc/jobs/4976994101,2026-09-24
IMC,Software Engineer - Machine Learning Frameworks,"Sydney,  Australia","<p>The Machine Learning Frameworks team exists for two reasons: making the research iteration loop as fast and frictionless as possible, and making production run as fast as the hardware allows. Both matter, and figuring out how to do both at once is most of what makes the work fun.</p>
<p>Concretely, we build optimisers, code generators, runtime libraries, and the orchestration layer that runs computation across heterogeneous hardware. The stack spans C++, Rust, Python, MLIR, and CUDA. You don't need to know all of these things but should want to work at this level of the stack.</p>
<p>The work is broad. Some of it is high-level, looking at the whole compute pipeline, orchestrating the system and creating a cohesive product. Some of it is in the details, getting into hardware behaviour, dissecting compute graphs, squeezing the last bit of performance out of the hot path. Our job is managing the whole stack, top to bottom.</p>
<p><strong>About you</strong></p>
<ul>
<li>You write production code in a systems language. C++ or Rust, or something close enough that picking them up isn't the hard part.&nbsp;The right tool matters more to you than your favourite one</li>
<li>You like understanding what a language compiles down to and how it runs on hardware.</li>
<li>You're comfortable being handed an unfamiliar part of the stack and working it out.</li>
<li>You like working with stakeholders and you’re good at figuring out what someone actually needs, not just what they asked for<br></li>
<li>You've done this commercially. You've owned something in production that other people relied on. Not necessarily big, but something you had to maintain, debug and live with long after you shipped it.</li>
</ul>
<p><strong>What you don't need</strong></p>
<p>A finance background. Exposure to every language we touch. We hire engineers who like to solve the problems our traders face - we'll teach you the context on the ground</p><div class=""content-conclusion""><p><strong>About Us</strong></p>
<p><em>IMC is a research-driven trading firm where quantitative modeling, machine learning, and engineering shape how modern markets are traded. A stabilizing force in markets since 1989, we provide liquidity across trading venues, delivering the best outcome in value and risk management to investors. Using our own technology and capital, we build proprietary systems and algorithms that operate across global markets. Our researchers, traders, and engineers work as a collective, combining rapid experimentation, advanced infrastructure, and real-time feedback to turn insight into execution and execution into advantage.</em></p>
<p>&nbsp;</p></div>",https://job-boards.eu.greenhouse.io/imc/jobs/4930380101,2026-09-24
IMC,Software Engineer - Research ,"Hong Kong, Hong Kong","<p>The Research Engineering team develops and deploys the pipelines connecting a research idea all the way to its rollout in production. We exist to ensure that the entire pipeline describing our research is efficient, effective, and scalable. People in our team are avid collaborators and work in tight feedback loops with our researchers. We talk through problems on desk, prepare solutions same day, and work out how to deploy safely for tomorrow.</p>
<p>The scope of the team covers anything that accelerates the path from research to production at massive scale. This could be designing our external data ingestion pipelines, writing our feature discovery and storage systems, building our model validators and experiment trackers, authoring and deploying a bespoke algorithm, or figuring out how to roll out something novel.</p>
<p>We use a broad toolkit including Python, C++ and internal domain-specific languages, and are happy to pick up new tools and languages as required.</p>
<p><strong>About you</strong></p>
<ul>
<li>You write production code in both Python and C++. You reach for the second one when it matters, and you know when it does.</li>
<li>You're naturally curious about how other teams' systems work, not just your own, and you often end up being the person who spots where things won't fit together before it becomes a problem.</li>
<li>You enjoy working on many projects at once, seeing connections and opportunities between them which others miss.</li>
<li>You’re motivated to solve issues with whatever tool is best, rather than a preference towards deep specialisation in one area.</li>
<li>You like working with research stakeholders across the business and you're good at figuring out what someone actually needs, not just what they asked for.</li>
<li>You've done this commercially. You've owned something in production that other people relied on. Not necessarily big, but something you had to maintain, debug and live with long after you shipped it</li>
</ul>
<p><strong>What you don’t need</strong></p>
<p>A finance background. Every language we touch. A particular set of years in any particular role. We hire engineers who like to solve the problems our traders face - we'll teach you the context on the ground.</p>
<p>&nbsp;</p><div class=""content-conclusion""><p><strong>About Us</strong></p>
<p><em>IMC is a research-driven trading firm where quantitative modeling, machine learning, and engineering shape how modern markets are traded. A stabilizing force in markets since 1989, we provide liquidity across trading venues, delivering the best outcome in value and risk management to investors. Using our own technology and capital, we build proprietary systems and algorithms that operate across global markets. Our researchers, traders, and engineers work as a collective, combining rapid experimentation, advanced infrastructure, and real-time feedback to turn insight into execution and execution into advantage.</em></p>
<p>&nbsp;</p></div>",https://job-boards.eu.greenhouse.io/imc/jobs/4930379101,2026-09-24
IMC,Software Engineer - Research ,"Sydney,  Australia","<p>The Research Engineering team develops and deploys the pipelines connecting a research idea all the way to its rollout in production. We exist to ensure that the entire pipeline describing our research is efficient, effective, and scalable. People in our team are avid collaborators and work in tight feedback loops with our researchers. We talk through problems on desk, prepare solutions same day, and work out how to deploy safely for tomorrow.</p>
<p>The scope of the team covers anything that accelerates the path from research to production at massive scale. This could be designing our external data ingestion pipelines, writing our feature discovery and storage systems, building our model validators and experiment trackers, authoring and deploying a bespoke algorithm, or figuring out how to roll out something novel.</p>
<p>We use a broad toolkit including Python, C++ and internal domain-specific languages, and are happy to pick up new tools and languages as required.</p>
<p><strong>About you</strong></p>
<ul>
<li>You write production code in both Python and C++. You reach for the second one when it matters, and you know when it does.</li>
<li>You're naturally curious about how other teams' systems work, not just your own, and you often end up being the person who spots where things won't fit together before it becomes a problem.</li>
<li>You enjoy working on many projects at once, seeing connections and opportunities between them which others miss.</li>
<li>You’re motivated to solve issues with whatever tool is best, rather than a preference towards deep specialisation in one area.</li>
<li>You like working with research stakeholders across the business and you're good at figuring out what someone actually needs, not just what they asked for.</li>
<li>You've done this commercially. You've owned something in production that other people relied on. Not necessarily big, but something you had to maintain, debug and live with long after you shipped it</li>
</ul>
<p><strong>What you don’t need</strong></p>
<p>A finance background. Every language we touch. We hire engineers who like to solve the problems our traders face - we'll teach you the context on the ground.</p>
<p>&nbsp;</p><div class=""content-conclusion""><p><strong>About Us</strong></p>
<p><em>IMC is a research-driven trading firm where quantitative modeling, machine learning, and engineering shape how modern markets are traded. A stabilizing force in markets since 1989, we provide liquidity across trading venues, delivering the best outcome in value and risk management to investors. Using our own technology and capital, we build proprietary systems and algorithms that operate across global markets. Our researchers, traders, and engineers work as a collective, combining rapid experimentation, advanced infrastructure, and real-time feedback to turn insight into execution and execution into advantage.</em></p>
<p>&nbsp;</p></div>",https://job-boards.eu.greenhouse.io/imc/jobs/4931815101,2026-09-24
IMC,Software Engineer - Risk Technology ,"Chicago, United States","<p>We are seeking a Software Engineer to help build the technology and analytical frameworks used to understand, measure, and optimize risk across the firm's trading businesses.</p>
<p>Working directly with Risk Managers and software engineers globally, you will develop systems that help the firm analyze exposures, scenarios, capital, liquidity, and other risk factors across all asset classes. You will have significant autonomy to improve existing platforms, build new tools, and pursue opportunities that make the risk organization more effective.</p>
<p>This role is ideal for someone who enjoys combining software engineering, data science, and financial markets to solve complex, high-impact problems.<br><br></p>
<p><strong>Your Core Responsibilities:&nbsp;</strong></p>
<ul>
<li>Design and build analytical tools that help Risk Managers understand portfolio exposures, stress scenarios, capital usage, and emerging risks</li>
<li>Build high-end dashboards and visualization tools for stakeholders globally.</li>
<li>Work with large data sets, data pipelines that support storage, retrieval, and analysis across the risk organization.</li>
<li>Partner directly with Risk Managers to identify opportunities and rapidly translate ideas into production systems while collaborating within the firm's global risk development organization.</li>
<li>Collaborate with engineering, trading, quantitative research, operations, and data teams across the firm</li>
<li>Take ownership of projects from concept through production deployment</li>
</ul>
<p><strong>Your Skills and Experience:&nbsp;</strong></p>
<ul>
<li>3–5+ years of professional software engineering experience</li>
<li>Strong development skills in Java and/or Python</li>
<li>Experience building and supporting production systems</li>
<li>Interest in financial markets, risk management, data science, and quantitative analysis</li>
<li>Strong analytical and problem-solving skills</li>
<li>Self-starter with a high degree of ownership and initiative</li>
<li>Distributed systems and service-oriented architectures</li>
<li>Kubernetes and containerized applications</li>
<li>React and modern web development</li>
<li>PostgreSQL, ClickHouse, and analytical databases</li>
<li>Parquet, Hadoop, and large-scale data platforms</li>
<li>Data pipelines, ETL frameworks, and APIs</li>
</ul><div class=""content-pay-transparency""><div class=""pay-input""><div class=""description""><p>The Base Salary range for the role is included below. Base salary is only one component of total compensation; all full-time, permanent positions are eligible for a discretionary bonus and benefits, including paid leave and insurance.&nbsp;Please visit <a href=""https://www.imc.com/us/careers/benefits"">Benefits - US | IMC Trading</a> for more comprehensive information.</p></div><div class=""title"">Salary Range</div><div class=""pay-range""><span>$175,000</span><span class=""divider"">&mdash;</span><span>$225,000 USD</span></div></div></div><div class=""content-conclusion""><p><strong>About Us</strong></p>
<p><em>IMC is a research-driven trading firm where quantitative modeling, machine learning, and engineering shape how modern markets are traded. A stabilizing force in markets since 1989, we provide liquidity across trading venues, delivering the best outcome in value and risk management to investors. Using our own technology and capital, we build proprietary systems and algorithms that operate across global markets. Our researchers, traders, and engineers work as a collective, combining rapid experimentation, advanced infrastructure, and real-time feedback to turn insight into execution and execution into advantage.</em></p>
<p>&nbsp;</p></div>",https://job-boards.eu.greenhouse.io/imc/jobs/4908708101,2026-09-24
IMC,Software Engineer - Tooling,"Hong Kong, Hong Kong","<p>The&nbsp;Live Trading, Analysis &amp; Tooling&nbsp;engineering team exists to make sure our traders and researchers have all the tools they need to run and analyse their trading at scale. We tackle both ends of scaling - we help traders maximise how many strategies they can trade, and help them analyse specific moments to find new opportunities. Our team sits close to the people who use what we build, with short iteration loops, fast feedback, and a lot of conversation.</p>
<p>The work is broad. We build tools that help traders orchestrate strategies across our full product range. We build infrastructure that makes large amounts of data quickly explorable. We model risk, analyse trades, and figure out where new opportunities might be.</p>
<p>Our toolkit is just as broad. Python, Java, React, SQL, any tool that solves the issue at hand.</p>
<p><strong>About you</strong></p>
<ul>
<li>You're energised by problems where the brief doesn't exist yet. Working out what to build is as much the job as building it</li>
<li>You can move between languages without it slowing you down. The right tool matters more to you than your favourite one</li>
<li>You like working with stakeholders across the business and you're good at figuring out what someone actually needs, not just what they asked for</li>
<li>You can pivot. You enjoy trying out new ideas quickly and scaling them once they’ve proven value - or throwing them out if they didn’t work</li>
</ul>
<p><strong>What you don't need</strong><br>A finance background. Experience in any particular language. A specific set of years in any particular role. We hire engineers who like to solve the problems our traders face - we'll teach you the context on the ground.</p>
<p>&nbsp;</p><div class=""content-conclusion""><p><strong>About Us</strong></p>
<p><em>IMC is a research-driven trading firm where quantitative modeling, machine learning, and engineering shape how modern markets are traded. A stabilizing force in markets since 1989, we provide liquidity across trading venues, delivering the best outcome in value and risk management to investors. Using our own technology and capital, we build proprietary systems and algorithms that operate across global markets. Our researchers, traders, and engineers work as a collective, combining rapid experimentation, advanced infrastructure, and real-time feedback to turn insight into execution and execution into advantage.</em></p>
<p>&nbsp;</p></div>",https://job-boards.eu.greenhouse.io/imc/jobs/4931814101,2026-09-24
IMC,Systematic Index Options Trader ,"Chicago, United States","<p>We are looking for an Index Options Low-Latency Execution Quantitative Trader to join our team. IMC's Index Options desk is one of the leading electronic liquidity providers in index options markets. Our execution team is responsible for getting IMC into the trades we want to participate in, across a range of mechanisms. Our ultra-low latency infrastructure is best-in-class, and because IMC is highly collaborative between traders, quant researchers, and developers, the scope of this role spans deep trade analysis, execution system improvement, and early ownership of a defined part of the strategy.</p>
<h2><span style=""font-size: 12pt;"">Your Core Responsibilities:</span></h2>
<ul>
<li>Drive revenue in low-latency index options trading by building upon and improving our electronic execution systems</li>
<li>Deliver high-quality analysis using a variety of datasets, including options pricing, trades data, and exchange feed</li>
<li>Dive into specific trade examples to understand the behavior of our systems and those of our competitors, identify anomalies, and quantify opportunities</li>
<li>Use backtesting and analysis tools to predict the impact of changes to our execution systems and continuously improve our performance</li>
<li>Work collaboratively with traders, quant researchers, and developers to bring ideas from inception to production</li>
<li>Take early ownership of a defined area of the strategy, for example a certain exchange or execution type, and grow into setting multi-month improvement plans</li>
</ul>
<h2><span style=""font-size: 12pt;"">Your Skills and Experience:</span></h2>
<ul>
<li>2+ years of experience in low-latency index options execution, including liquidity providing and taking</li>
<li>Strong understanding of exchange microstructure and how automated trading systems interact with exchanges</li>
<li>Entrepreneurial mindset with a competitive nature, strong ownership mentality, and a bias toward action</li>
<li>Ability to perform efficient analysis on large datasets in Python</li>
<li>Preference for relevant tertiary qualifications (graduate or post-graduate) in a quantitative field: mathematics, computer science, statistics, or similar, with strong academic results</li>
<li>Strong communicator, able to collaborate effectively across trading, research, and development teams</li>
</ul><div class=""content-pay-transparency""><div class=""pay-input""><div class=""description""><p>The Base Salary range for the role is included below. Base salary is only one component of total compensation; all full-time, permanent positions are eligible for a discretionary bonus and benefits, including paid leave and insurance.&nbsp;Please visit <a href=""https://www.imc.com/us/careers/benefits"">Benefits - US | IMC Trading</a> for more comprehensive information.</p></div><div class=""title"">Salary Range</div><div class=""pay-range""><span>$250,000</span><span class=""divider"">&mdash;</span><span>$250,000 USD</span></div></div></div><div class=""content-conclusion""><p><strong>About Us</strong></p>
<p><em>IMC is a research-driven trading firm where quantitative modeling, machine learning, and engineering shape how modern markets are traded. A stabilizing force in markets since 1989, we provide liquidity across trading venues, delivering the best outcome in value and risk management to investors. Using our own technology and capital, we build proprietary systems and algorithms that operate across global markets. Our researchers, traders, and engineers work as a collective, combining rapid experimentation, advanced infrastructure, and real-time feedback to turn insight into execution and execution into advantage.</em></p>
<p>&nbsp;</p></div>",https://job-boards.eu.greenhouse.io/imc/jobs/4861099101,2026-09-24
IMC,Systems Engineer - AI Safety and Tooling,"Sydney,  Australia","<p></p>
<p></p>
<p data-local-id=""598b020a92e3"" data-prosemirror-content-type=""node"" data-prosemirror-node-name=""paragraph"" data-prosemirror-node-block=""true"" data-pm-slice=""1 1 []"">The Development Platform organization at IMC Trading is focused on accelerating tech team workflows by providing self-service tools, services, documentation, and support. We design, build, and maintain the platforms that IMC's software development lifecycle depends on, establishing a consistent technical foundation across regions and empowering teams to innovate efficiently.</p>
<p></p>
<p data-local-id=""4ab4ae34b931"" data-prosemirror-content-type=""node"" data-prosemirror-node-name=""paragraph"" data-prosemirror-node-block=""true"" data-pm-slice=""1 1 []"">IMC is embedding agentic AI directly into the developer workflow for our production-critical systems. The Development Platform team operates the infrastructure that makes this possible: the environments where AI agents run, the integrations that connect them to our systems, and the safety and security controls that keep them reliable and auditable.</p>
<p data-local-id=""4ab4ae34b931"" data-prosemirror-content-type=""node"" data-prosemirror-node-name=""paragraph"" data-prosemirror-node-block=""true"" data-pm-slice=""1 1 []""></p>
<p data-local-id=""5c71fc28704b"" data-prosemirror-content-type=""node"" data-prosemirror-node-name=""paragraph"" data-prosemirror-node-block=""true"" data-pm-slice=""1 1 []"">We are seeking a versatile Systems Engineer to build and operate the infrastructure behind IMC's AI-powered engineering initiative. You will integrate AI SaaS offerings, run the containerization and virtualization layers that AI agents depend on, and harden the security of agents and the internal services they interact with. As AI adoption across our tech teams grows, so does the need for robust, secure, and observable infrastructure around it.</p>
<p data-local-id=""4ab4ae34b931"" data-prosemirror-content-type=""node"" data-prosemirror-node-name=""paragraph"" data-prosemirror-node-block=""true"" data-pm-slice=""1 1 []""></p>
<p data-local-id=""4ab4ae34b931"" data-prosemirror-content-type=""node"" data-prosemirror-node-name=""paragraph"" data-prosemirror-node-block=""true"" data-pm-slice=""1 1 []""></p>
<p data-local-id=""ab0013623661"" data-prosemirror-content-type=""node"" data-prosemirror-node-name=""paragraph"" data-prosemirror-node-block=""true"" data-pm-slice=""1 1 []"">Based in Sydney, you will be the local point of contact for our global AI platform and infrastructure teams, collaborating closely with them while supporting the development teams who consume these capabilities every day.</p>
<p data-local-id=""4ab4ae34b931"" data-prosemirror-content-type=""node"" data-prosemirror-node-name=""paragraph"" data-prosemirror-node-block=""true"" data-pm-slice=""1 1 []""></p>
<p></p>
<p><strong></strong></p>
<p><strong>Your Core Responsibilities:&nbsp;</strong></p>
<ul>
<li>Integrate, deploy, and operate AI SaaS offerings and self-hosted AI services, collaborating cross-functionally to deliver new tools and capabilities to our tech teams.</li>
<li>Design and maintain the containerization and virtualization environments in which AI agents, MCP servers, and supporting services run, ensuring they are isolated, reproducible, and scalable.</li>
<li>Drive security hardening of AI agents and the internal services exposed to them: secrets management, access controls, sandboxing, network policy, and auditability of agent actions.</li>
<li>Write and maintain code to extend, integrate, and automate the services we support, from API integrations to internal tooling and automation frameworks.</li>
<li>Build the telemetry, monitoring, and evaluation infrastructure needed to make AI-driven workflows reliable, observable, and safe to run against production-critical systems.</li>
<li>Partner with development teams to align platform capabilities with their evolving AI workflows, and act as the regional point of contact for global AI platform and infrastructure collaboration.</li>
<li>Diagnose and resolve incidents swiftly, working with regional peers in a 'follow the sun' model to guarantee continuous system availability.</li>
</ul>
<p><strong>Your Skills and Experience:&nbsp;</strong></p>
<ul>
<li>3+ years of work experience in a relevant role</li>
<li>Bachelor's Degree in Computer Engineering, Computer Science or equivalent</li>
<li>Strong programming experience in Python or Go; Shell scripting is a plus.</li>
<li>Strong knowledge of Linux/Unix Systems</li>
<li>Hands-on experience with containerization and virtualization technologies, including Kubernetes and Docker.</li>
<li>Experience integrating and operating third-party SaaS solutions, both on-premises and leveraging AWS cloud services.</li>
<li>Understanding of security principles and best practices, including secrets management, sandboxing, and compliance frameworks.</li>
<li>Experience designing disaster recovery plans, high availability (HA) configurations, and failover strategies.</li>
<li>Experience with CI/CD tools such as Jenkins, GitLab CI, or TeamCity, including the automation of build, test, and deployment processes.</li>
<li>Curiosity and eagerness to learn about AI/LLM application patterns, even if you haven't worked closely with them yet; exposure to agentic AI tools and workflows (e.g., coding agents, MCP servers) or model-serving and evaluation infrastructure is a plus.
<p data-local-id=""306e2c8502a2"" data-prosemirror-content-type=""node"" data-prosemirror-node-name=""paragraph"" data-prosemirror-node-block=""true"" data-pm-slice=""1 1 [&quot;bulletList&quot;,{&quot;localId&quot;:&quot;f2679f190f18&quot;},&quot;listItem&quot;,{&quot;localId&quot;:&quot;bf422d3b7215&quot;}]""></p>
<p data-local-id=""306e2c8502a2"" data-prosemirror-content-type=""node"" data-prosemirror-node-name=""paragraph"" data-prosemirror-node-block=""true"" data-pm-slice=""1 1 [&quot;bulletList&quot;,{&quot;localId&quot;:&quot;f2679f190f18&quot;},&quot;listItem&quot;,{&quot;localId&quot;:&quot;bf422d3b7215&quot;}]""></p>
</li>
</ul>
<p><strong></strong></p>
<p></p><div class=""content-conclusion""><p><strong>About Us</strong></p>
<p><em>IMC is a research-driven trading firm where quantitative modeling, machine learning, and engineering shape how modern markets are traded. A stabilizing force in markets since 1989, we provide liquidity across trading venues, delivering the best outcome in value and risk management to investors. Using our own technology and capital, we build proprietary systems and algorithms that operate across global markets. Our researchers, traders, and engineers work as a collective, combining rapid experimentation, advanced infrastructure, and real-time feedback to turn insight into execution and execution into advantage.</em></p>
<p>&nbsp;</p></div>",https://job-boards.eu.greenhouse.io/imc/jobs/4918139101,2026-09-24
IMC,Technical Product Manager,"Chicago, United States","<p><strong>Technical Product Manager </strong></p>
<p>IMC is building the next generation of trader facing tools, and we are looking for a Product Manager to help lead that effort. Technology sits at the heart of how we trade, and these applications are not support systems. They are the primary interface traders use all day, every day, to see the market, make decisions, and execute.</p>
<p>This role sits directly at the intersection of trading and engineering. You will help reimagine how our tools work from the ground up, shaping workflows, visualizations, and interactions where speed and clarity matter. In many cases, a single click or extra second can be the difference between capturing an opportunity or missing it. Your work will have immediate and measurable impact on trading performance.</p>
<p>You will play a central role in a major reinvestment in our trading platform, with real ownership, high visibility, and the chance to define how traders interact with the market at IMC for years to come.</p>
<p><strong>Your Core Responsibilities:</strong></p>
<ul>
<li>Partner closely with traders to understand daily workflows, decision making, and trading patterns</li>
<li>Work with engineering teams to design, build, and iterate on high performance GUIs</li>
<li>Translate trader insights and business needs into clear product goals, priorities, and requirements</li>
<li>Own initiatives end to end, from problem definition and scoping through delivery, iteration, and adoption with development teams</li>
<li>Obsess over workflow efficiency, recognizing that every click, keystroke, and visual element matters</li>
<li>Identify opportunities to share common patterns and tools across desks, but also decide when it makes sense to deviate</li>
<li>Communicate product direction, priorities, risks, and progress clearly to trading, engineering, and related teams</li>
<li>Surface dependencies and risks early, see them before they become blockers<strong> </strong></li>
</ul>
<p><strong>Your Skills and Experience:</strong></p>
<ul>
<li>Experience owning and driving complex products that are the central focus of a user’s daily work</li>
<li>Background in trading, financial markets, trading systems, or closely related domains is ideal but not required</li>
<li>Strong intuition for how users interact with tools under time pressure, and how design choices affect decision making</li>
<li>Enough technical depth to work effectively with engineers and reason about systems, data flows, and tradeoffs</li>
<li>Demonstrated ability to turn ambiguous problems into clear direction and execution</li>
<li>Clear and effective communicator across disciplines</li>
</ul><div class=""content-pay-transparency""><div class=""pay-input""><div class=""description""><p>The Base Salary range for the role is included below. Base salary is only one component of total compensation; all full-time, permanent positions are eligible for a discretionary bonus and benefits, including paid leave and insurance.&nbsp;Please visit <a href=""https://www.imc.com/us/careers/benefits"">Benefits - US | IMC Trading</a> for more comprehensive information.</p></div><div class=""title"">Salary Range</div><div class=""pay-range""><span>$200,000</span><span class=""divider"">&mdash;</span><span>$225,000 USD</span></div></div></div><div class=""content-conclusion""><p><strong>About Us</strong></p>
<p><em>IMC is a research-driven trading firm where quantitative modeling, machine learning, and engineering shape how modern markets are traded. A stabilizing force in markets since 1989, we provide liquidity across trading venues, delivering the best outcome in value and risk management to investors. Using our own technology and capital, we build proprietary systems and algorithms that operate across global markets. Our researchers, traders, and engineers work as a collective, combining rapid experimentation, advanced infrastructure, and real-time feedback to turn insight into execution and execution into advantage.</em></p>
<p>&nbsp;</p></div>",https://job-boards.eu.greenhouse.io/imc/jobs/4781389101,2026-09-24
IMC,Trade Operations Analyst,"Hong Kong, Hong Kong","<p>&nbsp;</p>
<p>We're looking for a motivated individual to join our APAC Middle Office team as a Trading Operations Analyst, supporting our systematic equities and ETF desks across APAC markets. This is a fast-paced, high-ownership role where you'll play a critical part in ensuring our traders can operate safely and efficiently throughout the trading day.</p>
<p><strong>Your Core Responsibilities:&nbsp;</strong></p>
<ul>
<li>Tracking and managing the full lifecycle of corporate actions (stock splits, bonus shares, changed tickers, acquisitions, spinoffs, bankruptcies, divests, fund mergers) and the associated position changes</li>
<li>Providing traders with a clear view of tradeable positions and outstanding issues before safe market entry</li>
<li>Working with prime brokers and clearers to correct reports, co-ordinating across multiple counterparties simultaneously</li>
<li>Reconciling P&amp;L and cash breaks, including swap-related and corporate action-driven breaks</li>
<li>Contributing to ETF P&amp;L analysis and refinement, including multi-currency complexity</li>
<li>Participating in the design and build of internal tooling to improve visibility of issues</li>
</ul>
<p><strong>Your Skills and Experience:&nbsp;</strong></p>
<ul>
<li>2-4 years’ experience in a Middle Office, Trade Support or Product Control role</li>
<li>Tertiary education in Finance, Economics, Commerce, or a related field</li>
<li>Strong attention to detail and comfort working under time pressure</li>
<li>Ability to manage multiple tasks simultaneously across different markets</li>
<li>A collaborative team player who communicates clearly and proactively</li>
<li>Experience with Python, SQL, VBA and Claude Code is preferred but not essential</li>
</ul><div class=""content-conclusion""><p><strong>About Us</strong></p>
<p><em>IMC is a research-driven trading firm where quantitative modeling, machine learning, and engineering shape how modern markets are traded. A stabilizing force in markets since 1989, we provide liquidity across trading venues, delivering the best outcome in value and risk management to investors. Using our own technology and capital, we build proprietary systems and algorithms that operate across global markets. Our researchers, traders, and engineers work as a collective, combining rapid experimentation, advanced infrastructure, and real-time feedback to turn insight into execution and execution into advantage.</em></p>
<p>&nbsp;</p></div>",https://job-boards.eu.greenhouse.io/imc/jobs/4951143101,2026-09-24
IMC,Trader Assistant (Working Student),"Amsterdam, Netherlands","<p>As a trader assistant, you’ll get a first-hand experience of what it’s like to work at IMC during your studies while adding&nbsp;value as an integral part of IMC’s trading team. It’s your chance to show us what you’re capable of, both&nbsp;analytically and as a teammate. You’ll be responsible for your own projects, with support from our skilled&nbsp;traders and engineers where needed. This is a unique opportunity to develop yourself professionally and&nbsp;to build that ‘can do’ mindset.</p>
<h4>YOUR CORE RESPONSIBILITIES</h4>
<ul>
<li>Support our trading teams by analysing data and building tools to make the trader’s life easier</li>
<li>Collaborate closely with IMC’s traders and engineers</li>
<li>Learn about the trading industry, what it is like to be trader and have the freedom to find your niche</li>
<li>Receive guidance from a dedicated mentor and the opportunity to build valuable connections with other full-time employees</li>
</ul>
<h4>YOUR SKILLS AND EXPERIENCES</h4>
<ul>
<li>In your penultimate year of study in mathematics, physics, econometrics, or a related quantitative field at a university in the Netherlands graduating in 2026 or 2027</li>
<li>Experience in Python is required</li>
<li>Outstanding analytical skills</li>
<li>A genuine interest in financial markets (no prior knowledge or experience is required)</li>
<li>Available to work part-time (20-hours per week) in the IMC Amsterdam office for at least 6-months</li>
</ul>
<p>&nbsp;</p>
<p>Please note: If you have already applied for a Trading position during the current recruitment season and were not selected, you may reapply when the next recruitment season begins in Summer 2027. We encourage you to focus on enhancing your skillset before reapplying.</p><div class=""content-conclusion""><p><strong>About Us</strong></p>
<p><em>IMC is a research-driven trading firm where quantitative modeling, machine learning, and engineering shape how modern markets are traded. A stabilizing force in markets since 1989, we provide liquidity across trading venues, delivering the best outcome in value and risk management to investors. Using our own technology and capital, we build proprietary systems and algorithms that operate across global markets. Our researchers, traders, and engineers work as a collective, combining rapid experimentation, advanced infrastructure, and real-time feedback to turn insight into execution and execution into advantage.</em></p>
<p>&nbsp;</p></div>",https://job-boards.eu.greenhouse.io/imc/jobs/4753890101,2026-09-24
IMC,Trader - Digital Assets,"Sydney,  Australia","<p>IMC has a strong presence in traditional finance and has been expanding its cryptocurrency trading activities over recent years. Through its global affiliates, IMC provides liquidity and trades across a broad range of cryptocurrency exchanges and DeFi protocols. <br>We are currently looking for a Crypto Trader to join us in Sydney office and provide APAC-hours coverage for our Crypto team in Zug. Working during normal Sydney business hours, you will take ownership of live trading activities while the Zug-based team is offline.<br>The role covers token market making, DeFi, and CeFi delta-one strategies. It is primarily focused on operating, monitoring, configuring, and managing the risk of automated trading strategies.</p>
<p><strong>Your Core Responsibilities:&nbsp;</strong></p>
<ul>
<li>Monitor live trading strategies, positions, exposures, and PnL during APAC hours.</li>
<li>Manage strategy configurations, trading parameters, limits, and operational controls.</li>
<li>Investigate urgent trading issues, unexpected strategy behaviour, and unusual PnL movements.</li>
<li>Take appropriate action during volatile markets, exchange incidents, or infrastructure disruptions.</li>
<li>Use Python and internal tools to analyse trades, execution quality, and strategy performance.</li>
<li>Support the rollout and scaling of strategies across new tokens, venues, and protocols.</li>
<li>Provide clear handovers between the Sydney and Zug teams.</li>
<li>Communicate with external parties to resolve issues and handle requests.</li>
</ul>
<p><strong>Your Skills and Experience:&nbsp;</strong></p>
<ul>
<li>A quantitative or technical background in Mathematics, Statistics, Physics, Computer Science, Engineering, Finance, or a related field.</li>
<li>Strong analytical and problem-solving skills.</li>
<li>Good judgement and attention to detail when working with live trading systems.</li>
<li>Ability to remain calm and make decisions during time-sensitive incidents.</li>
<li>Proficiency in Python for data analysis and trade investigations.</li>
<li>Strong communication skills and a collaborative mindset.</li>
</ul>
<p><strong>Good to Have:</strong></p>
<ul>
<li>Experience in electronic trading, market making, trading operations, or risk management.</li>
<li>Familiarity with cryptocurrency markets, including spot, perpetual futures, funding, and hedging.</li>
<li>Exposure to DeFi protocols or automated trading systems.</li>
<li>Familiarity with SQL, Linux, logs, and monitoring tools.</li>
</ul>
<p>Prior experience developing low-latency trading strategies is not required. However, candidates should be comfortable understanding quantitative strategies, investigating their behaviour, and working closely with the traders, researchers, and developers responsible for them.</p><div class=""content-conclusion""><p><strong>About Us</strong></p>
<p><em>IMC is a research-driven trading firm where quantitative modeling, machine learning, and engineering shape how modern markets are traded. A stabilizing force in markets since 1989, we provide liquidity across trading venues, delivering the best outcome in value and risk management to investors. Using our own technology and capital, we build proprietary systems and algorithms that operate across global markets. Our researchers, traders, and engineers work as a collective, combining rapid experimentation, advanced infrastructure, and real-time feedback to turn insight into execution and execution into advantage.</em></p>
<p>&nbsp;</p></div>",https://job-boards.eu.greenhouse.io/imc/jobs/4947297101,2026-09-24
IMC,Trader Intern,"Amsterdam, Netherlands","<p>Our summer internship programme in Amsterdam is your chance to experience life as a trader at IMC. As a Trader Intern, you will delve into the proprietary trading landscape during the first week of engaging and challenging classroom-based learning. You will have the opportunity hone your skills and apply what you’ve learned with a meaningful project and weekly trading challenges. Throughout the summer, you will receive comprehensive support from dedicated internship trainers, and mentors to guide you in your work and professional development. In our collaborative office environment, you will build a valuable network of IMC traders, researchers, analysts, and engineers. You will benefit from a highly competitive compensation package, fully-furnished corporate accommodation, catered meals, and experience IMC’s collaborative culture as if you’re already a full-time employee. Where you go from here is up to you!</p>
<p><strong>YOUR CORE RESPONSIBILTIES </strong></p>
<ul>
<li>Generate new trading strategies</li>
<li>Iterate current trading strategies</li>
<li>Work on tooling, functionality, and/or visibility for specific use cases</li>
<li>Hone your trading skills by working on a relevant project, shadowing different trading desks, and participating in competitive simulated trading sessions</li>
<li>Attend workshops, presentations, trainings, and social activities alongside the full internship cohort</li>
</ul>
<p><strong>YOUR SKILLS AND EXPERIENCES </strong></p>
<ul>
<li>In your penultimate year of study in mathematics, physics, econometrics, or a related quantitative field graduating in 2028</li>
<li>Experience in a programming language is a plus (e.g. Python, Matlab, or R)</li>
<li>You thrive working in an environment where creativity, teamwork, and innovation are recognised and rewarded</li>
<li>You want to make an impact on meaningful and challenging projects</li>
<li>Outstanding analytical skills</li>
<li>Genuine interest in financial markets (no prior knowledge or experience is required)</li>
<li>Must be able to start the internship on June 28, 2027</li>
</ul>
<p>Please note:&nbsp;If you have already applied for this position during the current recruitment season and were not selected, you may reapply when the next recruitment season begins in Summer 2027. We encourage you to focus on enhancing your skillset before reapplying.</p>
<p>To be able to take part in IMC’s internship programme, you will need to obtain the required visa and/or permit to enter, stay and work in the Netherlands. Depending on your nationality and country of residence, obtaining the required entry visa may be subject to additional requirements, processing delays or other limitations. Please note that if you need a Schengen visa and are unable to obtain it before the start of the internship, you will be unable to take part in IMC’s internship programme. We greatly appreciate your understanding and hope to consider you for future opportunities.</p>
<p>If you have any questions regarding the above, please reach out via: <a href=""mailto:CampusEU@imc.com"">CampusEU@imc.com</a>.</p><div class=""content-conclusion""><p><strong>About Us</strong></p>
<p><em>IMC is a research-driven trading firm where quantitative modeling, machine learning, and engineering shape how modern markets are traded. A stabilizing force in markets since 1989, we provide liquidity across trading venues, delivering the best outcome in value and risk management to investors. Using our own technology and capital, we build proprietary systems and algorithms that operate across global markets. Our researchers, traders, and engineers work as a collective, combining rapid experimentation, advanced infrastructure, and real-time feedback to turn insight into execution and execution into advantage.</em></p>
<p>&nbsp;</p></div>",https://job-boards.eu.greenhouse.io/imc/jobs/4939846101,2026-09-24
IMC,Trade Surveillance Analyst,"Mumbai, India","<p>Our India Compliance team works closely with our Trading and Technology teams to manage the regulatory risks of our trading activities in India. As a Surveillance Analyst at IMC, you will assist with our day-to-day surveillance operations, monitoring and review of Internal and exchange generated alerts.&nbsp; Your role will cover many different aspects of IMC’s compliance program, requiring you to work with people across all areas of the business. This role will report into Head of Compliance- India.<em>&nbsp;</em></p>
<p>&nbsp;</p>
<p><strong>Your Core Responsibilities:&nbsp;</strong></p>
<ul>
<li>Investigating and resolving trade surveillance alerts across market abuse typologies including spoofing, layering, ramping, marking the close, wash trading, and insider trading indicators.</li>
<li>Monitor and investigate market surveillance alerts and electronic communications to identify potential market abuse risks and provide recommendations to enhance pre- and post-trade controls (and our surveillance platforms).</li>
<li>Managing alert queues, ensuring timely investigation, escalation to Compliance Officer and closure of alerts</li>
<li>Regular review of parameters and calibrating surveillance alert parameters as new markets, strategies, and products come online</li>
<li>Record keeping and preparing reports for internal approvals and regulatory submissions.</li>
<li>Experience in designing or calibrating surveillance alerts from scratch.</li>
<li>Driving data analysis and reporting in support of broader compliance team needs.</li>
<li>Experience with Multi-class surveillance like &nbsp;equities , derivatives or commodities is preferred.</li>
<li>Collaborate with Compliance, Trading and Tech Teams.</li>
<li>Collaborate with internal developers and vendor teams.</li>
<li>Contribute to the design of alert specifications and maintain clear documentation</li>
<li>Communicating with regional compliance teams on global issues and projects.</li>
<li>Comfort working with large data sets</li>
<li>Working knowledge of SEBI and Exchange regulations</li>
<li>Experience with Excel-based data analysis (pivot tables, VLOOKUP/XLOOKUP, macros)</li>
<li>Promoting IMC’s Compliance culture, awareness of regulatory developments, and best practices within the business.</li>
</ul>
<p><em>&nbsp;</em></p>
<p><strong>Your Skills and Experience:&nbsp;</strong></p>
<ul>
<li>2 to 4 years of experience in financial markets surveillance in India at a Trading Firm, Broker, Regulator, Exchange, or similar role.</li>
<li>Degree qualified in Finance, Business, Law, or a related discipline.</li>
<li>Experience in trade surveillance and market abuse detection is essential, with a strong preference for candidates who have investigated alerts involving manipulative practices such as spoofing, layering, ramping or wash trading.</li>
<li><strong> </strong>Familiarity with trade surveillance systems, whether in-house tools or third-party platforms (such as OneTick, SMARTS, NICE Actimize, Trading Technologies or First Derivatives) is highly regarded<strong>.</strong></li>
<li>Understanding of proprietary trading and market making business models is an advantage.</li>
<li>Strong verbal and written communication skills</li>
<li>Strong attention to detail and analytical/ problem solving skills.</li>
<li>Strong interpersonal, organisational, and time management skills.</li>
<li>Ability to work both independently and in teams.</li>
<li>Ability to communicate complex ideas or concepts clearly.</li>
<li>Willing to learn and take responsibility for required tasks and projects.</li>
</ul><div class=""content-conclusion""><p><strong>About Us</strong></p>
<p><em>IMC is a research-driven trading firm where quantitative modeling, machine learning, and engineering shape how modern markets are traded. A stabilizing force in markets since 1989, we provide liquidity across trading venues, delivering the best outcome in value and risk management to investors. Using our own technology and capital, we build proprietary systems and algorithms that operate across global markets. Our researchers, traders, and engineers work as a collective, combining rapid experimentation, advanced infrastructure, and real-time feedback to turn insight into execution and execution into advantage.</em></p>
<p>&nbsp;</p></div>",https://job-boards.eu.greenhouse.io/imc/jobs/4939421101,2026-09-24
IMC,Trading Engineer,"Aarhus, Central Denmark Region, Denmark","<p>At IMC, technology is not a department; it’s at the heart of everything we do. Developed in-house, our innovative software makes millions of trading decisions daily, and we win by making better and faster decisions than our competition.</p>
<p>Our Trading Engineering team plays a critical role at the heart of our complex environment. Making sure that we can release daily in a safe and controlled manner is a vital responsibility, as well as ensuring high availability, stability and performance. The team works closely with traders and a wide range of technologists such as developers, systems engineers, network engineers and performance engineers in a diverse technical landscape. One where many components interface and manage a high-volume data flow over a low-latency infrastructure to execute our trading strategies.</p>
<p><strong>Your Core Responsibilities:&nbsp;</strong></p>
<ul>
<li>Troubleshooting and providing quick response to production issues but more importantly solving the root cause of problems in a structural way</li>
<li>Helping eliminate downtime using the latest open source technologies, translating trading requests into concrete technical requirements, and working with focus teams to create and implement new sustainable solutions.</li>
<li>Coordinate, prioritise and plan the changes to our trading software to ensure smooth exchange migrations and quick time to market for new features and software.</li>
<li>Working closely with traders and quantitative researchers and a wide range of technologists such as developers, systems engineers, network engineers and performance engineers in a diverse technical landscape. One where many components interface and manage a high-volume data flow over a low-latency infrastructure to execute our trading strategies.</li>
</ul>
<p><strong>Your Skills and Experience:&nbsp;</strong></p>
<ul>
<li>2+ years of experience as an SRE or System Engineer or DevOps Engineer or MLOps Engineer</li>
<li>Python and Bash scripting skills</li>
<li>Experience with Kubernetes</li>
<li>Solid understanding of the Linux Operating System</li>
<li>Experience with building and maintaining Machine Learning pipelines is a plus</li>
<li>Experience with database querying</li>
<li>Basic understanding of TCP/IP protocols</li>
<li>A knack for troubleshooting</li>
<li>Strong interpersonal and communication skills</li>
<li>A proactive attitude and a strong drive to learn and develop yourself</li>
</ul><div class=""content-conclusion""><p><strong>About Us</strong></p>
<p><em>IMC is a research-driven trading firm where quantitative modeling, machine learning, and engineering shape how modern markets are traded. A stabilizing force in markets since 1989, we provide liquidity across trading venues, delivering the best outcome in value and risk management to investors. Using our own technology and capital, we build proprietary systems and algorithms that operate across global markets. Our researchers, traders, and engineers work as a collective, combining rapid experimentation, advanced infrastructure, and real-time feedback to turn insight into execution and execution into advantage.</em></p>
<p>&nbsp;</p></div>",https://job-boards.eu.greenhouse.io/imc/jobs/4899716101,2026-09-24
IMC,Trading Engineer - Execution,"Chicago, United States","<p>We are looking for a multi-talented and passionate Trading Systems Engineer to join our execution development team.&nbsp;In this role, you will take ownership of systems that sit directly in the critical path of live trading, handling everything from hardware and network connectivity to application performance and exchange interactions.&nbsp;This is not a pure support role — and it’s not purely project-based engineering either. It’s intentionally both. You will split your time between:</p>
<ul>
<li><strong>Operational support of live trading systems</strong>, ensuring stability and rapid resolution of production issues.&nbsp; This portion of the role is fast-paced, highly visible and requires strong troubleshooting instincts, clear communication, and the ability to remain calm under pressure.&nbsp; If you enjoy solving real-time problems and seeing immediate impact from your work, this is for you.</li>
<li><strong>Project-based engineering work</strong>, improving the reliability, performance, and automation of those same systems.&nbsp; The goal is simple: fewer incidents, faster recovery, more proactive monitoring, and stronger systems over time. We believe production ownership and engineering improvement go hand in hand — the best way to improve a system is to deeply understand how it behaves under real-world pressure.</li>
</ul>
<p>Our execution systems are fundamental to our success and require dedicated ownership to ensure continuity throughout the trading day. You will play a key role in both optimizing today’s trading and building a continuously better platform for tomorrow.</p>
<p><strong>Your Core Responsibilities:</strong></p>
<ul>
<li>Participate in structured support rotations to provide real-time coverage for critical execution systems</li>
<li>Ensure continuity of trading operations, prioritizing and resolving system issues with urgency and composure</li>
<li>Diagnose novel production incidents, often coordinating across trading, development, infrastructure, and external exchanges</li>
<li>Monitor system performance and proactively identify risks before they impact trading</li>
<li>Build automation tools for system orchestration and operational efficiency</li>
<li>Eliminate recurring issues through root cause analysis and durable fixes</li>
<li>Partner with technology and trading teams to refine and deploy system architecture</li>
<li>Enhance monitoring, observability, and resiliency</li>
<li>Support and optimize core market connectivity</li>
</ul>
<p><strong>Your Skills and Experience:</strong></p>
<ul>
<li>Passion for problem solving and new technologies.</li>
<li>2-5+ years of experience in Site Reliability Engineering, Systems Integration, Production Engineering, or a related role in a heavily on-prem environment</li>
<li>2-5+ years of hands-on experience with Linux operating systems, network configuration, and server management</li>
<li>Strong understanding of network fundamentals, including routing protocols, TCP/UDP, multicast, network offload, and kernel bypass technology</li>
<li>Proficiency in Python and Bash</li>
<li>Demonstrated curiosity and hands-on experimentation with technology—whether through personal projects, home labs, open source contributions, or deep-dive exploration of operating systems and networking</li>
<li>Bachelor’s degree in Computer Science, Information Technology, or related engineering discipline (or equivalent practical experience)</li>
</ul><div class=""content-pay-transparency""><div class=""pay-input""><div class=""description""><p>The Base Salary range for the role is included below. Base salary is only one component of total compensation; all full-time, permanent positions are eligible for a discretionary bonus and benefits, including paid leave and insurance.&nbsp;Please visit <a href=""https://www.imc.com/us/careers/benefits"">Benefits - US | IMC Trading</a> for more comprehensive information.</p></div><div class=""title"">Salary Range</div><div class=""pay-range""><span>$175,000</span><span class=""divider"">&mdash;</span><span>$225,000 USD</span></div></div></div><div class=""content-conclusion""><p><strong>About Us</strong></p>
<p><em>IMC is a research-driven trading firm where quantitative modeling, machine learning, and engineering shape how modern markets are traded. A stabilizing force in markets since 1989, we provide liquidity across trading venues, delivering the best outcome in value and risk management to investors. Using our own technology and capital, we build proprietary systems and algorithms that operate across global markets. Our researchers, traders, and engineers work as a collective, combining rapid experimentation, advanced infrastructure, and real-time feedback to turn insight into execution and execution into advantage.</em></p>
<p>&nbsp;</p></div>",https://job-boards.eu.greenhouse.io/imc/jobs/4704856101,2026-09-24
IMC,Trading Engineer - Strategy,"Chicago, United States","<p>We’re looking for a hands-on, entrepreneurial Trading Engineer to join our Strategy Development team. This role sits at the heart of IMC’s trading operation, where technology, data, and market strategy meet. You’ll own systems that power our trading strategies, build automations that make us faster and smarter, and keep our trading running smoothly under pressure.</p>
<p>This is an ideal opportunity for someone with an SRE or operations engineering background who wants to get closer to the action, where milliseconds matter and creativity drives impact.</p>
<p><strong>Your Core Responsibilities:&nbsp;</strong></p>
<ul>
<li>Be on the front lines of trading: Monitor system health and performance in real time, respond to market-driven incidents, and ensure our systems stay up and fast during trading hours. Dive deep into distributed architectures to identify root causes and prevent recurrences.</li>
<li>Engineer away the pain: Build tools and automations that eliminate manual processes, scale our reliability, and free time for innovation.</li>
<li>Collaborate across disciplines: Partner with traders, quants, and developers to deliver high-impact improvements to our trading stack.</li>
<li>Continuously improve: Challenge existing processes, propose creative solutions, and drive reliability and performance through engineering excellence.</li>
</ul>
<p><strong>Your Skills &amp; Experience:&nbsp;</strong></p>
<ul>
<li>Bachelor’s degree in Computer Science, Information Technology, or related field</li>
<li>3+ years in site reliability, systems engineering, or technical operations, ideally supporting high-performance or real-time systems</li>
<li>A software-development mindset applied to automating operational problems (Python required)</li>
<li>Hands-on experience managing production Linux and Kubernetes environments</li>
<li>Familiarity with Prometheus, SQL/MongoDB, InfluxDB, Kafka, or similar technologies</li>
<li>A proactive, problem-solving mindset. We are looking for someone who thrives under pressure and enjoys learning new systems quickly</li>
<li>Excellent communication skills and a collaborative spirit</li>
</ul>
<p><span style=""color: rgb(221, 234, 255);"">#LI-DNP</span></p><div class=""content-pay-transparency""><div class=""pay-input""><div class=""description""><p>The Base Salary range for the role is included below. Base salary is only one component of total compensation; all full-time, permanent positions are eligible for a discretionary bonus and benefits, including paid leave and insurance.&nbsp;Please visit <a href=""https://www.imc.com/us/careers/benefits"">Benefits - US | IMC Trading</a> for more comprehensive information.</p></div><div class=""title"">Salary Range</div><div class=""pay-range""><span>$175,000</span><span class=""divider"">&mdash;</span><span>$225,000 USD</span></div></div></div><div class=""content-conclusion""><p><strong>About Us</strong></p>
<p><em>IMC is a research-driven trading firm where quantitative modeling, machine learning, and engineering shape how modern markets are traded. A stabilizing force in markets since 1989, we provide liquidity across trading venues, delivering the best outcome in value and risk management to investors. Using our own technology and capital, we build proprietary systems and algorithms that operate across global markets. Our researchers, traders, and engineers work as a collective, combining rapid experimentation, advanced infrastructure, and real-time feedback to turn insight into execution and execution into advantage.</em></p>
<p>&nbsp;</p></div>",https://job-boards.eu.greenhouse.io/imc/jobs/4439286101,2026-09-24
IMC,US Equities COO,"New York, United States","<p>As we build and scale our US Equities desk in New York we are seeking an Equities Desk COO. This role will serve as the right hand to the Equities Desk Head, ensuring the desk operates efficiently, communicates effectively, and stays focused on both short- and long-term goals. This is a high-visibility, high-impact role that sits at the intersection of trading, strategy, operations, and people — acting as a force multiplier for the Desk Head and ensuring the desk’s most critical priorities move forward with speed and clarity.</p>
<p><br>This role focuses on driving strategic execution, managing the desk’s operating rhythm, and strengthening team culture and cross-functional coordination. You will apply structured problem-solving to complex business challenges, lead high-priority initiatives, and represent the desk across internal and external stakeholders. The position provides meaningful ownership and broad organizational impact from day one. Compensation is competitive and aligned with individual contribution.</p>
<p><br><strong>Your Core Responsibilities:</strong></p>
<ul>
<li>Serve as a trusted partner to the Desk Head, driving the desk’s highest-priority initiatives and ensuring alignment across trading, technology, risk, and business support teams.</li>
<li>Apply structured problem-solving to evaluate opportunities, assess risks, and drive data-informed solutions in close collaboration with desk and firm leadership.</li>
<li>Lead or contribute to high-priority projects such as product expansions, business planning cycles, and operational improvement programs.</li>
<li>Own goal tracking and milestones, ensuring communication processes are completed as goals are achieved or priorities shift.</li>
<li>Build and apply substantive knowledge of market structure, competitive dynamics, and regulatory developments to shape the desk’s strategic priorities.</li>
<li>Own the operating rhythm of the desk — meetings, goal tracking, and cross-functional workstreams — and continuously identify opportunities to improve efficiency, communication, and scalability.</li>
<li>Represent desk leadership within and outside of the team through high-quality communication.</li>
</ul>
<p><br><strong>Your Skills and Experience:</strong></p>
<ul>
<li>5+ years of experience in roles requiring strong stakeholder management, cross-functional execution, and structured problem-solving.</li>
<li>Management consulting experience at a top-tier firm.</li>
<li>Strong STEM background strongly preferred (Physics, Math, Econometrics, or equivalent).</li>
<li>Corporate strategy or operational experience at a financial services or technology firm is a plus.</li>
<li>Exceptionally high emotional intelligence: self-aware, adaptable, and effective at building trust and navigating complex interpersonal dynamics across all levels of the organization.</li>
<li>Demonstrated ability to take ownership and deliver results in unstructured and ambiguous environments.</li>
<li>Outstanding written and verbal communication skills, including the ability to craft compelling narratives and tailor messaging to different audiences.</li>
<li>Equities or broader financial markets experience is a plus but not a prerequisite — intellectual curiosity and the ability to ramp up quickly matter more.</li>
</ul>
<p>Please note that immigration sponsorship is not offered for this specific opening.</p>
<p>&nbsp;</p><div class=""content-pay-transparency""><div class=""pay-input""><div class=""description""><p>The Base Salary range for the role is included below. Base salary is only one component of total compensation; all full-time, permanent positions are eligible for a discretionary bonus and benefits, including paid leave and insurance.&nbsp;Please visit <a href=""https://www.imc.com/us/careers/benefits"">Benefits - US | IMC Trading</a> for more comprehensive information.</p></div><div class=""title"">Salary Range</div><div class=""pay-range""><span>$240,000</span><span class=""divider"">&mdash;</span><span>$275,000 USD</span></div></div></div><div class=""content-conclusion""><p><strong>About Us</strong></p>
<p><em>IMC is a research-driven trading firm where quantitative modeling, machine learning, and engineering shape how modern markets are traded. A stabilizing force in markets since 1989, we provide liquidity across trading venues, delivering the best outcome in value and risk management to investors. Using our own technology and capital, we build proprietary systems and algorithms that operate across global markets. Our researchers, traders, and engineers work as a collective, combining rapid experimentation, advanced infrastructure, and real-time feedback to turn insight into execution and execution into advantage.</em></p>
<p>&nbsp;</p></div>",https://job-boards.eu.greenhouse.io/imc/jobs/4847191101,2026-09-24
IMC,US PhD Talent Community,"Chicago, United States; New York, United States","<p>IMC could be the next step in your research journey! Please complete the below form to stay in touch about relevant opportunities like internships and fellowships for PhD talent.</p><div class=""content-conclusion""><p><strong>About Us</strong></p>
<p><em>IMC is a research-driven trading firm where quantitative modeling, machine learning, and engineering shape how modern markets are traded. A stabilizing force in markets since 1989, we provide liquidity across trading venues, delivering the best outcome in value and risk management to investors. Using our own technology and capital, we build proprietary systems and algorithms that operate across global markets. Our researchers, traders, and engineers work as a collective, combining rapid experimentation, advanced infrastructure, and real-time feedback to turn insight into execution and execution into advantage.</em></p>
<p>&nbsp;</p></div>",https://job-boards.eu.greenhouse.io/imc/jobs/4817125101,2026-09-24
IMC,Working Student - Tech,"Aarhus, Central Denmark Region, Denmark","<p>As a Tech Working Student at IMC, you’ll gain first-hand experience of what it’s like to work in a leading global trading firm while adding real value to our local team. This is your opportunity to develop analytical, technical, and business skills in a high-performance environment where innovation and collaboration go hand in hand.</p>
<p>You’ll take ownership of your own projects and work closely with some of the best minds in trading and quantitative research. Whether your interests lie in markets, data, or strategy, you’ll have the chance to explore your niche and make an impact.</p>
<p>&nbsp;</p>
<p><strong>Your Core Responsibilities</strong></p>
<ul>
<li>Design and build high-performance technology that supports energy trading</li>
<li>Work on the full software development lifecycle, from idea to deployment</li>
<li>Develop real-time pricing and trading systems, exchange connectivity, and analytics tools</li>
<li>Collaborate closely with traders, researchers, and other engineers</li>
<li>Be part of a new local team in Aarhus and shape its growth and culture</li>
</ul>
<p>&nbsp;</p>
<p><strong>What You’ll Bring</strong></p>
<ul>
<li>Strong programming skills in C++ or Java</li>
<li>Solid understanding of algorithms and data structures</li>
<li>Excellent analytical and problem-solving skills</li>
<li>A genuine interest in financial markets (no prior knowledge required)</li>
<li>Full professional fluency in English</li>
<li>Commitment to working a minimum of 20 hours per week</li>
<li>You’re excited by the opportunity to shape a new business and build innovative systems from the ground up</li>
</ul>
<p>&nbsp;</p>
<p>For more information on our technology interview process, please review our preparation guide&nbsp;<a href=""https://cdn.sanity.io/files/l1io23s3/production/cf48d9c14a5315785738597ea3dda644331bac99.pdf"">here</a>.&nbsp;</p><div class=""content-conclusion""><p><strong>About Us</strong></p>
<p><em>IMC is a research-driven trading firm where quantitative modeling, machine learning, and engineering shape how modern markets are traded. A stabilizing force in markets since 1989, we provide liquidity across trading venues, delivering the best outcome in value and risk management to investors. Using our own technology and capital, we build proprietary systems and algorithms that operate across global markets. Our researchers, traders, and engineers work as a collective, combining rapid experimentation, advanced infrastructure, and real-time feedback to turn insight into execution and execution into advantage.</em></p>
<p>&nbsp;</p></div>",https://job-boards.eu.greenhouse.io/imc/jobs/4685421101,2026-09-24
